"3125574","Win2008R2_16_04B_rollup_KB"," ","0","07-May-2016","LDR","3125574","Convenience roll-up update for Windows 7 SP1 and Windows Server 2008 R2 SP1","http://support.microsoft.com/kb/3125574","No LDR Only available","No LDR Only available","No LDR Only available"," ","No Rollup"
"4490628","Win2008R2_19_03_SSU_KB"," ","0","12-Mar-2020","LDR","4490628","Servicing stack update for Windows 7 SP1 and Windows Server 2008 R2 SP1: March 12, 2019","http://support.microsoft.com/kb/4490628","No LDR Only available","No LDR Only available","No LDR Only available"," ","No Rollup"
"4474419","Win2008R2_19_09_SHA_KB"," ","0","23-Sep-2019","LDR","4474419","SHA-2 code signing support update for Windows Server 2008 R2, Windows 7, and Windows Server 2008: September 23, 2019","http://support.microsoft.com/kb/4474419","No LDR Only available","No LDR Only available","No LDR Only available"," ","No Rollup"
"4534310","Win2008R2_20-01_B_last-non-ESU"," ","0","14-Jan-2020","GDR","4534310 (v1.0)","January 14, 2020-KB4534310 (Monthly Rollup)","http://support.microsoft.com/kb/4534310","No LDR Only available","No LDR Only available","No LDR Only available"," ","20-01Rollup"
"4592510","Win2008R2_20_12_SSU_KB"," ","0","08-Dec-2020","LDR","4592510","Servicing stack update for Windows 7 SP1 and Server 2008 R2 SP1: December 8, 2020","http://support.microsoft.com/kb/4592510","No LDR Only available","No LDR Only available","No LDR Only available"," ","No Rollup"
"4538483","Win2008R2_20_02_ESU_KB"," ","0","11-Feb-2020","LDR","4538483","Extended Security Updates (ESU) Licensing Preparation Package for Windows 7 SP1 and Windows Server 2008 R2 SP1","http://support.microsoft.com/kb/4538483","No LDR Only available","No LDR Only available","No LDR Only available"," ","No Rollup"
"4575903","Win2008R2_21_02_ESU_KB"," ","0","09-Feb-2021","LDR","4575903","Update for the Extended Security Updates (ESU) Licensing Preparation Package for Windows 7 SP1 and Windows Server 2008 R2 SP1","http://support.microsoft.com/kb/4575903","No LDR Only available","No LDR Only available","No LDR Only available"," ","No Rollup"
"5010451","Win2008R2_22_02_SSU_KB"," ","0","08-Feb-2022","LDR","5010451","KB5010451: Servicing stack update for Windows 7 SP1 and Server 2008 R2 SP1: February 8, 2022","http://support.microsoft.com/kb/5010451","No LDR Only available","No LDR Only available","No LDR Only available"," ","No Rollup"
"5022872","Win2008R2_23-02_B_rollup_KB"," ","0","14-Feb-2023","GDR","5022872","February 14, 2023-KB5022872 (Monthly Rollup)","http://support.microsoft.com/kb/5022872","No LDR Only available","No LDR Only available","No LDR Only available"," ","23-02Rollup"
