"Binary","Component","Version","Prio","Published","Branch","Article","Title","Link","LDROnlyKB","LDROnlyTitle","LDROnlyLink","Comment","RollupInfo"
"Ntoskrnl.exe","Core_Kernel","6.2.17763.4010","0","03-Feb-2023","GDR","5022840","February 14, 2023-KB5022840 (OS Build 17763.4010)","http://support.microsoft.com/kb/5022840","No LDR Only available","No LDR Only available","No LDR Only available"," ","23-02Rollup"
"Ntkrnlpa.exe","Core_Kernel","6.2.17763.1","0","","RTM","5022840","","","","","","",""
"Crashdmp.sys","Core_Kernel","6.2.17763.771","0","12-Sep-2019","GDR","5022840","February 14, 2023-KB5022840 (OS Build 17763.4010)","http://support.microsoft.com/kb/5022840","No LDR Only available","No LDR Only available","No LDR Only available"," ","23-02Rollup"
"Ntdll.dll","Core_Kernel","6.2.17763.3887","0","05-Jan-2023","GDR","5022840","February 14, 2023-KB5022840 (OS Build 17763.4010)","http://support.microsoft.com/kb/5022840","No LDR Only available","No LDR Only available","No LDR Only available"," ","23-02Rollup"
"Hal.dll","Core_Kernel","6.2.17763.3650","0","13-Dec-2022","GDR","5022286","January 10, 2023-KB5022286 (OS Build 17763.3887)","http://support.microsoft.com/kb/5022286","No LDR Only available","No LDR Only available","No LDR Only available","rEX","23-02Rollup"
"Fltmgr.sys","Core_Kernel","6.2.17763.2510","0","18-Jan-2022","GDR","5022840","February 14, 2023-KB5022840 (OS Build 17763.4010)","http://support.microsoft.com/kb/5022840","No LDR Only available","No LDR Only available","No LDR Only available"," ","23-02Rollup"
"win32k.sys","Core_Kernel","6.2.17763.557","0","17-Oct-2022","GDR","5022286","January 10, 2023-KB5022286 (OS Build 17763.3887)","http://support.microsoft.com/kb/5022286","No LDR Only available","No LDR Only available","No LDR Only available","rEX","23-02Rollup"
"Ntfs.sys","Core_FileSystem","6.2.17763.3532","0","11-Oct-2022","GDR","5022286","January 10, 2023-KB5022286 (OS Build 17763.3887)","http://support.microsoft.com/kb/5022286","No LDR Only available","No LDR Only available","No LDR Only available","rEX","23-02Rollup"
"dedup.sys","Core_FileSystem","6.2.17763.3650","0","03-Nov-2022","GDR","5022840","February 14, 2023-KB5022840 (OS Build 17763.4010)","http://support.microsoft.com/kb/5022840","No LDR Only available","No LDR Only available","No LDR Only available"," ","23-02Rollup"
"Msiscsi.sys","Core_DiskSystem","6.2.17763.1728","0","09-Jan-2021","GDR","5022840","February 14, 2023-KB5022840 (OS Build 17763.4010)","http://support.microsoft.com/kb/5022840","No LDR Only available","No LDR Only available","No LDR Only available"," ","23-02Rollup"
"Iscsitgt.dll","Core_DiskSystem","6.2.17763.1697","0","07-Jan-2021","GDR","5022840","February 14, 2023-KB5022840 (OS Build 17763.4010)","http://support.microsoft.com/kb/5022840","No LDR Only available","No LDR Only available","No LDR Only available"," ","23-02Rollup"
"Storport.sys","Core_DiskSystem","6.2.17763.3469","0","08-Sep-2022","GDR","5022840","February 14, 2023-KB5022840 (OS Build 17763.4010)","http://support.microsoft.com/kb/5022840","No LDR Only available","No LDR Only available","No LDR Only available"," ","23-02Rollup"
"Repdrvfs.dll","Core_WMI","6.2.17763.2989","0","14-May-2022","GDR","5022840","February 14, 2023-KB5022840 (OS Build 17763.4010)","http://support.microsoft.com/kb/5022840","No LDR Only available","No LDR Only available","No LDR Only available"," ","23-02Rollup"
"Mpio.sys","Core_MPIO","6.2.17763.1554","0","14-Oct-2020","GDR","5022840","February 14, 2023-KB5022840 (OS Build 17763.4010)","http://support.microsoft.com/kb/5022840","No LDR Only available","No LDR Only available","No LDR Only available"," ","23-02Rollup"
"Msdsm.sys","Core_MPIO","6.2.17763.652","0","14-Jul-2019","GDR","5022840","February 14, 2023-KB5022840 (OS Build 17763.4010)","http://support.microsoft.com/kb/5022840","No LDR Only available","No LDR Only available","No LDR Only available"," ","23-02Rollup"
"Advapi32.dll","Core_Apps","6.2.17763.3532","0","08-Nov-2022","GDR","5022286","January 10, 2023-KB5022286 (OS Build 17763.3887)","http://support.microsoft.com/kb/5022286","No LDR Only available","No LDR Only available","No LDR Only available","rEX","23-02Rollup"
"Vssapi.dll","Core_VSS","6.2.17763.2268","1","08-Oct-2021","GDR","5022840","February 14, 2023-KB5022840 (OS Build 17763.4010)","http://support.microsoft.com/kb/5022840","No LDR Only available","No LDR Only available","No LDR Only available"," ","23-02Rollup"
"Vsstrace.dll","Core_VSS","6.2.17763.592","1","15-Jun-2019","GDR","5022840","February 14, 2023-KB5022840 (OS Build 17763.4010)","http://support.microsoft.com/kb/5022840","No LDR Only available","No LDR Only available","No LDR Only available"," ","23-02Rollup"
"vsssvc.exe","Core_VSS","6.2.17763.1","1","","RTM","5022840","","","","","","",""
"Swprv.dll","Core_VSS","6.2.17763.2989","1","14-May-2022","GDR","5022840","February 14, 2023-KB5022840 (OS Build 17763.4010)","http://support.microsoft.com/kb/5022840","No LDR Only available","No LDR Only available","No LDR Only available"," ","23-02Rollup"
"spp.dll","Core_VSS","6.2.17763.4010","1","03-Feb-2023","GDR","5022840","February 14, 2023-KB5022840 (OS Build 17763.4010)","http://support.microsoft.com/kb/5022840","No LDR Only available","No LDR Only available","No LDR Only available"," ","23-02Rollup"
"wbengine.exe","Core_VSS","6.2.17763.1697","1","07-Jan-2021","GDR","5022840","February 14, 2023-KB5022840 (OS Build 17763.4010)","http://support.microsoft.com/kb/5022840","No LDR Only available","No LDR Only available","No LDR Only available"," ","23-02Rollup"
"blbsrv.dll","Core_VSS","6.2.17763.1697","1","07-Jan-2021","GDR","5022840","February 14, 2023-KB5022840 (OS Build 17763.4010)","http://support.microsoft.com/kb/5022840","No LDR Only available","No LDR Only available","No LDR Only available"," ","23-02Rollup"
"Volsnap.sys","Cluster_Volsnap","6.2.17763.831","0","03-Oct-2019","GDR","5022840","February 14, 2023-KB5022840 (OS Build 17763.4010)","http://support.microsoft.com/kb/5022840","No LDR Only available","No LDR Only available","No LDR Only available"," ","23-02Rollup"
"pci.sys","Core_Sys","6.2.17763.2867","1","06-Apr-2022","GDR","5022840","February 14, 2023-KB5022840 (OS Build 17763.4010)","http://support.microsoft.com/kb/5022840","No LDR Only available","No LDR Only available","No LDR Only available"," ","23-02Rollup"
"Termdd.sys","Core_Sys","6.2.17763.1","1","","RTM","5022840","","","","","","",""
"Volmgr.sys","Core_Sys","6.2.17763.3232","1","01-Jul-2022","GDR","5022840","February 14, 2023-KB5022840 (OS Build 17763.4010)","http://support.microsoft.com/kb/5022840","No LDR Only available","No LDR Only available","No LDR Only available"," ","23-02Rollup"
"Crypt32.dll","Dom_CRYPTO","6.2.17763.3650","1","03-Nov-2022","GDR","5022840","February 14, 2023-KB5022840 (OS Build 17763.4010)","http://support.microsoft.com/kb/5022840","No LDR Only available","No LDR Only available","No LDR Only available"," ","23-02Rollup"
"Cryptsvc.dll","Dom_CRYPTO","6.2.17763.1","1","","RTM","5022840","","","","","","",""
"Cryptnet.dll","Dom_CRYPTO","6.2.17763.1911","1","15-Apr-2021","GDR","5022840","February 14, 2023-KB5022840 (OS Build 17763.4010)","http://support.microsoft.com/kb/5022840","No LDR Only available","No LDR Only available","No LDR Only available"," ","23-02Rollup"
"Wintrust.dll","Dom_CRYPTO","6.2.17763.3887","1","10-Jan-2023","GDR","5022286","January 10, 2023-KB5022286 (OS Build 17763.3887)","http://support.microsoft.com/kb/5022286","No LDR Only available","No LDR Only available","No LDR Only available","rEX","23-02Rollup"
"Cryptdll.dll","Dom_CRYPTO","6.2.17763.503","1","11-May-2019","GDR","5022840","February 14, 2023-KB5022840 (OS Build 17763.4010)","http://support.microsoft.com/kb/5022840","No LDR Only available","No LDR Only available","No LDR Only available"," ","23-02Rollup"
"Cryptcatsvc.dll","Dom_CRYPTO","6.2.17763.1457","1","01-Sep-2020","GDR","5022840","February 14, 2023-KB5022840 (OS Build 17763.4010)","http://support.microsoft.com/kb/5022840","No LDR Only available","No LDR Only available","No LDR Only available"," ","23-02Rollup"
"Tzres.dll","Core_TimeZone","6.2.17763.3770","1","10-Dec-2022","GDR","5022840","February 14, 2023-KB5022840 (OS Build 17763.4010)","http://support.microsoft.com/kb/5022840","No LDR Only available","No LDR Only available","No LDR Only available"," ","23-02Rollup"
"5005112","Win2016RS5_21_08_SSU_KB"," ","0","08-Jun-2021","GDR","5005112","KB5005112: Servicing stack update for Windows 10, version 1809: August 10, 2021","http://support.microsoft.com/kb/5005112","No LDR Only available","No LDR Only available","No LDR Only available"," ","No Rollup"
"5022840","Win2016RS5_23-02_B_rollup_KB"," ","0","14-Feb-2023","GDR","5022840","February 14, 2023-KB5022840 (OS Build 17763.4010)","http://support.microsoft.com/kb/5022840","No LDR Only available","No LDR Only available","No LDR Only available"," ","23-02Rollup"
