"Binary","Component","Version","Prio","Published","Branch","Article","Title","Link","LDROnlyKB","LDROnlyTitle","LDROnlyLink","Comment","RollupInfo"
"Ntoskrnl.exe","Core_Kernel","6.2.14393.5717","0","03-Feb-2023","GDR","5022838","February 14, 2023-KB5022838 (OS Build 14393.5717)","http://support.microsoft.com/kb/5022838","No LDR Only available","No LDR Only available","No LDR Only available"," ","23-02Rollup"
"Ntkrnlpa.exe","Core_Kernel","6.2.14393.0","0","","RTM","5022838","","","","","","",""
"Crashdmp.sys","Core_Kernel","6.2.14393.351","0","14-Oct-2016","GDR","5022838","February 14, 2023-KB5022838 (OS Build 14393.5717)","http://support.microsoft.com/kb/5022838","No LDR Only available","No LDR Only available","No LDR Only available"," ","23-02Rollup"
"win32k.sys","Core_Kernel","6.2.14393.4169","0","08-Nov-2022","GDR","5022838","February 14, 2023-KB5022838 (OS Build 14393.5717)","http://support.microsoft.com/kb/5022838","No LDR Only available","No LDR Only available","No LDR Only available","rEX","23-02Rollup"
"Rdpshell.exe","RDS_remote_App","6.2.14393.5127","0","15-May-2022","GDR","5022838","February 14, 2023-KB5022838 (OS Build 14393.5717)","http://support.microsoft.com/kb/5022838","No LDR Only available","No LDR Only available","No LDR Only available"," ","23-02Rollup"
"Rdsdwmdr.dll","RDS_remote_App","6.2.14393.4169","0","07-Jan-2021","GDR","5022838","February 14, 2023-KB5022838 (OS Build 14393.5717)","http://support.microsoft.com/kb/5022838","No LDR Only available","No LDR Only available","No LDR Only available"," ","23-02Rollup"
"Tscfgwmi.dll","RDS_remote_App","6.2.14393.2248","0","09-Aug-2022","GDR","5022838","February 14, 2023-KB5022838 (OS Build 14393.5717)","http://support.microsoft.com/kb/5022838","No LDR Only available","No LDR Only available","No LDR Only available","rEX","23-02Rollup"
"Audioeng.dll","RDS_devRdr","6.2.14393.5127","1","13-Sep-2022","GDR","5022838","February 14, 2023-KB5022838 (OS Build 14393.5717)","http://support.microsoft.com/kb/5022838","No LDR Only available","No LDR Only available","No LDR Only available","rEX","23-02Rollup"
"Audiokse.dll","RDS_devRdr","6.2.14393.4169","1","07-Jan-2021","GDR","5022838","February 14, 2023-KB5022838 (OS Build 14393.5717)","http://support.microsoft.com/kb/5022838","No LDR Only available","No LDR Only available","No LDR Only available"," ","23-02Rollup"
"Audioses.dll","RDS_devRdr","6.2.14393.5127","1","15-May-2022","GDR","5022838","February 14, 2023-KB5022838 (OS Build 14393.5717)","http://support.microsoft.com/kb/5022838","No LDR Only available","No LDR Only available","No LDR Only available"," ","23-02Rollup"
"Audiosrv.dll","RDS_devRdr","6.2.14393.4169","1","07-Jan-2021","GDR","5022838","February 14, 2023-KB5022838 (OS Build 14393.5717)","http://support.microsoft.com/kb/5022838","No LDR Only available","No LDR Only available","No LDR Only available"," ","23-02Rollup"
"Wsepno.dll","RDS_msTsc","7.0.14393.2457","1","22-Aug-2018","GDR","5022838","February 14, 2023-KB5022838 (OS Build 14393.5717)","http://support.microsoft.com/kb/5022838","No LDR Only available","No LDR Only available","No LDR Only available"," ","23-02Rollup"
"Xpsgdiconverter.dll","RDS_msTsc","6.2.14393.4467","1","04-Jun-2021","GDR","5022838","February 14, 2023-KB5022838 (OS Build 14393.5717)","http://support.microsoft.com/kb/5022838","No LDR Only available","No LDR Only available","No LDR Only available"," ","23-02Rollup"
"Vmrdvcore.dll","RDS_vHost","6.2.14393.2636","0","31-Oct-2018","GDR","5022838","February 14, 2023-KB5022838 (OS Build 14393.5717)","http://support.microsoft.com/kb/5022838","No LDR Only available","No LDR Only available","No LDR Only available"," ","23-02Rollup"
"Tsvmhasvc.dll","RDS_vHost","6.2.14393.5127","0","15-May-2022","GDR","5022838","February 14, 2023-KB5022838 (OS Build 14393.5717)","http://support.microsoft.com/kb/5022838","No LDR Only available","No LDR Only available","No LDR Only available"," ","23-02Rollup"
"Tssdis.exe","RDS_vHost","6.2.14393.5582","0","01-Dec-2022","GDR","5022838","February 14, 2023-KB5022838 (OS Build 14393.5717)","http://support.microsoft.com/kb/5022838","No LDR Only available","No LDR Only available","No LDR Only available"," ","23-02Rollup"
"aaedge.dll","RDS_gateway","6.2.14393.4583","1","30-Jul-2021","GDR","5022838","February 14, 2023-KB5022838 (OS Build 14393.5717)","http://support.microsoft.com/kb/5022838","No LDR Only available","No LDR Only available","No LDR Only available"," ","23-02Rollup"
"lserver.dll","RDS_license","6.2.14393.4169","1","07-Jan-2021","GDR","5022838","February 14, 2023-KB5022838 (OS Build 14393.5717)","http://support.microsoft.com/kb/5022838","No LDR Only available","No LDR Only available","No LDR Only available"," ","23-02Rollup"
"licmgr.exe","RDS_license","6.2.14393.2515","1","30-Aug-2018","GDR","5022838","February 14, 2023-KB5022838 (OS Build 14393.5717)","http://support.microsoft.com/kb/5022838","No LDR Only available","No LDR Only available","No LDR Only available"," ","23-02Rollup"
"dxgkrnl.sys","RDS_host","6.2.14393.5127","1","15-May-2022","GDR","5022838","February 14, 2023-KB5022838 (OS Build 14393.5717)","http://support.microsoft.com/kb/5022838","No LDR Only available","No LDR Only available","No LDR Only available"," ","23-02Rollup"
"sessenv.dll","RDS_host","6.2.14393.5582","1","01-Dec-2022","GDR","5022838","February 14, 2023-KB5022838 (OS Build 14393.5717)","http://support.microsoft.com/kb/5022838","No LDR Only available","No LDR Only available","No LDR Only available"," ","23-02Rollup"
"Profprov.dll","Dom_ProfProc","6.2.14393.0","1","","RTM","5022838","","","","","","",""
"Profsvc.dll","Dom_ProfProc","6.2.14393.5582","1","01-Dec-2022","GDR","5022838","February 14, 2023-KB5022838 (OS Build 14393.5717)","http://support.microsoft.com/kb/5022838","No LDR Only available","No LDR Only available","No LDR Only available"," ","23-02Rollup"
"5005698","Win2016RS1_21_09_SSU_KB"," ","0","14-Sep-2021","GDR","5005698","KB5005698: Servicing stack update for Windows 10, version 1607: September 14, 2021","http://support.microsoft.com/kb/5005698","No LDR Only available","No LDR Only available","No LDR Only available"," ","No Rollup"
"5022838","Win2016RS1_23-02_B_rollup_KB"," ","0","14-Feb-2023","GDR","5022838","February 14, 2023-KB5022838 (OS Build 14393.5717)","http://support.microsoft.com/kb/5022838","No LDR Only available","No LDR Only available","No LDR Only available"," ","23-02Rollup"
