"Binary","Component","Version","Prio","Published","Branch","Article","Title","Link","LDROnlyKB","LDROnlyTitle","LDROnlyLink","Comment","RollupInfo"
"Robocopy.exe","Net_Applications","6.2.15063.674","1","29-Sep-17","GDR","4571689","August 11, 2020-KB4571689 (OS Build 15063.2467)","http://support.microsoft.com/kb/4571689","No LDR Only available","No LDR Only available","No LDR Only available","rEX","20-08Rollup"
"srv.sys","Net_SMB_Server","6.2.15063.2409","0","2-Jun-20","GDR","4571689","August 11, 2020-KB4571689 (OS Build 15063.2467)","http://support.microsoft.com/kb/4571689","No LDR Only available","No LDR Only available","No LDR Only available","rEX","20-08Rollup"
"srv2.sys","Net_SMB_Server","6.2.15063.1689","0","6-Mar-19","GDR","4571689","August 11, 2020-KB4571689 (OS Build 15063.2467)","http://support.microsoft.com/kb/4571689","No LDR Only available","No LDR Only available","No LDR Only available","rEX","20-08Rollup"
"Mrxsmb20.sys","Net_SMB_Client","6.2.15063.1596","0","5-Jan-19","GDR","4571689","August 11, 2020-KB4571689 (OS Build 15063.2467)","http://support.microsoft.com/kb/4571689","No LDR Only available","No LDR Only available","No LDR Only available","rEX","20-08Rollup"
"Mup.sys","Net_SMB_Client","6.2.15063.850","0","1-Jan-18","GDR","4571689","August 11, 2020-KB4571689 (OS Build 15063.2467)","http://support.microsoft.com/kb/4571689","No LDR Only available","No LDR Only available","No LDR Only available","rEX","20-08Rollup"
"wkssvc.dll","Net_SMB_Client","6.2.15063.850","0","1-Jan-18","GDR","4571689","August 11, 2020-KB4571689 (OS Build 15063.2467)","http://support.microsoft.com/kb/4571689","No LDR Only available","No LDR Only available","No LDR Only available","rEX","20-08Rollup"
"Netio.sys","Net_Protocol","6.2.15063.909","0","10-Feb-18","GDR","4571689","August 11, 2020-KB4571689 (OS Build 15063.2467)","http://support.microsoft.com/kb/4571689","No LDR Only available","No LDR Only available","No LDR Only available","rEX","20-08Rollup"
"Ndis.sys","Net_Protocol","6.2.15063.2283","0","23-Jan-20","GDR","4571689","August 11, 2020-KB4571689 (OS Build 15063.2467)","http://support.microsoft.com/kb/4571689","No LDR Only available","No LDR Only available","No LDR Only available","rEX","20-08Rollup"
"Tunnel.sys","Net_IPv6","6.2.15063.2161","1","17-Oct-19","GDR","4571689","August 11, 2020-KB4571689 (OS Build 15063.2467)","http://support.microsoft.com/kb/4571689","No LDR Only available","No LDR Only available","No LDR Only available","rEX","20-08Rollup"
"Dhcpcore6.dll","Net_IPv6","6.2.15063.1987","1","30-Jul-19","GDR","4571689","August 11, 2020-KB4571689 (OS Build 15063.2467)","http://support.microsoft.com/kb/4571689","No LDR Only available","No LDR Only available","No LDR Only available","rEX","20-08Rollup"
"Ncsi.dll","Net_NLA","6.2.15063.994","0","2-Mar-18","GDR","4571689","August 11, 2020-KB4571689 (OS Build 15063.2467)","http://support.microsoft.com/kb/4571689","No LDR Only available","No LDR Only available","No LDR Only available","rEX","20-08Rollup"
"Dns.exe","Net_DNS_Srv","6.2.15063.1206","0","28-Jun-18","GDR","4571689","August 11, 2020-KB4571689 (OS Build 15063.2467)","http://support.microsoft.com/kb/4571689","No LDR Only available","No LDR Only available","No LDR Only available","rEX","20-08Rollup"
"rpcxdr.sys","Net_NFS_Srv","6.2.15063.1868","0","7-Jun-19","GDR","4571689","August 11, 2020-KB4571689 (OS Build 15063.2467)","http://support.microsoft.com/kb/4571689","No LDR Only available","No LDR Only available","No LDR Only available","rEX","20-08Rollup"
"Cscui.dll","Net_CSC_Offline","6.2.15063.1659","1","16-Feb-19","GDR","4571689","August 11, 2020-KB4571689 (OS Build 15063.2467)","http://support.microsoft.com/kb/4571689","No LDR Only available","No LDR Only available","No LDR Only available","rEX","20-08Rollup"
"Shell32.dll","Net_WebDAV","6.2.15063.2439","1","8-Jul-20","GDR","4571689","August 11, 2020-KB4571689 (OS Build 15063.2467)","http://support.microsoft.com/kb/4571689","No LDR Only available","No LDR Only available","No LDR Only available","rEX","20-08Rollup"
"Winhttp.dll","Net_WebDAV","6.2.15063.1631","1","6-Feb-19","GDR","4571689","August 11, 2020-KB4571689 (OS Build 15063.2467)","http://support.microsoft.com/kb/4571689","No LDR Only available","No LDR Only available","No LDR Only available","rEX","20-08Rollup"
"Dfsc.sys","Net_DFS-N_Client","6.2.15063.1112","0","26-Apr-18","GDR","4571689","August 11, 2020-KB4571689 (OS Build 15063.2467)","http://support.microsoft.com/kb/4571689","No LDR Only available","No LDR Only available","No LDR Only available","rEX","20-08Rollup"
"Dhcpcore.dll","Net_DHCP_Client","6.2.15063.1987","1","30-Jul-19","GDR","4571689","August 11, 2020-KB4571689 (OS Build 15063.2467)","http://support.microsoft.com/kb/4571689","No LDR Only available","No LDR Only available","No LDR Only available","rEX","20-08Rollup"
"dnsapi.dll","Net_DNS_Client","6.2.15063.2467","1","6-Aug-20","GDR","4571689","August 11, 2020-KB4571689 (OS Build 15063.2467)","http://support.microsoft.com/kb/4571689","No LDR Only available","No LDR Only available","No LDR Only available","rEX","20-08Rollup"
"dnsrslvr.dll","Net_DNS_Client","6.2.15063.2467","1","6-Aug-20","GDR","4571689","August 11, 2020-KB4571689 (OS Build 15063.2467)","http://support.microsoft.com/kb/4571689","No LDR Only available","No LDR Only available","No LDR Only available","rEX","20-08Rollup"
"Rpchttp.dll","Net_RPC","6.2.15063.994","1","2-Mar-18","GDR","4571689","August 11, 2020-KB4571689 (OS Build 15063.2467)","http://support.microsoft.com/kb/4571689","No LDR Only available","No LDR Only available","No LDR Only available","rEX","20-08Rollup"
"Rpcrt4.dll","Net_RPC","6.2.15063.2161","1","17-Oct-19","GDR","4571689","August 11, 2020-KB4571689 (OS Build 15063.2467)","http://support.microsoft.com/kb/4571689","No LDR Only available","No LDR Only available","No LDR Only available","rEX","20-08Rollup"
"Ikeext.dll","Net_Ipsec_BFE","6.2.15063.2161","1","17-Oct-19","GDR","4571689","August 11, 2020-KB4571689 (OS Build 15063.2467)","http://support.microsoft.com/kb/4571689","No LDR Only available","No LDR Only available","No LDR Only available","rEX","20-08Rollup"
"Rastls.dll","Net_IEEE802.1x","6.2.15063.1112","1","26-Apr-18","GDR","4571689","August 11, 2020-KB4571689 (OS Build 15063.2467)","http://support.microsoft.com/kb/4571689","No LDR Only available","No LDR Only available","No LDR Only available","rEX","20-08Rollup"
"wlanmsm.dll","Net_WLAN_Client","6.2.15063.966","1","5-Mar-18","GDR","4571689","August 11, 2020-KB4571689 (OS Build 15063.2467)","http://support.microsoft.com/kb/4571689","No LDR Only available","No LDR Only available","No LDR Only available","rEX","20-08Rollup"
"WorkFolderssvc.dll","Net_WorkFolders","6.2.15063.2409","1","2-Jun-20","GDR","4571689","August 11, 2020-KB4571689 (OS Build 15063.2467)","http://support.microsoft.com/kb/4571689","No LDR Only available","No LDR Only available","No LDR Only available","rEX","20-08Rollup"
"WorkFolderscontrol.dll","Net_WorkFolders","6.2.15063.2409","1","2-Jun-20","GDR","4571689","August 11, 2020-KB4571689 (OS Build 15063.2467)","http://support.microsoft.com/kb/4571689","No LDR Only available","No LDR Only available","No LDR Only available","rEX","20-08Rollup"
"Mpsdrv.sys","Net_Firewall","6.2.15063.1324","1","28-Aug-18","GDR","4571689","August 11, 2020-KB4571689 (OS Build 15063.2467)","http://support.microsoft.com/kb/4571689","No LDR Only available","No LDR Only available","No LDR Only available","rEX","20-08Rollup"
"qmgr.dll","Net_BiTS","7.8.15063.2409","1","2-Jun-20","GDR","4571689","August 11, 2020-KB4571689 (OS Build 15063.2467)","http://support.microsoft.com/kb/4571689","No LDR Only available","No LDR Only available","No LDR Only available","rEX","20-08Rollup"
"Winlogon.exe","Dom_WINLOGON","6.2.15063.2045","0","31-Aug-19","GDR","4571689","August 11, 2020-KB4571689 (OS Build 15063.2467)","http://support.microsoft.com/kb/4571689","No LDR Only available","No LDR Only available","No LDR Only available","rEX","20-08Rollup"
"Ksecdd.sys","Dom_LSA","6.2.15063.1418","0","10-Oct-18","GDR","4571689","August 11, 2020-KB4571689 (OS Build 15063.2467)","http://support.microsoft.com/kb/4571689","No LDR Only available","No LDR Only available","No LDR Only available","rEX","20-08Rollup"
"Ksecpkg.sys","Dom_LSA","6.2.15063.2439","0","8-Jul-20","GDR","4571689","August 11, 2020-KB4571689 (OS Build 15063.2467)","http://support.microsoft.com/kb/4571689","No LDR Only available","No LDR Only available","No LDR Only available","rEX","20-08Rollup"
"Secur32.dll","Dom_LSA","6.2.15063.1112","0","26-Apr-18","GDR","4571689","August 11, 2020-KB4571689 (OS Build 15063.2467)","http://support.microsoft.com/kb/4571689","No LDR Only available","No LDR Only available","No LDR Only available","rEX","20-08Rollup"
"Sspicli.dll","Dom_LSA","6.2.15063.1418","0","10-Oct-18","GDR","4571689","August 11, 2020-KB4571689 (OS Build 15063.2467)","http://support.microsoft.com/kb/4571689","No LDR Only available","No LDR Only available","No LDR Only available","rEX","20-08Rollup"
"Sspisrv.dll","Dom_LSA","6.2.15063.1418","0","10-Oct-18","GDR","4571689","August 11, 2020-KB4571689 (OS Build 15063.2467)","http://support.microsoft.com/kb/4571689","No LDR Only available","No LDR Only available","No LDR Only available","rEX","20-08Rollup"
"Schannel.dll","Dom_LSA","6.2.15063.2439","0","8-Jul-20","GDR","4571689","August 11, 2020-KB4571689 (OS Build 15063.2467)","http://support.microsoft.com/kb/4571689","No LDR Only available","No LDR Only available","No LDR Only available","rEX","20-08Rollup"
"ScardSvr.dll","Dom_SC_Srv","6.2.15063.994","1","2-Mar-18","GDR","4571689","August 11, 2020-KB4571689 (OS Build 15063.2467)","http://support.microsoft.com/kb/4571689","No LDR Only available","No LDR Only available","No LDR Only available","rEX","20-08Rollup"
"Cryptdll.dll","Dom_CRYPTO","6.2.15063.1805","1","3-May-19","GDR","4571689","August 11, 2020-KB4571689 (OS Build 15063.2467)","http://support.microsoft.com/kb/4571689","No LDR Only available","No LDR Only available","No LDR Only available","rEX","20-08Rollup"
"Cryptcatsvc.dll","Dom_CRYPTO","6.2.15063.2253","1","20-Dec-19","GDR","4571689","August 11, 2020-KB4571689 (OS Build 15063.2467)","http://support.microsoft.com/kb/4571689","No LDR Only available","No LDR Only available","No LDR Only available","rEX","20-08Rollup"
"Userenv.dll","Dom_GPSVC","6.2.15063.2161","1","17-Oct-19","GDR","4571689","August 11, 2020-KB4571689 (OS Build 15063.2467)","http://support.microsoft.com/kb/4571689","No LDR Only available","No LDR Only available","No LDR Only available","rEX","20-08Rollup"
"Fdeploy.dll","Dom_FolderRedir","6.2.15063.540","1","1-Aug-17","GDR","4571689","August 11, 2020-KB4571689 (OS Build 15063.2467)","http://support.microsoft.com/kb/4571689","No LDR Only available","No LDR Only available","No LDR Only available","rEX","20-08Rollup"
"Ntdsai.dll","Dom_NTDSAI","6.2.15063.483","0","7-Jul-17","GDR","4571689","August 11, 2020-KB4571689 (OS Build 15063.2467)","http://support.microsoft.com/kb/4571689","No LDR Only available","No LDR Only available","No LDR Only available","rEX","20-08Rollup"
"Clussvc.exe","Cluster_Core","6.2.15063.2409","0","2-Jun-20","GDR","4571689","August 11, 2020-KB4571689 (OS Build 15063.2467)","http://support.microsoft.com/kb/4571689","No LDR Only available","No LDR Only available","No LDR Only available","rEX","20-08Rollup"
"ClusWMI.dll","Cluster_Core","6.2.15063.1836","0","22-May-19","GDR","4571689","August 11, 2020-KB4571689 (OS Build 15063.2467)","http://support.microsoft.com/kb/4571689","No LDR Only available","No LDR Only available","No LDR Only available","rEX","20-08Rollup"
"Rhs.exe","Cluster_Core","6.2.15063.1836","0","22-May-19","GDR","4571689","August 11, 2020-KB4571689 (OS Build 15063.2467)","http://support.microsoft.com/kb/4571689","No LDR Only available","No LDR Only available","No LDR Only available","rEX","20-08Rollup"
"Clusres.dll","Cluster_Core","6.2.15063.1836","0","22-May-19","GDR","4571689","August 11, 2020-KB4571689 (OS Build 15063.2467)","http://support.microsoft.com/kb/4571689","No LDR Only available","No LDR Only available","No LDR Only available","rEX","20-08Rollup"
"Cprepsrv.exe","Cluster_Validation","6.2.15063.1836","1","22-May-19","GDR","4571689","August 11, 2020-KB4571689 (OS Build 15063.2467)","http://support.microsoft.com/kb/4571689","No LDR Only available","No LDR Only available","No LDR Only available","rEX","20-08Rollup"
"Fltmgr.sys","Core_Kernel","6.2.15063.2161","0","17-Oct-19","GDR","4571689","August 11, 2020-KB4571689 (OS Build 15063.2467)","http://support.microsoft.com/kb/4571689","No LDR Only available","No LDR Only available","No LDR Only available","rEX","20-08Rollup"
"win32k.sys","Core_Kernel","6.2.15063.608","0","5-Sep-17","GDR","4571689","August 11, 2020-KB4571689 (OS Build 15063.2467)","http://support.microsoft.com/kb/4571689","No LDR Only available","No LDR Only available","No LDR Only available","rEX","20-08Rollup"
"Ntfs.sys","Core_FileSystem","6.2.15063.2313","0","4-Mar-20","GDR","4571689","August 11, 2020-KB4571689 (OS Build 15063.2467)","http://support.microsoft.com/kb/4571689","No LDR Only available","No LDR Only available","No LDR Only available","rEX","20-08Rollup"
"Msdsm.sys","Core_MPIO","6.2.15063.1235","0","18-Jul-18","GDR","4571689","August 11, 2020-KB4571689 (OS Build 15063.2467)","http://support.microsoft.com/kb/4571689","No LDR Only available","No LDR Only available","No LDR Only available","rEX","20-08Rollup"
"Vsstrace.dll","Core_VSS","6.2.15063.994","1","2-Mar-18","GDR","4571689","August 11, 2020-KB4571689 (OS Build 15063.2467)","http://support.microsoft.com/kb/4571689","No LDR Only available","No LDR Only available","No LDR Only available","rEX","20-08Rollup"
"Swprv.dll","Core_VSS","6.2.15063.2409","1","2-Jun-20","GDR","4571689","August 11, 2020-KB4571689 (OS Build 15063.2467)","http://support.microsoft.com/kb/4571689","No LDR Only available","No LDR Only available","No LDR Only available","rEX","20-08Rollup"
"wbengine.exe","Core_VSS","6.2.15063.2409","1","2-Jun-20","GDR","4571689","August 11, 2020-KB4571689 (OS Build 15063.2467)","http://support.microsoft.com/kb/4571689","No LDR Only available","No LDR Only available","No LDR Only available","rEX","20-08Rollup"
"Volmgr.sys","Core_Sys","6.2.15063.1112","1","26-Apr-18","GDR","4571689","August 11, 2020-KB4571689 (OS Build 15063.2467)","http://support.microsoft.com/kb/4571689","No LDR Only available","No LDR Only available","No LDR Only available","rEX","20-08Rollup"
"Vmswitch.sys","Hyper-V_Net","6.2.15063.2161","1","17-Oct-19","GDR","4571689","August 11, 2020-KB4571689 (OS Build 15063.2467)","http://support.microsoft.com/kb/4571689","No LDR Only available","No LDR Only available","No LDR Only available","rEX","20-08Rollup"
"Wnv.sys","Hyper-V_Net","6.2.15063.2375","1","5-May-20","GDR","4571689","August 11, 2020-KB4571689 (OS Build 15063.2467)","http://support.microsoft.com/kb/4571689","No LDR Only available","No LDR Only available","No LDR Only available","rEX","20-08Rollup"
"Ndisimplatform.sys","Hyper-V_Net","6.2.15063.994","1","2-Mar-18","GDR","4571689","August 11, 2020-KB4571689 (OS Build 15063.2467)","http://support.microsoft.com/kb/4571689","No LDR Only available","No LDR Only available","No LDR Only available","rEX","20-08Rollup"
"Vmms.exe","Hyper-V_Net","6.2.15063.2283","1","23-Jan-20","GDR","4571689","August 11, 2020-KB4571689 (OS Build 15063.2467)","http://support.microsoft.com/kb/4571689","No LDR Only available","No LDR Only available","No LDR Only available","rEX","20-08Rollup"
"pvhdparser.sys","Hyper-V_Net","6.2.15063.850","1","1-Jan-18","GDR","4571689","August 11, 2020-KB4571689 (OS Build 15063.2467)","http://support.microsoft.com/kb/4571689","No LDR Only available","No LDR Only available","No LDR Only available","rEX","20-08Rollup"
"Vmwp.exe","Hyper-V_app","6.2.15063.2283","1","23-Jan-20","GDR","4571689","August 11, 2020-KB4571689 (OS Build 15063.2467)","http://support.microsoft.com/kb/4571689","No LDR Only available","No LDR Only available","No LDR Only available","rEX","20-08Rollup"
"Rdsdwmdr.dll","RDS_remote_App","6.2.15063.2283","0","23-Jan-20","GDR","4571689","August 11, 2020-KB4571689 (OS Build 15063.2467)","http://support.microsoft.com/kb/4571689","No LDR Only available","No LDR Only available","No LDR Only available","rEX","20-08Rollup"
"Audioeng.dll","RDS_devRdr","6.2.15063.2375","1","5-May-20","GDR","4571689","August 11, 2020-KB4571689 (OS Build 15063.2467)","http://support.microsoft.com/kb/4571689","No LDR Only available","No LDR Only available","No LDR Only available","rEX","20-08Rollup"
"Audioses.dll","RDS_devRdr","6.2.15063.2375","1","5-May-20","GDR","4571689","August 11, 2020-KB4571689 (OS Build 15063.2467)","http://support.microsoft.com/kb/4571689","No LDR Only available","No LDR Only available","No LDR Only available","rEX","20-08Rollup"
"Vmrdvcore.dll","RDS_vHost","6.2.15063.850","0","1-Jan-18","GDR","4571689","August 11, 2020-KB4571689 (OS Build 15063.2467)","http://support.microsoft.com/kb/4571689","No LDR Only available","No LDR Only available","No LDR Only available","rEX","20-08Rollup"
"dxgkrnl.sys","RDS_host","6.2.15063.2346","1","8-Apr-20","GDR","4571689","August 11, 2020-KB4571689 (OS Build 15063.2467)","http://support.microsoft.com/kb/4571689","No LDR Only available","No LDR Only available","No LDR Only available","rEX","20-08Rollup"
"Printbrm.exe","Print_App","6.2.15063.994","0","2-Mar-18","GDR","4571689","August 11, 2020-KB4571689 (OS Build 15063.2467)","http://support.microsoft.com/kb/4571689","No LDR Only available","No LDR Only available","No LDR Only available","rEX","20-08Rollup"
"Mxdwdrv.dll","Print_Driver","0.3.15063.2375","1","5-May-20","GDR","4571689","August 11, 2020-KB4571689 (OS Build 15063.2467)","http://support.microsoft.com/kb/4571689","No LDR Only available","No LDR Only available","No LDR Only available","rEX","20-08Rollup"
"Pcl4res.dll","Print_Driver","0.3.5479.0","1","5-May-20","GDR","4571689","August 11, 2020-KB4571689 (OS Build 15063.2467)","http://support.microsoft.com/kb/4571689","No LDR Only available","No LDR Only available","No LDR Only available","rEX","20-08Rollup"
"Pscript5.dll","Print_Driver","0.3.15063.2375","1","5-May-20","GDR","4571689","August 11, 2020-KB4571689 (OS Build 15063.2467)","http://support.microsoft.com/kb/4571689","No LDR Only available","No LDR Only available","No LDR Only available","rEX","20-08Rollup"
"Unidrv.dll","Print_Driver","0.3.15063.2375","1","5-May-20","GDR","4571689","August 11, 2020-KB4571689 (OS Build 15063.2467)","http://support.microsoft.com/kb/4571689","No LDR Only available","No LDR Only available","No LDR Only available","rEX","20-08Rollup"
