"Binary","Component","Version","Prio","Published","Branch","Article","Title","Link","LDROnlyKB","LDROnlyTitle","LDROnlyLink","Comment","RollupInfo"
"Ntoskrnl.exe","Core_Kernel","6.2.18362.1500","0","13-Apr-21","GDR","5001337","April 13, 2021-KB5001337 (OS Build 18363.1500)","http://support.microsoft.com/kb/5001337","KB only","KB only","KB only"," ","21-04Rollup"
"Crashdmp.sys","Core_Kernel","6.2.18362.693","0","7-Mar-20","GDR","5001337","April 13, 2021-KB5001337 (OS Build 18363.1500)","http://support.microsoft.com/kb/5001337","KB only","KB only","KB only"," ","21-04Rollup"
"Vssapi.dll","Core_VSS","6.2.18362.1316","1","27-Jan-21","GDR","5001337","April 13, 2021-KB5001337 (OS Build 18363.1500)","http://support.microsoft.com/kb/5001337","KB only","KB only","KB only"," ","21-04Rollup"
"Swprv.dll","Core_VSS","6.2.18362.1316","1","5-Jun-20","GDR","5001337","April 13, 2021-KB5001337 (OS Build 18363.1500)","http://support.microsoft.com/kb/5001337","KB only","KB only","KB only"," ","21-04Rollup"
"spp.dll","Core_VSS","6.2.18362.1316","1","27-Jan-21","GDR","5001337","April 13, 2021-KB5001337 (OS Build 18363.1500)","http://support.microsoft.com/kb/5001337","KB only","KB only","KB only"," ","21-04Rollup"
"wbengine.exe","Core_VSS","6.2.18362.1316","1","21-Jul-20","GDR","5001337","April 13, 2021-KB5001337 (OS Build 18363.1500)","http://support.microsoft.com/kb/5001337","KB only","KB only","KB only"," ","21-04Rollup"
"blbsrv.dll","Core_VSS","6.2.18362.1","1","6-May-20","GDR","5001337","April 13, 2021-KB5001337 (OS Build 18363.1500)","http://support.microsoft.com/kb/5001337","KB only","KB only","KB only"," ","21-04Rollup"
"Volsnap.sys","Cluster_Volsnap","6.2.18362.693","0","7-Mar-20","GDR","5001337","April 13, 2021-KB5001337 (OS Build 18363.1500)","http://support.microsoft.com/kb/5001337","KB only","KB only","KB only"," ","21-04Rollup"
"pci.sys","Core_Sys","6.2.18362.1350","1","27-Jan-21","GDR","5001337","April 13, 2021-KB5001337 (OS Build 18363.1500)","http://support.microsoft.com/kb/5001337","KB only","KB only","KB only"," ","21-04Rollup"
"Volmgr.sys","Core_Sys","6.2.18362.1500","1","13-Apr-21","GDR","5001337","April 13, 2021-KB5001337 (OS Build 18363.1500)","http://support.microsoft.com/kb/5001337","KB only","KB only","KB only"," ","21-04Rollup"
"Crypt32.dll","Dom_CRYPTO","6.2.18362.1411","1","16-Feb-21","GDR","5001337","April 13, 2021-KB5001337 (OS Build 18363.1500)","http://support.microsoft.com/kb/5001337","KB only","KB only","KB only"," ","21-04Rollup"
"Wintrust.dll","Dom_CRYPTO","6.2.18362.1377","1","09-Feb-21","GDR","5001337","April 13, 2021-KB5001337 (OS Build 18363.1500)","http://support.microsoft.com/kb/5001337","KB only","KB only","KB only"," ","21-04Rollup"
"Cryptdll.dll","Dom_CRYPTO","6.2.18362.113","1","29-Jun-19","GDR","5001337","April 13, 2021-KB5001337 (OS Build 18363.1500)","http://support.microsoft.com/kb/5001337","KB only","KB only","KB only"," ","21-04Rollup"
"Cryptcatsvc.dll","Dom_CRYPTO","6.2.18362.1082","1","08-Sep-20","GDR","5001337","April 13, 2021-KB5001337 (OS Build 18363.1500)","http://support.microsoft.com/kb/5001337","KB only","KB only","KB only"," ","21-04Rollup"
"5001205","Win2016_1903_21-03_SSU_KB"," ","0","25-Mar-2021","GDR","5001205","KB5001205: Servicing stack update for Windows 10, version 1909: March 25, 2021","http://support.microsoft.com/kb/5001205","KB only","KB only","KB Only"," ","No Rollup"
"5001406","Win2016_1903_21-04_SSU_KB"," ","0","13-Apr-2021","GDR","5001406","KB5001406: Servicing stack update for Windows 10, version 1909: April 13, 2021","http://support.microsoft.com/kb/5001406","KB only","KB only","KB Only"," ","No Rollup"
"5001337","Win201619H1_21-04_B_rollup_KB"," ","0","13-Apr-2021","GDR","5001337","April 13, 2021-KB5001337 (OS Build 18363.1500)","http://support.microsoft.com/kb/5001337","KB only","KB only","KB only"," ","21-04Rollup"
