"Binary","Component","Version","Prio","Published","Branch","Article","Title","Link","LDROnlyKB","LDROnlyTitle","LDROnlyLink","Comment","RollupInfo"
"Netlogon.dll","Dom_NETLOGON","6.2.9200.24075","0","10-Jan-2023","GDR","5022903","February 14, 2023-KB5022903 (Monthly Rollup)","http://support.microsoft.com/kb/5022903","No LDR Only available","No LDR Only available","No LDR Only available","rEX","23-02Rollup"
"LogonCli.dll","Dom_NETLOGON","6.2.9200.23708","0","13-Apr-2022","GDR","5022903","February 14, 2023-KB5022903 (Monthly Rollup)","http://support.microsoft.com/kb/5022903","No LDR Only available","No LDR Only available","No LDR Only available"," ","23-02Rollup"
"Winlogon.exe","Dom_WINLOGON","6.2.9200.24115","0","25-Jan-2023","GDR","5022903","February 14, 2023-KB5022903 (Monthly Rollup)","http://support.microsoft.com/kb/5022903","No LDR Only available","No LDR Only available","No LDR Only available"," ","23-02Rollup"
"Kerberos.dll","Dom_KERBEROS","6.2.9200.23967","0","08-Nov-2022","GDR","5022903","February 14, 2023-KB5022903 (Monthly Rollup)","http://support.microsoft.com/kb/5022903","No LDR Only available","No LDR Only available","No LDR Only available","rEX","23-02Rollup"
"Msv1_0.dll","Dom_NTLM","6.2.9200.24075","1","10-Jan-2023","GDR","5022903","February 14, 2023-KB5022903 (Monthly Rollup)","http://support.microsoft.com/kb/5022903","No LDR Only available","No LDR Only available","No LDR Only available","rEX","23-02Rollup"
"Wldap32.dll","Dom_LDAPClient","6.2.9200.23863","0","11-Oct-2022","GDR","5022903","February 14, 2023-KB5022903 (Monthly Rollup)","http://support.microsoft.com/kb/5022903","No LDR Only available","No LDR Only available","No LDR Only available","rEX","23-02Rollup"
"Lsass.exe","Dom_LSA","6.2.9200.24115","0","25-Jan-2023","GDR","5022903","February 14, 2023-KB5022903 (Monthly Rollup)","http://support.microsoft.com/kb/5022903","No LDR Only available","No LDR Only available","No LDR Only available"," ","23-02Rollup"
"Lsasrv.dll","Dom_LSA","6.2.9200.24075","0","10-Jan-2023","GDR","5022903","February 14, 2023-KB5022903 (Monthly Rollup)","http://support.microsoft.com/kb/5022903","No LDR Only available","No LDR Only available","No LDR Only available","rEX","23-02Rollup"
"Ksecdd.sys","Dom_LSA","6.2.9200.23919","0","18-Oct-2022","GDR","5022903","February 14, 2023-KB5022903 (Monthly Rollup)","http://support.microsoft.com/kb/5022903","No LDR Only available","No LDR Only available","No LDR Only available","rEX","23-02Rollup"
"Ksecpkg.sys","Dom_LSA","6.2.9200.24115","0","25-Jan-2023","GDR","5022903","February 14, 2023-KB5022903 (Monthly Rollup)","http://support.microsoft.com/kb/5022903","No LDR Only available","No LDR Only available","No LDR Only available"," ","23-02Rollup"
"Secur32.dll","Dom_LSA","6.2.9200.16384","0","11-Oct-2022","GDR","5022903","February 14, 2023-KB5022903 (Monthly Rollup)","http://support.microsoft.com/kb/5022903","No LDR Only available","No LDR Only available","No LDR Only available","rEX","23-02Rollup"
"Sspicli.dll","Dom_LSA","6.2.9200.23919","0","18-Oct-2022","GDR","5022903","February 14, 2023-KB5022903 (Monthly Rollup)","http://support.microsoft.com/kb/5022903","No LDR Only available","No LDR Only available","No LDR Only available","rEX","23-02Rollup"
"Sspisrv.dll","Dom_LSA","6.2.9200.24115","0","25-Jan-2023","GDR","5022903","February 14, 2023-KB5022903 (Monthly Rollup)","http://support.microsoft.com/kb/5022903","No LDR Only available","No LDR Only available","No LDR Only available"," ","23-02Rollup"
"Schannel.dll","Dom_LSA","6.2.9200.23922","0","08-Nov-2022","GDR","5022903","February 14, 2023-KB5022903 (Monthly Rollup)","http://support.microsoft.com/kb/5022903","No LDR Only available","No LDR Only available","No LDR Only available","rEX","23-02Rollup"
"dpapisvr.dll","Dom_LSA","6.2.9200.1","0","08-Nov-2022","GDR","5022348","January 10, 2023-KB5022348 (Monthly Rollup)","http://support.microsoft.com/kb/5022348","No LDR Only available","No LDR Only available","No LDR Only available"," ","23-01Rollup"
"Scesrv.dll","Dom_SecAuditAndConfig","6.2.9200.23907","1","18-Oct-2022","GDR","5022903","February 14, 2023-KB5022903 (Monthly Rollup)","http://support.microsoft.com/kb/5022903","No LDR Only available","No LDR Only available","No LDR Only available","rEX","23-02Rollup"
"AclUI.dll","Dom_SecAuditAndConfig","6.2.9200.16384","1","11-Oct-2022","GDR","5022903","February 14, 2023-KB5022903 (Monthly Rollup)","http://support.microsoft.com/kb/5022903","No LDR Only available","No LDR Only available","No LDR Only available","rEX","23-02Rollup"
"Winscard.dll","Dom_SC_Provider","6.2.9200.22396","1","03-Mar-2018","GDR","5022903","February 14, 2023-KB5022903 (Monthly Rollup)","http://support.microsoft.com/kb/5022903","No LDR Only available","No LDR Only available","No LDR Only available"," ","23-02Rollup"
"Basecsp.dll","Dom_SC_Provider","6.2.9200.22398","1","06-Mar-2018","GDR","5022903","February 14, 2023-KB5022903 (Monthly Rollup)","http://support.microsoft.com/kb/5022903","No LDR Only available","No LDR Only available","No LDR Only available"," ","23-02Rollup"
"Scksp.dll","Dom_SC_Provider","6.2.9200.22398","1","06-Mar-2018","GDR","5022903","February 14, 2023-KB5022903 (Monthly Rollup)","http://support.microsoft.com/kb/5022903","No LDR Only available","No LDR Only available","No LDR Only available"," ","23-02Rollup"
"ScardSvr.dll","Dom_SC_Srv","6.2.9200.16384","1","25-Jul-2012","GDR","5022903","February 14, 2023-KB5022903 (Monthly Rollup)","http://support.microsoft.com/kb/5022903","No LDR Only available","No LDR Only available","No LDR Only available"," ","23-02Rollup"
"Scfilter.sys","Dom_SC_Srv","6.2.9200.22331","1","07-Dec-2017","GDR","5022903","February 14, 2023-KB5022903 (Monthly Rollup)","http://support.microsoft.com/kb/5022903","No LDR Only available","No LDR Only available","No LDR Only available"," ","23-02Rollup"
"Certprop.dll","Dom_SC_Srv","6.2.9200.22331","1","07-Dec-2017","GDR","5022903","February 14, 2023-KB5022903 (Monthly Rollup)","http://support.microsoft.com/kb/5022903","No LDR Only available","No LDR Only available","No LDR Only available"," ","23-02Rollup"
"Crypt32.dll","Dom_CRYPTO","6.2.9200.23809","1","05-Jul-2022","GDR","5022903","February 14, 2023-KB5022903 (Monthly Rollup)","http://support.microsoft.com/kb/5022903","No LDR Only available","No LDR Only available","No LDR Only available"," ","23-02Rollup"
"Cryptsvc.dll","Dom_CRYPTO","6.2.9200.16666","1","11-Oct-2022","GDR","5022903","February 14, 2023-KB5022903 (Monthly Rollup)","http://support.microsoft.com/kb/5022903","No LDR Only available","No LDR Only available","No LDR Only available","rEX","23-02Rollup"
"Cryptnet.dll","Dom_CRYPTO","6.2.9200.16592","1","11-Oct-2022","GDR","5022903","February 14, 2023-KB5022903 (Monthly Rollup)","http://support.microsoft.com/kb/5022903","No LDR Only available","No LDR Only available","No LDR Only available","rEX","23-02Rollup"
"Wintrust.dll","Dom_CRYPTO","6.2.9200.23711","1","27-Apr-2022","GDR","5022903","February 14, 2023-KB5022903 (Monthly Rollup)","http://support.microsoft.com/kb/5022903","No LDR Only available","No LDR Only available","No LDR Only available"," ","23-02Rollup"
"Cryptdll.dll","Dom_CRYPTO","6.2.9200.22739","1","04-Apr-2019","GDR","5022903","February 14, 2023-KB5022903 (Monthly Rollup)","http://support.microsoft.com/kb/5022903","No LDR Only available","No LDR Only available","No LDR Only available"," ","23-02Rollup"
"Cryptcatsvc.dll","Dom_CRYPTO","6.2.9200.23144","1","14-Aug-2020","GDR","5022903","February 14, 2023-KB5022903 (Monthly Rollup)","http://support.microsoft.com/kb/5022903","No LDR Only available","No LDR Only available","No LDR Only available"," ","23-02Rollup"
"Dimsroam.dll","Dom_DIMS","6.2.9200.23862","1","10-Aug-2022","GDR","5022903","February 14, 2023-KB5022903 (Monthly Rollup)","http://support.microsoft.com/kb/5022903","No LDR Only available","No LDR Only available","No LDR Only available"," ","23-02Rollup"
"Dimsjob.dll","Dom_DIMS","6.2.9200.16384","1","11-Oct-2022","GDR","5022903","February 14, 2023-KB5022903 (Monthly Rollup)","http://support.microsoft.com/kb/5022903","No LDR Only available","No LDR Only available","No LDR Only available","rEX","23-02Rollup"
"Adprovider.dll","Dom_DIMS","6.2.9200.23862","1","10-Aug-2022","GDR","5022903","February 14, 2023-KB5022903 (Monthly Rollup)","http://support.microsoft.com/kb/5022903","No LDR Only available","No LDR Only available","No LDR Only available"," ","23-02Rollup"
"Capiprovider.dll","Dom_DIMS","6.2.9200.23862","1","10-Aug-2022","GDR","5022903","February 14, 2023-KB5022903 (Monthly Rollup)","http://support.microsoft.com/kb/5022903","No LDR Only available","No LDR Only available","No LDR Only available"," ","23-02Rollup"
"Cngprovider.dll","Dom_DIMS","6.2.9200.23862","1","10-Aug-2022","GDR","5022903","February 14, 2023-KB5022903 (Monthly Rollup)","http://support.microsoft.com/kb/5022903","No LDR Only available","No LDR Only available","No LDR Only available"," ","23-02Rollup"
"Dpapiprovider.dll","Dom_DIMS","6.2.9200.23862","1","10-Aug-2022","GDR","5022903","February 14, 2023-KB5022903 (Monthly Rollup)","http://support.microsoft.com/kb/5022903","No LDR Only available","No LDR Only available","No LDR Only available"," ","23-02Rollup"
"Wincredprovider.dll","Dom_DIMS","6.2.9200.23862","1","10-Aug-2022","GDR","5022903","February 14, 2023-KB5022903 (Monthly Rollup)","http://support.microsoft.com/kb/5022903","No LDR Only available","No LDR Only available","No LDR Only available"," ","23-02Rollup"
"Gpapi.dll","Dom_GPSVC","6.2.9200.23865","1","06-Sep-2022","GDR","5022903","February 14, 2023-KB5022903 (Monthly Rollup)","http://support.microsoft.com/kb/5022903","No LDR Only available","No LDR Only available","No LDR Only available"," ","23-02Rollup"
"Gpsvc.dll","Dom_GPSVC","6.2.9200.23865","1","06-Sep-2022","GDR","5022903","February 14, 2023-KB5022903 (Monthly Rollup)","http://support.microsoft.com/kb/5022903","No LDR Only available","No LDR Only available","No LDR Only available"," ","23-02Rollup"
"Gpmgmt.dll","Dom_GPSVC","6.2.9200.16518","1","18-Oct-2022","GDR","5022903","February 14, 2023-KB5022903 (Monthly Rollup)","http://support.microsoft.com/kb/5022903","No LDR Only available","No LDR Only available","No LDR Only available","rEX","23-02Rollup"
"Gprsop.dll","Dom_GPSVC","6.2.9200.16384","1","18-Oct-2022","GDR","5022903","February 14, 2023-KB5022903 (Monthly Rollup)","http://support.microsoft.com/kb/5022903","No LDR Only available","No LDR Only available","No LDR Only available","rEX","23-02Rollup"
"Userenv.dll","Dom_GPSVC","6.2.9200.23176","1","28-Sep-2020","GDR","5022903","February 14, 2023-KB5022903 (Monthly Rollup)","http://support.microsoft.com/kb/5022903","No LDR Only available","No LDR Only available","No LDR Only available"," ","23-02Rollup"
"Gpprnext.dll","Dom_GPExt","6.2.9200.16384","1","11-Oct-2022","GDR","5022903","February 14, 2023-KB5022903 (Monthly Rollup)","http://support.microsoft.com/kb/5022903","No LDR Only available","No LDR Only available","No LDR Only available","rEX","23-02Rollup"
"Appmgmts.dll","Dom_GPExt","6.2.9200.16384","1","11-Oct-2022","GDR","5022903","February 14, 2023-KB5022903 (Monthly Rollup)","http://support.microsoft.com/kb/5022903","No LDR Only available","No LDR Only available","No LDR Only available","rEX","23-02Rollup"
"Gpprefcl.dll","Dom_GPP","6.2.9200.23963","1","08-Nov-2022","GDR","5022903","February 14, 2023-KB5022903 (Monthly Rollup)","http://support.microsoft.com/kb/5022903","No LDR Only available","No LDR Only available","No LDR Only available","rEX","23-02Rollup"
"Gpme.dll","Dom_GPP","6.2.9200.23176","1","28-Sep-2020","GDR","5022903","February 14, 2023-KB5022903 (Monthly Rollup)","http://support.microsoft.com/kb/5022903","No LDR Only available","No LDR Only available","No LDR Only available"," ","23-02Rollup"
"Gppref.dll","Dom_GPP","6.2.9200.23176","1","28-Sep-2020","GDR","5022903","February 14, 2023-KB5022903 (Monthly Rollup)","http://support.microsoft.com/kb/5022903","No LDR Only available","No LDR Only available","No LDR Only available"," ","23-02Rollup"
"Gpprefbr.dll","Dom_GPP","6.2.9200.23176","1","28-Sep-2020","GDR","5022903","February 14, 2023-KB5022903 (Monthly Rollup)","http://support.microsoft.com/kb/5022903","No LDR Only available","No LDR Only available","No LDR Only available"," ","23-02Rollup"
"Gpprefcn.dll","Dom_GPP","6.2.9200.23176","1","28-Sep-2020","GDR","5022903","February 14, 2023-KB5022903 (Monthly Rollup)","http://support.microsoft.com/kb/5022903","No LDR Only available","No LDR Only available","No LDR Only available"," ","23-02Rollup"
"Gpregistrybrowser.dll","Dom_GPP","6.2.9200.23176","1","28-Sep-2020","GDR","5022903","February 14, 2023-KB5022903 (Monthly Rollup)","http://support.microsoft.com/kb/5022903","No LDR Only available","No LDR Only available","No LDR Only available"," ","23-02Rollup"
"Propshts.dll","Dom_GPP","6.2.9200.23176","1","28-Sep-2020","GDR","5022903","February 14, 2023-KB5022903 (Monthly Rollup)","http://support.microsoft.com/kb/5022903","No LDR Only available","No LDR Only available","No LDR Only available"," ","23-02Rollup"
"Repdrvfs.dll","Core_WMI","6.2.9200.23013","0","11-Mar-2020","GDR","5022903","February 14, 2023-KB5022903 (Monthly Rollup)","http://support.microsoft.com/kb/5022903","No LDR Only available","No LDR Only available","No LDR Only available"," ","23-02Rollup"
"Profprov.dll","Dom_ProfProc","6.2.9200.16384","1","11-Oct-2022","GDR","5022903","February 14, 2023-KB5022903 (Monthly Rollup)","http://support.microsoft.com/kb/5022903","No LDR Only available","No LDR Only available","No LDR Only available","rEX","23-02Rollup"
"Profsvc.dll","Dom_ProfProc","6.2.9200.23176","1","28-Sep-2020","GDR","5022903","February 14, 2023-KB5022903 (Monthly Rollup)","http://support.microsoft.com/kb/5022903","No LDR Only available","No LDR Only available","No LDR Only available"," ","23-02Rollup"
"Fdeploy.dll","Dom_FolderRedir","6.2.9200.16384","1","11-Oct-2022","GDR","5022903","February 14, 2023-KB5022903 (Monthly Rollup)","http://support.microsoft.com/kb/5022903","No LDR Only available","No LDR Only available","No LDR Only available","rEX","23-02Rollup"
"Csc.sys","Net_CSC_Offline","6.2.9200.22508","1","28-Jun-2018","GDR","5022903","February 14, 2023-KB5022903 (Monthly Rollup)","http://support.microsoft.com/kb/5022903","No LDR Only available","No LDR Only available","No LDR Only available"," ","23-02Rollup"
"Cscapi.dll","Net_CSC_Offline","6.2.9200.16384","1","11-Oct-2022","GDR","5022903","February 14, 2023-KB5022903 (Monthly Rollup)","http://support.microsoft.com/kb/5022903","No LDR Only available","No LDR Only available","No LDR Only available","rEX","23-02Rollup"
"Cscdll.dll","Net_CSC_Offline","6.2.9200.16384","1","11-Oct-2022","GDR","5022903","February 14, 2023-KB5022903 (Monthly Rollup)","http://support.microsoft.com/kb/5022903","No LDR Only available","No LDR Only available","No LDR Only available","rEX","23-02Rollup"
"Cscsvc.dll","Net_CSC_Offline","6.2.9200.23346","1","13-Apr-2021","GDR","5022903","February 14, 2023-KB5022903 (Monthly Rollup)","http://support.microsoft.com/kb/5022903","No LDR Only available","No LDR Only available","No LDR Only available"," ","23-02Rollup"
"Cscmig.dll","Net_CSC_Offline","6.2.9200.20521","1","19-Sep-2012","GDR","5022903","February 14, 2023-KB5022903 (Monthly Rollup)","http://support.microsoft.com/kb/5022903","No LDR Only available","No LDR Only available","No LDR Only available"," ","23-02Rollup"
"Cscui.dll","Net_CSC_Offline","6.2.9200.16384","1","11-Oct-2022","GDR","5022903","February 14, 2023-KB5022903 (Monthly Rollup)","http://support.microsoft.com/kb/5022903","No LDR Only available","No LDR Only available","No LDR Only available","rEX","23-02Rollup"
"Esent.dll","Dom_ESENT","6.2.9200.21919","0","06-Jul-2016","LDR","3179575 (v1.0)","August 2016 update rollup for Windows Server 2012","http://support.microsoft.com/kb/3179575","No LDR Only available","No LDR Only available","No LDR Only available","rEX","16-08Rollup"
"Ntdsai.dll","Dom_NTDSAI","6.2.9200.24073","0","10-Jan-2023","GDR","5022903","February 14, 2023-KB5022903 (Monthly Rollup)","http://support.microsoft.com/kb/5022903","No LDR Only available","No LDR Only available","No LDR Only available","rEX","23-02Rollup"
"Ntdsutil.exe","Dom_NTDSAI","6.2.9200.16384","0","18-Oct-2022","GDR","5022903","February 14, 2023-KB5022903 (Monthly Rollup)","http://support.microsoft.com/kb/5022903","No LDR Only available","No LDR Only available","No LDR Only available","rEX","23-02Rollup"
"Samsrv.dll","Dom_SAMSRV","6.2.9200.23913","0","18-Oct-2022","GDR","5022903","February 14, 2023-KB5022903 (Monthly Rollup)","http://support.microsoft.com/kb/5022903","No LDR Only available","No LDR Only available","No LDR Only available","rEX","23-02Rollup"
"Samlib.dll","Dom_SAMSRV","6.2.9200.23407","0","25-Jun-2021","GDR","5022903","February 14, 2023-KB5022903 (Monthly Rollup)","http://support.microsoft.com/kb/5022903","No LDR Only available","No LDR Only available","No LDR Only available"," ","23-02Rollup"
"Kdcsvc.dll","Dom_KDCSVC","6.2.9200.24073","0","10-Jan-2023","GDR","5022903","February 14, 2023-KB5022903 (Monthly Rollup)","http://support.microsoft.com/kb/5022903","No LDR Only available","No LDR Only available","No LDR Only available","rEX","23-02Rollup"
"Dfsrs.exe","Dom_DFS-R","6.2.9200.21394","0","08-Nov-2022","GDR","5022903","February 14, 2023-KB5022903 (Monthly Rollup)","http://support.microsoft.com/kb/5022903","No LDR Only available","No LDR Only available","No LDR Only available","rEX","23-02Rollup"
"Dfsrress.dll","Dom_DFS-R","6.2.9200.16384","0","18-Oct-2022","GDR","5022903","February 14, 2023-KB5022903 (Monthly Rollup)","http://support.microsoft.com/kb/5022903","No LDR Only available","No LDR Only available","No LDR Only available","rEX","23-02Rollup"
"Dfsrro.sys","Dom_DFS-R","6.2.9200.16384","0","18-Oct-2022","GDR","5022903","February 14, 2023-KB5022903 (Monthly Rollup)","http://support.microsoft.com/kb/5022903","No LDR Only available","No LDR Only available","No LDR Only available","rEX","23-02Rollup"
"Microsoft.identityserver.service.dll","Dom_ADFS","6.2.9200.22085","0","08-Feb-2017","GDR","5022903","February 14, 2023-KB5022903 (Monthly Rollup)","http://support.microsoft.com/kb/5022903","No LDR Only available","No LDR Only available","No LDR Only available"," ","23-02Rollup"
"Microsoft.identityserver.webhost.dll","Dom_ADFS","6.2.9200.1","0","08-Nov-2022","GDR","5022348","January 10, 2023-KB5022348 (Monthly Rollup)","http://support.microsoft.com/kb/5022348","No LDR Only available","No LDR Only available","No LDR Only available"," ","23-01Rollup"
"Microsoft.identityserver.web.dll","Dom_ADFS","6.2.9200.1","0","08-Nov-2022","GDR","5022348","January 10, 2023-KB5022348 (Monthly Rollup)","http://support.microsoft.com/kb/5022348","No LDR Only available","No LDR Only available","No LDR Only available"," ","23-01Rollup"
"Microsoft.identityserver.dll","Dom_ADFS","6.2.9200.22085","0","08-Feb-2017","GDR","5022903","February 14, 2023-KB5022903 (Monthly Rollup)","http://support.microsoft.com/kb/5022903","No LDR Only available","No LDR Only available","No LDR Only available"," ","23-02Rollup"
"Microsoft.identityserver.proxyservice.exe","Dom_ADFS","6.2.9200.1","0","08-Nov-2022","GDR","5022348","January 10, 2023-KB5022348 (Monthly Rollup)","http://support.microsoft.com/kb/5022348","No LDR Only available","No LDR Only available","No LDR Only available"," ","23-01Rollup"
"5001401","Win2012_21_04_SSU_KB","KBOnlyVersion","0","13-Apr-2021","GDR","5001401","KB5001401: Servicing stack update for Windows Server 2012: April 13, 2021","http://support.microsoft.com/kb/5001401","No LDR Only available","No LDR Only available","No LDR Only available"," ","No Rollup"
"2756872","Win2012_12_10_rollup_KB"," ","0","23.09.2012","GDR","2756872 (v1.0)","Windows 8 Client and Windows Server 2012 General Availability Update Rollup","http://support.microsoft.com/kb/2756872","No LDR Only available","No LDR Only available","No LDR Only available"," ","12-10Rollup"
"2770917","Win2012_12_11_rollup_KB"," ","0","14.10.2012","GDR","2770917 (v1.0)","Windows 8 and Windows Server 2012 update rollup: November 2012","http://support.microsoft.com/kb/2770917","No LDR Only available","No LDR Only available","No LDR Only available"," ","12-11Rollup"
"2779768","Win2012_12_12_rollup_KB"," ","0","09.11.2012","GDR","2779768 (v1.1)","Windows 8 and Windows Server 2012 update rollup: December 2012","http://support.microsoft.com/kb/2779768","No LDR Only available","No LDR Only available","No LDR Only available"," ","12-12Rollup"
"2785094","Win2012_13_01_rollup_KB"," ","0","29.11.2012","GDR","2785094 (v1.2)","Windows 8 and Windows Server 2012 update rollup: January 2013","http://support.microsoft.com/kb/2785094","No LDR Only available","No LDR Only available","No LDR Only available"," ","13-01Rollup"
"2795944","Win2012_13_02_rollup_KB"," ","0","11.01.2013","GDR","2795944 (v1.1)","Windows 8 and Windows Server 2012 update rollup: February 2013","http://support.microsoft.com/kb/2795944","No LDR Only available","No LDR Only available","No LDR Only available"," ","13-02Rollup"
"2811660","Win2012_13_03_rollup_KB"," ","0","04.02.2013","GDR","2811660 (v1.0)","Windows 8 and Windows Server 2012 update rollup: March 2013","http://support.microsoft.com/kb/2811660","No LDR Only available","No LDR Only available","No LDR Only available"," ","13-03Rollup"
"2822241","Win2012_13_04_rollup_KB"," ","0","05.03.2013","GDR","2822241 (v1.0)","Windows 8 and Windows Server 2012 update rollup: April 2013","http://support.microsoft.com/kb/2822241","No LDR Only available","No LDR Only available","No LDR Only available"," ","13-04Rollup"
"2836988","Win2012_13_05_rollup_KB"," ","0","11.04.2013","GDR","2836988 (v1.0)","Windows 8 and Windows Server 2012 update rollup: May 2013","http://support.microsoft.com/kb/2836988","No LDR Only available","No LDR Only available","No LDR Only available"," ","13-05Rollup"
"2845533","Win2012_13_06_rollup_KB"," ","0","07.05.2013","GDR","2845533 (v1.2)","Windows RT, Windows 8, and Windows Server 2012 update rollup: June 2013","http://support.microsoft.com/kb/2845533","No LDR Only available","No LDR Only available","No LDR Only available"," ","13-06Rollup"
"2855336","Win2012_13_07_rollup_KB"," ","0","02.06.2013","GDR","2855336 (v1.0)","Windows RT, Windows 8, and Windows Server 2012 update rollup: July 2013","http://support.microsoft.com/kb/2855336","No LDR Only available","No LDR Only available","No LDR Only available"," ","13-07Rollup"
"2862768","Win2012_13_08_rollup_KB"," ","0","02.07.2013","GDR","2862768 (v1.0)","Windows RT, Windows 8, and Windows Server 2012 update rollup: August 2013","http://support.microsoft.com/kb/2862768","No LDR Only available","No LDR Only available","No LDR Only available"," ","13-08Rollup"
"2876415","Win2012_13_09_rollup_KB"," ","0","02.08.2013","GDR","2876415 (v1.0)","Windows RT, Windows 8, and Windows Server 2012 update rollup: September 2013","http://support.microsoft.com/kb/2876415","No LDR Only available","No LDR Only available","No LDR Only available"," ","13-09Rollup"
"2883201","Win2012_13_10_rollup_KB"," ","0","02.09.2013","GDR","2883201 (v1.0)","Windows RT, Windows 8, and Windows Server 2012 update rollup: October 2013","http://support.microsoft.com/kb/2883201","No LDR Only available","No LDR Only available","No LDR Only available"," ","13-10Rollup"
"2889784","Win2012_13_11_rollup_KB"," ","0","02.10.2013","GDR","2889784 (v1.0)","Windows RT, Windows 8, and Windows Server 2012 update rollup: November 2013","http://support.microsoft.com/kb/2889784","No LDR Only available","No LDR Only available","No LDR Only available"," ","13-11Rollup"
"2903938","Win2012_13_12_rollup_KB"," ","0","02.11.2013","GDR","2903938 (v1.0)","Windows RT, Windows 8, and Windows Server 2012 update rollup: December 2013","http://support.microsoft.com/kb/2903938","No LDR Only available","No LDR Only available","No LDR Only available"," ","13-12Rollup"
"2911101","Win2012_14_01_rollup_KB"," ","0","02.12.2013","GDR","2911101 (v1.0)","Windows RT, Windows 8, and Windows Server 2012 update rollup: January 2014","http://support.microsoft.com/kb/2911101","No LDR Only available","No LDR Only available","No LDR Only available"," ","14-01Rollup"
"2919393","Win2012_14_02_rollup_KB"," ","0","02.01.2014","GDR","2919393 (v1.0)","Windows RT, Windows 8, and Windows Server 2012 update rollup: February 2014","http://support.microsoft.com/kb/2919393","No LDR Only available","No LDR Only available","No LDR Only available"," ","14-02Rollup"
"2928678","Win2012_14_03_rollup_KB"," ","0","02.02.2014","GDR","2928678 (v1.0)","Windows RT, Windows 8, and Windows Server 2012 update rollup: March 2014","http://support.microsoft.com/kb/2928678","No LDR Only available","No LDR Only available","No LDR Only available"," ","14-03Rollup"
"2934016","Win2012_14_04_rollup_KB"," ","0","02.03.2014","GDR","2934016 (v1.0)","Windows RT, Windows 8, and Windows Server 2012 update rollup: April 2014","http://support.microsoft.com/kb/2934016","No LDR Only available","No LDR Only available","No LDR Only available"," ","14-04Rollup"
"2955163","Win2012_14_05_rollup_KB"," ","0","02.04.2014","GDR","2955163 (v1.0)","Windows RT, Windows 8, and Windows Server 2012 update rollup: May 2014","http://support.microsoft.com/kb/2955163","No LDR Only available","No LDR Only available","No LDR Only available"," ","14-05Rollup"
"2962407","Win2012_14_06_rollup_KB"," ","0","02.05.2014","GDR","2962407 (v1.0)","Windows RT, Windows 8, and Windows Server 2012 update rollup: June 2014","http://support.microsoft.com/kb/2962407","No LDR Only available","No LDR Only available","No LDR Only available"," ","14-06Rollup"
"2967916","Win2012_14_07_rollup_KB"," ","0","02.06.2014","GDR","2967916 (v1.0)","July 2014 update rollup for Windows RT, Windows 8, and Windows Server 2012","http://support.microsoft.com/kb/2967916","No LDR Only available","No LDR Only available","No LDR Only available"," ","14-07Rollup"
"2975331","Win2012_14_08_rollup_KB"," ","0","12.08.2014","GDR","2975331 (v1.0)","August 2014 update rollup for Windows RT, Windows 8, and Windows Server 2012","http://support.microsoft.com/kb/2975331","No LDR Only available","No LDR Only available","No LDR Only available"," ","14-08Rollup"
"2984005","Win2012_14_09_rollup_KB"," ","0","10.09.2014","GDR","2984005 (v2.0)","September 2014 update rollup for Windows RT, Windows 8, and Windows Server 2012","http://support.microsoft.com/kb/2984005","No LDR Only available","No LDR Only available","No LDR Only available"," ","14-09Rollup"
"2995387","Win2012_14_10_rollup_KB"," ","0","15.10.2014","GDR","2995387 (v2.0)","October 2014 update rollup for Windows RT, Windows 8, and Windows Server 2012","http://support.microsoft.com/kb/2995387","No LDR Only available","No LDR Only available","No LDR Only available"," ","14-10Rollup"
"3000853","Win2012_14_11_rollup_KB"," ","0","15.11.2014","GDR","3000853 (v2.0)","November 2014 update rollup for Windows RT, Windows 8, and Windows Server 2012","http://support.microsoft.com/kb/3000853","No LDR Only available","No LDR Only available","No LDR Only available"," ","14-11Rollup"
"3013767","Win2012_14_12_rollup_KB"," ","0","10.12.2014","GDR","3013767 (v2.0)","December 2014 update rollup for Windows RT, Windows 8, and Windows Server 2012","http://support.microsoft.com/kb/3013767","No LDR Only available","No LDR Only available","No LDR Only available"," ","14-12Rollup"
"3156416","Win2012_16_05_rollup_KB"," ","0","17.05.2016","GDR","3156416 (v1.0)","May 2016 update rollup for Windows Server 2012","http://support.microsoft.com/kb/3156416","No LDR Only available","No LDR Only available","No LDR Only available"," ","16-05Rollup"
"3161609","Win2012_16_06_rollup_KB"," ","0","21.06.2016","GDR","3161609 (v1.0)","June 2016 update rollup for Windows Server 2012","http://support.microsoft.com/kb/3161609","No LDR Only available","No LDR Only available","No LDR Only available"," ","16-06Rollup"
"3172615","Win2012_16_07_rollup_KB"," ","0","19.07.2016","GDR","3172615 (v1.0)","July 2016 update rollup for Windows Server 2012","http://support.microsoft.com/kb/3172615","No LDR Only available","No LDR Only available","No LDR Only available"," ","16-07Rollup"
"3179575","Win2012_16_08_rollup_KB"," ","0","16.08.2016","GDR","3179575 (v1.0)","August 2016 update rollup for Windows Server 2012","http://support.microsoft.com/kb/3179575","No LDR Only available","No LDR Only available","No LDR Only available"," ","16-08Rollup"
"5022903","Win2012_23-02_B_rollup_KB"," ","0","14-Feb-2023","GDR","5022903","February 14, 2023-KB5022903 (Monthly Rollup)","http://support.microsoft.com/kb/5022903","No LDR Only available","No LDR Only available","No LDR Only available"," ","23-02Rollup"
