"Binary","Component","Version","Prio","Published","Branch","Article","Title","Link","LDROnlyKB","LDROnlyTitle","LDROnlyLink","Comment","RollupInfo"
"Clussvc.exe","Cluster_Core","6.2.19041.1381","0","7-Nov-2021","GDR","5008212","December 14, 2021-KB5008212 (OS Builds 19041.1415, 19042.1415, 19043.1415, and 19044.1415)","http://support.microsoft.com/kb/5008212","No LDR Only available","No LDR Only available","No LDR Only available"," ","21-12Rollup"
"ClusWMI.dll","Cluster_Core","6.2.19041.1202","0","7-Nov-2021","GDR","5008212","December 14, 2021-KB5008212 (OS Builds 19041.1415, 19042.1415, 19043.1415, and 19044.1415)","http://support.microsoft.com/kb/5008212","No LDR Only available","No LDR Only available","No LDR Only available"," ","21-12Rollup"
"Rhs.exe","Cluster_Core","6.2.19041.1202","0","7-Nov-2021","GDR","5008212","December 14, 2021-KB5008212 (OS Builds 19041.1415, 19042.1415, 19043.1415, and 19044.1415)","http://support.microsoft.com/kb/5008212","No LDR Only available","No LDR Only available","No LDR Only available"," ","21-12Rollup"
"Clusres.dll","Cluster_Core","6.2.19041.1381","0","7-Nov-2021","GDR","5008212","December 14, 2021-KB5008212 (OS Builds 19041.1415, 19042.1415, 19043.1415, and 19044.1415)","http://support.microsoft.com/kb/5008212","No LDR Only available","No LDR Only available","No LDR Only available"," ","21-12Rollup"
"Clusres2.dll","Cluster_Core","6.2.19041.1202","0","7-Nov-2021","GDR","5008212","December 14, 2021-KB5008212 (OS Builds 19041.1415, 19042.1415, 19043.1415, and 19044.1415)","http://support.microsoft.com/kb/5008212","No LDR Only available","No LDR Only available","No LDR Only available"," ","21-12Rollup"
"Netft.sys","Cluster_Core","6.2.19041.1320","0","7-Nov-2021","GDR","5008212","December 14, 2021-KB5008212 (OS Builds 19041.1415, 19042.1415, 19043.1415, and 19044.1415)","http://support.microsoft.com/kb/5008212","No LDR Only available","No LDR Only available","No LDR Only available"," ","21-12Rollup"
"Csvfs.sys","Cluster_CSV","6.2.19041.546","0","7-Nov-2021","GDR","5008212","December 14, 2021-KB5008212 (OS Builds 19041.1415, 19042.1415, 19043.1415, and 19044.1415)","http://support.microsoft.com/kb/5008212","No LDR Only available","No LDR Only available","No LDR Only available"," ","21-12Rollup"
"Vhdmp.sys","Cluster_CSV","6.2.19041.1266","0","7-Nov-2021","GDR","5008212","December 14, 2021-KB5008212 (OS Builds 19041.1415, 19042.1415, 19043.1415, and 19044.1415)","http://support.microsoft.com/kb/5008212","No LDR Only available","No LDR Only available","No LDR Only available"," ","21-12Rollup"
"Svhdxflt.sys","Cluster_CSV","6.2.19041.928","0","7-Nov-2021","GDR","5008212","December 14, 2021-KB5008212 (OS Builds 19041.1415, 19042.1415, 19043.1415, and 19044.1415)","http://support.microsoft.com/kb/5008212","No LDR Only available","No LDR Only available","No LDR Only available"," ","21-12Rollup"
"Volsnap.sys","Cluster_Volsnap","6.2.19041.488","0","7-Nov-2021","GDR","5008212","December 14, 2021-KB5008212 (OS Builds 19041.1415, 19042.1415, 19043.1415, and 19044.1415)","http://support.microsoft.com/kb/5008212","No LDR Only available","No LDR Only available","No LDR Only available"," ","21-12Rollup"
"Cprepsrv.exe","Cluster_Validation","6.2.19041.1202","1","7-Nov-2021","GDR","5008212","December 14, 2021-KB5008212 (OS Builds 19041.1415, 19042.1415, 19043.1415, and 19044.1415)","http://support.microsoft.com/kb/5008212","No LDR Only available","No LDR Only available","No LDR Only available"," ","21-12Rollup"
"Failoverclusters.agent.interop.dll","Cluster_Validation","6.2.19041.662","1","7-Nov-2021","GDR","5008212","December 14, 2021-KB5008212 (OS Builds 19041.1415, 19042.1415, 19043.1415, and 19044.1415)","http://support.microsoft.com/kb/5008212","No LDR Only available","No LDR Only available","No LDR Only available"," ","21-12Rollup"
"Mpio.sys","Core_MPIO","6.2.19041.789","0","7-Nov-2021","GDR","5008212","December 14, 2021-KB5008212 (OS Builds 19041.1415, 19042.1415, 19043.1415, and 19044.1415)","http://support.microsoft.com/kb/5008212","No LDR Only available","No LDR Only available","No LDR Only available"," ","21-12Rollup"
"Storport.sys","Core_DiskSystem","6.2.19041.1415","0","14-Dec-21","GDR","5008212","December 14, 2021-KB5008212 (OS Builds 19041.1415, 19042.1415, 19043.1415, and 19044.1415)","http://support.microsoft.com/kb/5008212","No LDR Only available","No LDR Only available","No LDR Only available"," ","21-12Rollup"
"5007253","Win20162004_21-11_C_rollup_KB"," ","0","22-Nov-2021","GDR","5007253","November 22, 2021-KB5007253 (OS Builds 19041.1382, 19042.1382, 19043.1382, and 19044.1382) Preview","http://support.microsoft.com/kb/5007253","KB only","KB only","KB only"," ","21-11Rollup"
