"Binary","Component","Version","Prio","Published","Branch","Article","Title","Link","LDROnlyKB","LDROnlyTitle","LDROnlyLink","Comment","RollupInfo"
"srv.sys","Net_SMB_Server","6.2.16299.1932","0","2-Jun-20","GDR","4580328","October 13, 2020-KB4580328 (OS Build 16299.2166)","http://support.microsoft.com/kb/4580328","No LDR Only available","No LDR Only available","No LDR Only available","rEX","20-10Rollup"
"Mrxsmb.sys","Net_SMB_Client","6.2.16299.1387","0","4-Sep-19","GDR","4580328","October 13, 2020-KB4580328 (OS Build 16299.2166)","http://support.microsoft.com/kb/4580328","No LDR Only available","No LDR Only available","No LDR Only available","rEX","20-10Rollup"
"Tcpip.sys","Net_Protocol","6.2.16299.2166","0","30-Sep-20","GDR","4580328","October 13, 2020-KB4580328 (OS Build 16299.2166)","http://support.microsoft.com/kb/4580328","No LDR Only available","No LDR Only available","No LDR Only available","rEX","20-10Rollup"
"Tunnel.sys","Net_IPv6","6.2.16299.1504","1","24-Oct-19","GDR","4580328","October 13, 2020-KB4580328 (OS Build 16299.2166)","http://support.microsoft.com/kb/4580328","No LDR Only available","No LDR Only available","No LDR Only available","rEX","20-10Rollup"
"Dhcpcsvc6.dll","Net_IPv6","6.2.16299.2107","1","2-Sep-20","GDR","4580328","October 13, 2020-KB4580328 (OS Build 16299.2166)","http://support.microsoft.com/kb/4580328","No LDR Only available","No LDR Only available","No LDR Only available","rEX","20-10Rollup"
"Nlasvc.dll","Net_NLA","6.2.16299.1992","0","8-Jul-20","GDR","4580328","October 13, 2020-KB4580328 (OS Build 16299.2166)","http://support.microsoft.com/kb/4580328","No LDR Only available","No LDR Only available","No LDR Only available","rEX","20-10Rollup"
"Dns.exe","Net_DNS_Srv","6.2.16299.2107","0","2-Sep-20","GDR","4580328","October 13, 2020-KB4580328 (OS Build 16299.2166)","http://support.microsoft.com/kb/4580328","No LDR Only available","No LDR Only available","No LDR Only available","rEX","20-10Rollup"
"Cscsvc.dll","Net_CSC_Offline","6.2.16299.2045","1","5-Aug-20","GDR","4580328","October 13, 2020-KB4580328 (OS Build 16299.2166)","http://support.microsoft.com/kb/4580328","No LDR Only available","No LDR Only available","No LDR Only available","rEX","20-10Rollup"
"Cscmig.dll","Net_CSC_Offline","6.2.16299.611","1","7-Aug-18","GDR","4580328","October 13, 2020-KB4580328 (OS Build 16299.2166)","http://support.microsoft.com/kb/4580328","No LDR Only available","No LDR Only available","No LDR Only available","rEX","20-10Rollup"
"Cscui.dll","Net_CSC_Offline","6.2.16299.248","1","10-Feb-18","GDR","4580328","October 13, 2020-KB4580328 (OS Build 16299.2166)","http://support.microsoft.com/kb/4580328","No LDR Only available","No LDR Only available","No LDR Only available","rEX","20-10Rollup"
"Shell32.dll","Net_WebDAV","6.2.16299.2107","1","2-Sep-20","GDR","4580328","October 13, 2020-KB4580328 (OS Build 16299.2166)","http://support.microsoft.com/kb/4580328","No LDR Only available","No LDR Only available","No LDR Only available","rEX","20-10Rollup"
"Rpcss.dll","Net_RPC","6.2.16299.1331","1","7-Aug-19","GDR","4580328","October 13, 2020-KB4580328 (OS Build 16299.2166)","http://support.microsoft.com/kb/4580328","No LDR Only available","No LDR Only available","No LDR Only available","rEX","20-10Rollup"
"Rdpcore.dll","Net_DirectAccess_Client","6.2.16299.1715","1","23-Jan-20","GDR","4580328","October 13, 2020-KB4580328 (OS Build 16299.2166)","http://support.microsoft.com/kb/4580328","No LDR Only available","No LDR Only available","No LDR Only available","rEX","20-10Rollup"
"dot3svc.dll","Net_IEEE802.1x","6.2.16299.371","1","30-Mar-18","GDR","4580328","October 13, 2020-KB4580328 (OS Build 16299.2166)","http://support.microsoft.com/kb/4580328","No LDR Only available","No LDR Only available","No LDR Only available","rEX","20-10Rollup"
"wlanmsm.dll","Net_WLAN_Client","6.2.16299.1932","1","2-Jun-20","GDR","4580328","October 13, 2020-KB4580328 (OS Build 16299.2166)","http://support.microsoft.com/kb/4580328","No LDR Only available","No LDR Only available","No LDR Only available","rEX","20-10Rollup"
"wlansvcpal.dll","Net_WLAN_Client","6.2.16299.15","1","29-Sep-17","GDR","4580328","October 13, 2020-KB4580328 (OS Build 16299.2166)","http://support.microsoft.com/kb/4580328","No LDR Only available","No LDR Only available","No LDR Only available","rEX","20-10Rollup"
"Vmswitch.sys","Hyper-V_Net","6.2.16299.2166","1","30-Sep-20","GDR","4580328","October 13, 2020-KB4580328 (OS Build 16299.2166)","http://support.microsoft.com/kb/4580328","No LDR Only available","No LDR Only available","No LDR Only available","rEX","20-10Rollup"
"Wnv.sys","Hyper-V_Net","6.2.16299.2166","1","30-Sep-20","GDR","4580328","October 13, 2020-KB4580328 (OS Build 16299.2166)","http://support.microsoft.com/kb/4580328","No LDR Only available","No LDR Only available","No LDR Only available","rEX","20-10Rollup"
"Vmms.exe","Hyper-V_Net","6.2.16299.1331","1","7-Aug-19","GDR","4580328","October 13, 2020-KB4580328 (OS Build 16299.2166)","http://support.microsoft.com/kb/4580328","No LDR Only available","No LDR Only available","No LDR Only available","rEX","20-10Rollup"
"pvhdparser.sys","Hyper-V_Net","6.2.16299.371","1","30-Mar-18","GDR","4580328","October 13, 2020-KB4580328 (OS Build 16299.2166)","http://support.microsoft.com/kb/4580328","No LDR Only available","No LDR Only available","No LDR Only available","rEX","20-10Rollup"
"WorkFolderscontrol.dll","Net_WorkFolders","6.2.16299.1932","1","2-Jun-20","GDR","4580328","October 13, 2020-KB4580328 (OS Build 16299.2166)","http://support.microsoft.com/kb/4580328","No LDR Only available","No LDR Only available","No LDR Only available","rEX","20-10Rollup"
"4565553","Win2016RS3_20_07_SSU_KB"," ","0","14-Jul-2020","GDR","4565553","Servicing stack update for Windows 10, version 1709: July 14, 2020","http://support.microsoft.com/kb/4565553","KB only","KB only","KB Only"," ","No Rollup"
"4580328","Win2016RS3_20-10_B_rollup_KB"," ","0","13-Oct-2020","GDR","4580328 (v1.0)","October 13, 2020-KB4580328 (OS Build 16299.2166)","http://support.microsoft.com/kb/4580328","KB only","KB only","KB only"," ","20-10Rollup"
