"Binary","Component","Version","Prio","Published","Branch","Article","Title","Link","LDROnlyKB","LDROnlyTitle","LDROnlyLink","Comment","RollupInfo"
"Ntoskrnl.exe","Core_Kernel","6.2.19041.1202","0","01-Sep-21","GDR","5005101","September 1, 2021-KB5005101 (OS Builds 19041.1202, 19042.1202, and 19043.1202) Preview","http://support.microsoft.com/kb/5005101","KB only","KB only","KB only"," ","21-08Rollup"
"Ntkrnlpa.exe","Core_Kernel","6.2.19041.1","0","06-May-20","GDR","5005101","September 1, 2021-KB5005101 (OS Builds 19041.1202, 19042.1202, and 19043.1202) Preview","http://support.microsoft.com/kb/5005101","KB only","KB only","KB only"," ","21-08Rollup"
"Crashdmp.sys","Core_Kernel","6.2.19041.1","0","06-May-20","GDR","5005101","September 1, 2021-KB5005101 (OS Builds 19041.1202, 19042.1202, and 19043.1202) Preview","http://support.microsoft.com/kb/5005101","KB only","KB only","KB only"," ","21-08Rollup"
"Ntdll.dll","Core_Kernel","6.2.19041.1202","0","01-Sep-21","GDR","5005101","September 1, 2021-KB5005101 (OS Builds 19041.1202, 19042.1202, and 19043.1202) Preview","http://support.microsoft.com/kb/5005101","KB only","KB only","KB only"," ","21-08Rollup"
"Hal.dll","Core_Kernel","6.2.19041.1151","0","29-Jul-21","GDR","5005101","September 1, 2021-KB5005101 (OS Builds 19041.1202, 19042.1202, and 19043.1202) Preview","http://support.microsoft.com/kb/5005101","KB only","KB only","KB only"," ","21-08Rollup"
"Fltmgr.sys","Core_Kernel","6.2.19041.1151","0","29-Jul-21","GDR","5005101","September 1, 2021-KB5005101 (OS Builds 19041.1202, 19042.1202, and 19043.1202) Preview","http://support.microsoft.com/kb/5005101","KB only","KB only","KB only"," ","21-08Rollup"
"win32k.sys","Core_Kernel","6.2.19041.1202","0","01-Sep-21","GDR","5005101","September 1, 2021-KB5005101 (OS Builds 19041.1202, 19042.1202, and 19043.1202) Preview","http://support.microsoft.com/kb/5005101","KB only","KB only","KB only"," ","21-08Rollup"
"Ntfs.sys","Core_FileSystem","6.2.19041.1202","0","01-Sep-21","GDR","5005101","September 1, 2021-KB5005101 (OS Builds 19041.1202, 19042.1202, and 19043.1202) Preview","http://support.microsoft.com/kb/5005101","KB only","KB only","KB only"," ","21-08Rollup"
"dedup.sys","Core_FileSystem","6.2.19041.1","0","06-May-20","GDR","5005101","September 1, 2021-KB5005101 (OS Builds 19041.1202, 19042.1202, and 19043.1202) Preview","http://support.microsoft.com/kb/5005101","KB only","KB only","KB only"," ","21-08Rollup"
"Msiscsi.sys","Core_DiskSystem","6.2.19041.1151","0","29-Jul-21","GDR","5005101","September 1, 2021-KB5005101 (OS Builds 19041.1202, 19042.1202, and 19043.1202) Preview","http://support.microsoft.com/kb/5005101","KB only","KB only","KB only"," ","21-08Rollup"
"Iscsitgt.dll","Core_DiskSystem","6.2.19041.1","0","06-May-20","GDR","5005101","September 1, 2021-KB5005101 (OS Builds 19041.1202, 19042.1202, and 19043.1202) Preview","http://support.microsoft.com/kb/5005101","KB only","KB only","KB only"," ","21-08Rollup"
"Storport.sys","Core_DiskSystem","6.2.19041.1202","0","01-Sep-21","GDR","5005101","September 1, 2021-KB5005101 (OS Builds 19041.1202, 19042.1202, and 19043.1202) Preview","http://support.microsoft.com/kb/5005101","KB only","KB only","KB only"," ","21-08Rollup"
"Repdrvfs.dll","Core_WMI","6.2.19041.1","0","06-May-20","GDR","5005101","September 1, 2021-KB5005101 (OS Builds 19041.1202, 19042.1202, and 19043.1202) Preview","http://support.microsoft.com/kb/5005101","KB only","KB only","KB only"," ","21-08Rollup"
"Mpio.sys","Core_MPIO","6.2.19041.789","0","02-Feb-21","GDR","5005101","September 1, 2021-KB5005101 (OS Builds 19041.1202, 19042.1202, and 19043.1202) Preview","http://support.microsoft.com/kb/5005101","KB only","KB only","KB only"," ","21-08Rollup"
"Msdsm.sys","Core_MPIO","6.2.19041.1","0","06-May-20","GDR","5005101","September 1, 2021-KB5005101 (OS Builds 19041.1202, 19042.1202, and 19043.1202) Preview","http://support.microsoft.com/kb/5005101","KB only","KB only","KB only"," ","21-08Rollup"
"Advapi32.dll","Core_Apps","6.2.19041.1052","0","08-Jun-21","GDR","5005101","September 1, 2021-KB5005101 (OS Builds 19041.1202, 19042.1202, and 19043.1202) Preview","http://support.microsoft.com/kb/5005101","KB only","KB only","KB only"," ","21-08Rollup"
"Vssapi.dll","Core_VSS","6.2.19041.746","1","01-Oct-20","GDR","5005101","September 1, 2021-KB5005101 (OS Builds 19041.1202, 19042.1202, and 19043.1202) Preview","http://support.microsoft.com/kb/5005101","KB only","KB only","KB only"," ","21-08Rollup"
"Vsstrace.dll","Core_VSS","6.2.19041.546","1","01-Oct-20","GDR","5005101","September 1, 2021-KB5005101 (OS Builds 19041.1202, 19042.1202, and 19043.1202) Preview","http://support.microsoft.com/kb/5005101","KB only","KB only","KB only"," ","21-08Rollup"
"vsssvc.exe","Core_VSS","6.2.19041.1","1","06-May-20","GDR","5005101","September 1, 2021-KB5005101 (OS Builds 19041.1202, 19042.1202, and 19043.1202) Preview","http://support.microsoft.com/kb/5005101","KB only","KB only","KB only"," ","21-08Rollup"
"Swprv.dll","Core_VSS","6.2.19041.746","1","09-Jun-20","GDR","5005101","September 1, 2021-KB5005101 (OS Builds 19041.1202, 19042.1202, and 19043.1202) Preview","http://support.microsoft.com/kb/5005101","KB only","KB only","KB only"," ","21-08Rollup"
"spp.dll","Core_VSS","6.2.19041.746","1","06-May-20","GDR","5005101","September 1, 2021-KB5005101 (OS Builds 19041.1202, 19042.1202, and 19043.1202) Preview","http://support.microsoft.com/kb/5005101","KB only","KB only","KB only"," ","21-08Rollup"
"wbengine.exe","Core_VSS","6.2.19041.746","1","09-Jun-20","GDR","5005101","September 1, 2021-KB5005101 (OS Builds 19041.1202, 19042.1202, and 19043.1202) Preview","http://support.microsoft.com/kb/5005101","KB only","KB only","KB only"," ","21-08Rollup"
"blbsrv.dll","Core_VSS","6.2.19041.1","1","06-May-20","GDR","5005101","September 1, 2021-KB5005101 (OS Builds 19041.1202, 19042.1202, and 19043.1202) Preview","http://support.microsoft.com/kb/5005101","KB only","KB only","KB only"," ","21-08Rollup"
"Volsnap.sys","Cluster_Volsnap","6.2.19041.488","0","06-May-20","GDR","5005101","September 1, 2021-KB5005101 (OS Builds 19041.1202, 19042.1202, and 19043.1202) Preview","http://support.microsoft.com/kb/5005101","KB only","KB only","KB only"," ","21-08Rollup"
"pci.sys","Core_Sys","6.2.19041.1202","1","01-Sep-21","GDR","5005101","September 1, 2021-KB5005101 (OS Builds 19041.1202, 19042.1202, and 19043.1202) Preview","http://support.microsoft.com/kb/5005101","KB only","KB only","KB only"," ","21-08Rollup"
"Termdd.sys","Core_Sys","6.2.19041.1","1","06-May-20","GDR","5005101","September 1, 2021-KB5005101 (OS Builds 19041.1202, 19042.1202, and 19043.1202) Preview","http://support.microsoft.com/kb/5005101","KB only","KB only","KB only"," ","21-08Rollup"
"Volmgr.sys","Core_Sys","6.2.19041.928","1","13-Apr-21","GDR","5005101","September 1, 2021-KB5005101 (OS Builds 19041.1202, 19042.1202, and 19043.1202) Preview","http://support.microsoft.com/kb/5005101","KB only","KB only","KB only"," ","21-08Rollup"
"Crypt32.dll","Dom_CRYPTO","6.2.19041.1202","1","01-Sep-21","GDR","5005101","September 1, 2021-KB5005101 (OS Builds 19041.1202, 19042.1202, and 19043.1202) Preview","http://support.microsoft.com/kb/5005101","KB only","KB only","KB only"," ","21-08Rollup"
"Cryptsvc.dll","Dom_CRYPTO","6.2.19041.1","1","06-May-20","GDR","5005101","September 1, 2021-KB5005101 (OS Builds 19041.1202, 19042.1202, and 19043.1202) Preview","http://support.microsoft.com/kb/5005101","KB only","KB only","KB only"," ","21-08Rollup"
"Cryptnet.dll","Dom_CRYPTO","6.2.19041.906","1","29-Mar-21","GDR","5005101","September 1, 2021-KB5005101 (OS Builds 19041.1202, 19042.1202, and 19043.1202) Preview","http://support.microsoft.com/kb/5005101","KB only","KB only","KB only"," ","21-08Rollup"
"Wintrust.dll","Dom_CRYPTO","6.2.19041.1202","1","01-Sep-21","GDR","5005101","September 1, 2021-KB5005101 (OS Builds 19041.1202, 19042.1202, and 19043.1202) Preview","http://support.microsoft.com/kb/5005101","KB only","KB only","KB only"," ","21-08Rollup"
"Cryptdll.dll","Dom_CRYPTO","6.2.19041.546","1","01-Oct-20","GDR","5005101","September 1, 2021-KB5005101 (OS Builds 19041.1202, 19042.1202, and 19043.1202) Preview","http://support.microsoft.com/kb/5005101","KB only","KB only","KB only"," ","21-08Rollup"
"Cryptcatsvc.dll","Dom_CRYPTO","6.2.19041.508","1","14-Jul-20","GDR","5005101","September 1, 2021-KB5005101 (OS Builds 19041.1202, 19042.1202, and 19043.1202) Preview","http://support.microsoft.com/kb/5005101","KB only","KB only","KB only"," ","21-08Rollup"
"Tzres.dll","Core_TimeZone","6.2.19041.1","1","06-May-20","GDR","5005101","September 1, 2021-KB5005101 (OS Builds 19041.1202, 19042.1202, and 19043.1202) Preview","http://support.microsoft.com/kb/5005101","KB only","KB only","KB only"," ","21-08Rollup"
"5005101","Win201621H1_21-08_C_rollup_KB"," ","0","01-Sep-2021","GDR","5005101","September 1, 2021-KB5005101 (OS Builds 19041.1202, 19042.1202, and 19043.1202) Preview","http://support.microsoft.com/kb/5005101","KB only","KB only","KB only"," ","21-08Rollup"
