"Binary","Component","Version","Prio","Published","Branch","Article","Title","Link","LDROnlyKB","LDROnlyTitle","LDROnlyLink","Comment","RollupInfo"
"Ntoskrnl.exe","Core_Kernel","6.2.17763.4010","0","03-Feb-2023","GDR","5022840","February 14, 2023-KB5022840 (OS Build 17763.4010)","http://support.microsoft.com/kb/5022840","No LDR Only available","No LDR Only available","No LDR Only available"," ","23-02Rollup"
"Ntkrnlpa.exe","Core_Kernel","6.2.17763.1","0","","RTM","5022840","","","","","","",""
"Crashdmp.sys","Core_Kernel","6.2.17763.771","0","12-Sep-2019","GDR","5022840","February 14, 2023-KB5022840 (OS Build 17763.4010)","http://support.microsoft.com/kb/5022840","No LDR Only available","No LDR Only available","No LDR Only available"," ","23-02Rollup"
"win32k.sys","Core_Kernel","6.2.17763.557","0","17-Oct-2022","GDR","5022286","January 10, 2023-KB5022286 (OS Build 17763.3887)","http://support.microsoft.com/kb/5022286","No LDR Only available","No LDR Only available","No LDR Only available","rEX","23-02Rollup"
"Rdpshell.exe","RDS_remote_App","6.2.17763.2989","0","14-May-2022","GDR","5022840","February 14, 2023-KB5022840 (OS Build 17763.4010)","http://support.microsoft.com/kb/5022840","No LDR Only available","No LDR Only available","No LDR Only available"," ","23-02Rollup"
"Rdsdwmdr.dll","RDS_remote_App","6.2.17763.3650","0","03-Nov-2022","GDR","5022840","February 14, 2023-KB5022840 (OS Build 17763.4010)","http://support.microsoft.com/kb/5022840","No LDR Only available","No LDR Only available","No LDR Only available"," ","23-02Rollup"
"Tscfgwmi.dll","RDS_remote_App","6.2.17763.1075","0","21-Feb-2020","GDR","5022840","February 14, 2023-KB5022840 (OS Build 17763.4010)","http://support.microsoft.com/kb/5022840","No LDR Only available","No LDR Only available","No LDR Only available"," ","23-02Rollup"
"Audioeng.dll","RDS_devRdr","6.2.17763.3770","1","10-Dec-2022","GDR","5022840","February 14, 2023-KB5022840 (OS Build 17763.4010)","http://support.microsoft.com/kb/5022840","No LDR Only available","No LDR Only available","No LDR Only available"," ","23-02Rollup"
"Audiokse.dll","RDS_devRdr","6.2.17763.3770","1","10-Dec-2022","GDR","5022840","February 14, 2023-KB5022840 (OS Build 17763.4010)","http://support.microsoft.com/kb/5022840","No LDR Only available","No LDR Only available","No LDR Only available"," ","23-02Rollup"
"Audioses.dll","RDS_devRdr","6.2.17763.2989","1","14-May-2022","GDR","5022840","February 14, 2023-KB5022840 (OS Build 17763.4010)","http://support.microsoft.com/kb/5022840","No LDR Only available","No LDR Only available","No LDR Only available"," ","23-02Rollup"
"Audiosrv.dll","RDS_devRdr","6.2.17763.2989","1","14-May-2022","GDR","5022840","February 14, 2023-KB5022840 (OS Build 17763.4010)","http://support.microsoft.com/kb/5022840","No LDR Only available","No LDR Only available","No LDR Only available"," ","23-02Rollup"
"Wsepno.dll","RDS_msTsc","7.0.17763.1","1","13-Sep-2022","GDR","5022286","January 10, 2023-KB5022286 (OS Build 17763.3887)","http://support.microsoft.com/kb/5022286","No LDR Only available","No LDR Only available","No LDR Only available","rEX","23-02Rollup"
"Xpsgdiconverter.dll","RDS_msTsc","6.2.17763.1","1","","RTM","5022840","","","","","","",""
"Vmrdvcore.dll","RDS_vHost","6.2.17763.1","0","","RTM","5022840","","","","","","",""
"Tsvmhasvc.dll","RDS_vHost","6.2.17763.973","0","03-Jan-2020","GDR","5022840","February 14, 2023-KB5022840 (OS Build 17763.4010)","http://support.microsoft.com/kb/5022840","No LDR Only available","No LDR Only available","No LDR Only available"," ","23-02Rollup"
"Tssdis.exe","RDS_vHost","6.2.17763.1790","0","09-Feb-2021","GDR","5022840","February 14, 2023-KB5022840 (OS Build 17763.4010)","http://support.microsoft.com/kb/5022840","No LDR Only available","No LDR Only available","No LDR Only available"," ","23-02Rollup"
"aaedge.dll","RDS_gateway","6.2.17763.3469","1","09-Sep-2022","GDR","5022840","February 14, 2023-KB5022840 (OS Build 17763.4010)","http://support.microsoft.com/kb/5022840","No LDR Only available","No LDR Only available","No LDR Only available"," ","23-02Rollup"
"lserver.dll","RDS_license","6.2.17763.1697","1","07-Jan-2021","GDR","5022840","February 14, 2023-KB5022840 (OS Build 17763.4010)","http://support.microsoft.com/kb/5022840","No LDR Only available","No LDR Only available","No LDR Only available"," ","23-02Rollup"
"licmgr.exe","RDS_license","6.2.17763.1","1","","RTM","5022840","","","","","","",""
"dxgkrnl.sys","RDS_host","6.2.17763.2452","1","05-Jan-2022","GDR","5022840","February 14, 2023-KB5022840 (OS Build 17763.4010)","http://support.microsoft.com/kb/5022840","No LDR Only available","No LDR Only available","No LDR Only available"," ","23-02Rollup"
"sessenv.dll","RDS_host","6.2.17763.2989","1","14-May-2022","GDR","5022840","February 14, 2023-KB5022840 (OS Build 17763.4010)","http://support.microsoft.com/kb/5022840","No LDR Only available","No LDR Only available","No LDR Only available"," ","23-02Rollup"
"Profprov.dll","Dom_ProfProc","6.2.17763.1","1","","RTM","5022840","","","","","","",""
"Profsvc.dll","Dom_ProfProc","6.2.17763.3346","1","23-Aug-2022","GDR","5022286","January 10, 2023-KB5022286 (OS Build 17763.3887)","http://support.microsoft.com/kb/5022286","No LDR Only available","No LDR Only available","No LDR Only available","rEX","23-02Rollup"
"5005112","Win2016RS5_21_08_SSU_KB"," ","0","08-Jun-2021","GDR","5005112","KB5005112: Servicing stack update for Windows 10, version 1809: August 10, 2021","http://support.microsoft.com/kb/5005112","No LDR Only available","No LDR Only available","No LDR Only available"," ","No Rollup"
"5022840","Win2016RS5_23-02_B_rollup_KB"," ","0","14-Feb-2023","GDR","5022840","February 14, 2023-KB5022840 (OS Build 17763.4010)","http://support.microsoft.com/kb/5022840","No LDR Only available","No LDR Only available","No LDR Only available"," ","23-02Rollup"
