"Binary","Component","Version","Prio","Published","Branch","Article","Title","Link","LDROnlyKB","LDROnlyTitle","LDROnlyLink","Comment","RollupInfo"
"Ntoskrnl.exe","Core_Kernel","6.2.19041.2364","0","01-Dec-2022","GDR","5021233","December 13, 2022-KB5021233 (OS Builds 19042.2364, 19043.2364, 19044.2364, and 19045.2364)","http://support.microsoft.com/kb/5021233","No LDR Only available","No LDR Only available","No LDR Only available"," ","22-12Rollup"
"Ntkrnlpa.exe","Core_Kernel","6.2.19041.1","0","","RTM","5021233","","","","","","",""
"Crashdmp.sys","Core_Kernel","6.2.19041.1949","0","01-Dec-2022","GDR","5021233","December 13, 2022-KB5021233 (OS Builds 19042.2364, 19043.2364, 19044.2364, and 19045.2364)","http://support.microsoft.com/kb/5021233","No LDR Only available","No LDR Only available","No LDR Only available"," ","22-12Rollup"
"Ntdll.dll","Core_Kernel","6.2.19041.2130","0","01-Dec-2022","GDR","5021233","December 13, 2022-KB5021233 (OS Builds 19042.2364, 19043.2364, 19044.2364, and 19045.2364)","http://support.microsoft.com/kb/5021233","No LDR Only available","No LDR Only available","No LDR Only available"," ","22-12Rollup"
"Hal.dll","Core_Kernel","6.2.19041.2251","0","01-Dec-2022","GDR","5021233","December 13, 2022-KB5021233 (OS Builds 19042.2364, 19043.2364, 19044.2364, and 19045.2364)","http://support.microsoft.com/kb/5021233","No LDR Only available","No LDR Only available","No LDR Only available"," ","22-12Rollup"
"Fltmgr.sys","Core_Kernel","6.2.19041.1806","0","01-Dec-2022","GDR","5021233","December 13, 2022-KB5021233 (OS Builds 19042.2364, 19043.2364, 19044.2364, and 19045.2364)","http://support.microsoft.com/kb/5021233","No LDR Only available","No LDR Only available","No LDR Only available"," ","22-12Rollup"
"win32k.sys","Core_Kernel","6.2.19041.2364","0","01-Dec-2022","GDR","5021233","December 13, 2022-KB5021233 (OS Builds 19042.2364, 19043.2364, 19044.2364, and 19045.2364)","http://support.microsoft.com/kb/5021233","No LDR Only available","No LDR Only available","No LDR Only available"," ","22-12Rollup"
"Ntfs.sys","Core_FileSystem","6.2.19041.2311","0","01-Dec-2022","GDR","5021233","December 13, 2022-KB5021233 (OS Builds 19042.2364, 19043.2364, 19044.2364, and 19045.2364)","http://support.microsoft.com/kb/5021233","No LDR Only available","No LDR Only available","No LDR Only available"," ","22-12Rollup"
"dedup.sys","Core_FileSystem","6.2.19041.1","0","","RTM","5021233","","","","","","",""
"Msiscsi.sys","Core_DiskSystem","6.2.19041.1151","0","01-Dec-2022","GDR","5021233","December 13, 2022-KB5021233 (OS Builds 19042.2364, 19043.2364, 19044.2364, and 19045.2364)","http://support.microsoft.com/kb/5021233","No LDR Only available","No LDR Only available","No LDR Only available"," ","22-12Rollup"
"Iscsitgt.dll","Core_DiskSystem","6.2.19041.1","0","","RTM","5021233","","","","","","",""
"Storport.sys","Core_DiskSystem","6.2.19041.2311","0","01-Dec-2022","GDR","5021233","December 13, 2022-KB5021233 (OS Builds 19042.2364, 19043.2364, 19044.2364, and 19045.2364)","http://support.microsoft.com/kb/5021233","No LDR Only available","No LDR Only available","No LDR Only available"," ","22-12Rollup"
"Repdrvfs.dll","Core_WMI","6.2.19041.1620","0","01-Dec-2022","GDR","5021233","December 13, 2022-KB5021233 (OS Builds 19042.2364, 19043.2364, 19044.2364, and 19045.2364)","http://support.microsoft.com/kb/5021233","No LDR Only available","No LDR Only available","No LDR Only available"," ","22-12Rollup"
"Mpio.sys","Core_MPIO","6.2.19041.1","0","","RTM","5021233","","","","","","",""
"Msdsm.sys","Core_MPIO","6.2.19041.1","0","","RTM","5021233","","","","","","",""
"Vssapi.dll","Core_VSS","6.2.19041.1320","1","01-Dec-2022","GDR","5021233","December 13, 2022-KB5021233 (OS Builds 19042.2364, 19043.2364, 19044.2364, and 19045.2364)","http://support.microsoft.com/kb/5021233","No LDR Only available","No LDR Only available","No LDR Only available"," ","22-12Rollup"
"Vsstrace.dll","Core_VSS","6.2.19041.546","1","01-Dec-2022","GDR","5021233","December 13, 2022-KB5021233 (OS Builds 19042.2364, 19043.2364, 19044.2364, and 19045.2364)","http://support.microsoft.com/kb/5021233","No LDR Only available","No LDR Only available","No LDR Only available"," ","22-12Rollup"
"vsssvc.exe","Core_VSS","6.2.19041.1","1","","RTM","5021233","","","","","","",""
"Swprv.dll","Core_VSS","6.2.19041.1741","1","01-Dec-2022","GDR","5021233","December 13, 2022-KB5021233 (OS Builds 19042.2364, 19043.2364, 19044.2364, and 19045.2364)","http://support.microsoft.com/kb/5021233","No LDR Only available","No LDR Only available","No LDR Only available"," ","22-12Rollup"
"spp.dll","Core_VSS","6.2.19041.2193","1","01-Dec-2022","GDR","5021233","December 13, 2022-KB5021233 (OS Builds 19042.2364, 19043.2364, 19044.2364, and 19045.2364)","http://support.microsoft.com/kb/5021233","No LDR Only available","No LDR Only available","No LDR Only available"," ","22-12Rollup"
"wbengine.exe","Core_VSS","6.2.19041.746","1","01-Dec-2022","GDR","5021233","December 13, 2022-KB5021233 (OS Builds 19042.2364, 19043.2364, 19044.2364, and 19045.2364)","http://support.microsoft.com/kb/5021233","No LDR Only available","No LDR Only available","No LDR Only available"," ","22-12Rollup"
"blbsrv.dll","Core_VSS","6.2.19041.1","1","","RTM","5021233","","","","","","",""
"pci.sys","Core_Sys","6.2.19041.1949","1","01-Dec-2022","GDR","5021233","December 13, 2022-KB5021233 (OS Builds 19042.2364, 19043.2364, 19044.2364, and 19045.2364)","http://support.microsoft.com/kb/5021233","No LDR Only available","No LDR Only available","No LDR Only available"," ","22-12Rollup"
"Termdd.sys","Core_Sys","6.2.19041.1","1","","RTM","5021233","","","","","","",""
"Volmgr.sys","Core_Sys","6.2.19041.1806","1","01-Dec-2022","GDR","5021233","December 13, 2022-KB5021233 (OS Builds 19042.2364, 19043.2364, 19044.2364, and 19045.2364)","http://support.microsoft.com/kb/5021233","No LDR Only available","No LDR Only available","No LDR Only available"," ","22-12Rollup"
"Advapi32.dll","Core_Apps","6.2.19041.2364","0","01-Dec-2022","GDR","5021233","December 13, 2022-KB5021233 (OS Builds 19042.2364, 19043.2364, 19044.2364, and 19045.2364)","http://support.microsoft.com/kb/5021233","No LDR Only available","No LDR Only available","No LDR Only available"," ","22-12Rollup"
"Tzres.dll","Core_TimeZone","6.2.19041.2311","1","01-Dec-2022","GDR","5021233","December 13, 2022-KB5021233 (OS Builds 19042.2364, 19043.2364, 19044.2364, and 19045.2364)","http://support.microsoft.com/kb/5021233","No LDR Only available","No LDR Only available","No LDR Only available"," ","22-12Rollup"
"Clussvc.exe","Cluster_Core","6.2.19041.1","0","","RTM","5021233","","","","","","",""
"ClusWMI.dll","Cluster_Core","6.2.19041.1","0","","RTM","5021233","","","","","","",""
"Rhs.exe","Cluster_Core","6.2.19041.1","0","","RTM","5021233","","","","","","",""
"Clusres.dll","Cluster_Core","6.2.19041.1","0","","RTM","5021233","","","","","","",""
"Clusres2.dll","Cluster_Core","6.2.19041.1","0","","RTM","5021233","","","","","","",""
"Netft.sys","Cluster_Core","6.2.19041.1","0","","RTM","5021233","","","","","","",""
"Clusauthmgr.dll","Cluster_Core","6.2.19041.1","0","","RTM","5021233","","","","","","",""
"Witness.dll","Cluster_Core","6.2.19041.1","0","","RTM","5021233","","","","","","",""
"Csvflt.sys","Cluster_CSV","6.2.19041.1","0","","RTM","5021233","","","","","","",""
"Csvfs.sys","Cluster_CSV","6.2.19041.1","0","","RTM","5021233","","","","","","",""
"Csvfilter.sys","Cluster_CSV","6.2.19041.1","0","","RTM","5021233","","","","","","",""
"Vhdmp.sys","Cluster_CSV","6.2.19041.2311","0","01-Dec-2022","GDR","5021233","December 13, 2022-KB5021233 (OS Builds 19042.2364, 19043.2364, 19044.2364, and 19045.2364)","http://support.microsoft.com/kb/5021233","No LDR Only available","No LDR Only available","No LDR Only available"," ","22-12Rollup"
"Svhdxflt.sys","Cluster_CSV","6.2.19041.1","0","","RTM","5021233","","","","","","",""
"Clusdisk.sys","Cluster_Disk","6.2.19041.1","0","","RTM","5021233","","","","","","",""
"Volsnap.sys","Cluster_Volsnap","6.2.19041.488","0","01-Dec-2022","GDR","5021233","December 13, 2022-KB5021233 (OS Builds 19042.2364, 19043.2364, 19044.2364, and 19045.2364)","http://support.microsoft.com/kb/5021233","No LDR Only available","No LDR Only available","No LDR Only available"," ","22-12Rollup"
"Cprepsrv.exe","Cluster_Validation","6.2.19041.1","1","","RTM","5021233","","","","","","",""
"Failoverclusters.agent.interop.dll","Cluster_Validation","6.2.19041.662","1","01-Dec-2022","GDR","5021233","December 13, 2022-KB5021233 (OS Builds 19042.2364, 19043.2364, 19044.2364, and 19045.2364)","http://support.microsoft.com/kb/5021233","No LDR Only available","No LDR Only available","No LDR Only available"," ","22-12Rollup"
"Microsoft.failoverclusters.framework.dll","Cluster_Validation","6.2.19041.1","1","","RTM","5021233","","","","","","",""
"Vmswitch.sys","Hyper-V_Net","6.2.19041.2364","1","01-Dec-2022","GDR","5021233","December 13, 2022-KB5021233 (OS Builds 19042.2364, 19043.2364, 19044.2364, and 19045.2364)","http://support.microsoft.com/kb/5021233","No LDR Only available","No LDR Only available","No LDR Only available"," ","22-12Rollup"
"Mslbfoprovider.sys","Hyper-V_Net","6.2.19041.1","1","","RTM","5021233","","","","","","",""
"Wnv.sys","Hyper-V_Net","6.2.19041.1","1","","RTM","5021233","","","","","","",""
"Vmsntfy.dll","Hyper-V_Net","6.2.19041.1","1","","RTM","5021233","","","","","","",""
"Ndisimplatform.sys","Hyper-V_Net","6.2.19041.546","1","01-Dec-2022","GDR","5021233","December 13, 2022-KB5021233 (OS Builds 19042.2364, 19043.2364, 19044.2364, and 19045.2364)","http://support.microsoft.com/kb/5021233","No LDR Only available","No LDR Only available","No LDR Only available"," ","22-12Rollup"
"Vmms.exe","Hyper-V_Net","6.2.19041.2364","1","01-Dec-2022","GDR","5021233","December 13, 2022-KB5021233 (OS Builds 19042.2364, 19043.2364, 19044.2364, and 19045.2364)","http://support.microsoft.com/kb/5021233","No LDR Only available","No LDR Only available","No LDR Only available"," ","22-12Rollup"
"Winnat.sys","Hyper-V_Net","6.2.19041.1566","1","01-Dec-2022","GDR","5021233","December 13, 2022-KB5021233 (OS Builds 19042.2364, 19043.2364, 19044.2364, and 19045.2364)","http://support.microsoft.com/kb/5021233","No LDR Only available","No LDR Only available","No LDR Only available"," ","22-12Rollup"
"pvhdparser.sys","Hyper-V_Net","6.2.19041.1645","1","01-Dec-2022","GDR","5021233","December 13, 2022-KB5021233 (OS Builds 19042.2364, 19043.2364, 19044.2364, and 19045.2364)","http://support.microsoft.com/kb/5021233","No LDR Only available","No LDR Only available","No LDR Only available"," ","22-12Rollup"
"Wmisvc.dll","Hyper-V_Net","6.2.19041.844","1","01-Dec-2022","GDR","5021233","December 13, 2022-KB5021233 (OS Builds 19042.2364, 19043.2364, 19044.2364, and 19045.2364)","http://support.microsoft.com/kb/5021233","No LDR Only available","No LDR Only available","No LDR Only available"," ","22-12Rollup"
"Vmbus.sys","Hyper-V_Net","6.2.19041.1949","1","01-Dec-2022","GDR","5021233","December 13, 2022-KB5021233 (OS Builds 19042.2364, 19043.2364, 19044.2364, and 19045.2364)","http://support.microsoft.com/kb/5021233","No LDR Only available","No LDR Only available","No LDR Only available"," ","22-12Rollup"
"Rasapi32.dll","HNV_Net","6.2.19041.1865","1","01-Dec-2022","GDR","5021233","December 13, 2022-KB5021233 (OS Builds 19042.2364, 19043.2364, 19044.2364, and 19045.2364)","http://support.microsoft.com/kb/5021233","No LDR Only available","No LDR Only available","No LDR Only available"," ","22-12Rollup"
"Mprapi.dll","HNV_Net","6.2.19041.1865","1","13-Sep-2022","GDR","5021233","December 13, 2022-KB5021233 (OS Builds 19042.2364, 19043.2364, 19044.2364, and 19045.2364)","http://support.microsoft.com/kb/5021233","No LDR Only available","No LDR Only available","No LDR Only available","rEX","22-12Rollup"
"Vmwp.exe","Hyper-V_app","6.2.19041.2364","1","01-Dec-2022","GDR","5021233","December 13, 2022-KB5021233 (OS Builds 19042.2364, 19043.2364, 19044.2364, and 19045.2364)","http://support.microsoft.com/kb/5021233","No LDR Only available","No LDR Only available","No LDR Only available"," ","22-12Rollup"
"Tcpip.sys","Net_Protocol","6.2.19041.2364","0","01-Dec-2022","GDR","5021233","December 13, 2022-KB5021233 (OS Builds 19042.2364, 19043.2364, 19044.2364, and 19045.2364)","http://support.microsoft.com/kb/5021233","No LDR Only available","No LDR Only available","No LDR Only available"," ","22-12Rollup"
"Afd.sys","Net_Protocol","6.2.19041.1766","0","01-Dec-2022","GDR","5021233","December 13, 2022-KB5021233 (OS Builds 19042.2364, 19043.2364, 19044.2364, and 19045.2364)","http://support.microsoft.com/kb/5021233","No LDR Only available","No LDR Only available","No LDR Only available"," ","22-12Rollup"
"Netio.sys","Net_Protocol","6.2.19041.2193","0","01-Dec-2022","GDR","5021233","December 13, 2022-KB5021233 (OS Builds 19042.2364, 19043.2364, 19044.2364, and 19045.2364)","http://support.microsoft.com/kb/5021233","No LDR Only available","No LDR Only available","No LDR Only available"," ","22-12Rollup"
"Ndis.sys","Net_Protocol","6.2.19041.1387","0","01-Dec-2022","GDR","5021233","December 13, 2022-KB5021233 (OS Builds 19042.2364, 19043.2364, 19044.2364, and 19045.2364)","http://support.microsoft.com/kb/5021233","No LDR Only available","No LDR Only available","No LDR Only available"," ","22-12Rollup"
"Netiohlp.dll","Net_Protocol","6.2.19041.2193","0","01-Dec-2022","GDR","5021233","December 13, 2022-KB5021233 (OS Builds 19042.2364, 19043.2364, 19044.2364, and 19045.2364)","http://support.microsoft.com/kb/5021233","No LDR Only available","No LDR Only available","No LDR Only available"," ","22-12Rollup"
"Tdx.sys","Net_Protocol","6.2.19041.1237","0","01-Dec-2022","GDR","5021233","December 13, 2022-KB5021233 (OS Builds 19042.2364, 19043.2364, 19044.2364, and 19045.2364)","http://support.microsoft.com/kb/5021233","No LDR Only available","No LDR Only available","No LDR Only available"," ","22-12Rollup"
"Iphlpapi.dll","Net_Protocol","6.2.19041.1865","0","13-Sep-2022","GDR","5021233","December 13, 2022-KB5021233 (OS Builds 19042.2364, 19043.2364, 19044.2364, and 19045.2364)","http://support.microsoft.com/kb/5021233","No LDR Only available","No LDR Only available","No LDR Only available","rEX","22-12Rollup"
"srv.sys","Net_SMB_Server","6.2.19041.2075","0","01-Dec-2022","GDR","5021233","December 13, 2022-KB5021233 (OS Builds 19042.2364, 19043.2364, 19044.2364, and 19045.2364)","http://support.microsoft.com/kb/5021233","No LDR Only available","No LDR Only available","No LDR Only available"," ","22-12Rollup"
"srv2.sys","Net_SMB_Server","6.2.19041.2075","0","01-Dec-2022","GDR","5021233","December 13, 2022-KB5021233 (OS Builds 19042.2364, 19043.2364, 19044.2364, and 19045.2364)","http://support.microsoft.com/kb/5021233","No LDR Only available","No LDR Only available","No LDR Only available"," ","22-12Rollup"
"srvnet.sys","Net_SMB_Server","6.2.19041.1865","0","01-Dec-2022","GDR","5021233","December 13, 2022-KB5021233 (OS Builds 19042.2364, 19043.2364, 19044.2364, and 19045.2364)","http://support.microsoft.com/kb/5021233","No LDR Only available","No LDR Only available","No LDR Only available"," ","22-12Rollup"
"Srvsvc.dll","Net_SMB_Server","6.2.19041.2130","0","01-Dec-2022","GDR","5021233","December 13, 2022-KB5021233 (OS Builds 19042.2364, 19043.2364, 19044.2364, and 19045.2364)","http://support.microsoft.com/kb/5021233","No LDR Only available","No LDR Only available","No LDR Only available"," ","22-12Rollup"
"Mrxsmb.sys","Net_SMB_Client","6.2.19041.2075","0","01-Dec-2022","GDR","5021233","December 13, 2022-KB5021233 (OS Builds 19042.2364, 19043.2364, 19044.2364, and 19045.2364)","http://support.microsoft.com/kb/5021233","No LDR Only available","No LDR Only available","No LDR Only available"," ","22-12Rollup"
"Mrxsmb10.sys","Net_SMB_Client","6.2.19041.1806","0","01-Dec-2022","GDR","5021233","December 13, 2022-KB5021233 (OS Builds 19042.2364, 19043.2364, 19044.2364, and 19045.2364)","http://support.microsoft.com/kb/5021233","No LDR Only available","No LDR Only available","No LDR Only available"," ","22-12Rollup"
"Mrxsmb20.sys","Net_SMB_Client","6.2.19041.2193","0","01-Dec-2022","GDR","5021233","December 13, 2022-KB5021233 (OS Builds 19042.2364, 19043.2364, 19044.2364, and 19045.2364)","http://support.microsoft.com/kb/5021233","No LDR Only available","No LDR Only available","No LDR Only available"," ","22-12Rollup"
"Rdbss.sys","Net_SMB_Client","6.2.19041.1806","0","01-Dec-2022","GDR","5021233","December 13, 2022-KB5021233 (OS Builds 19042.2364, 19043.2364, 19044.2364, and 19045.2364)","http://support.microsoft.com/kb/5021233","No LDR Only available","No LDR Only available","No LDR Only available"," ","22-12Rollup"
"Netbt.sys","Net_SMB_Client","6.2.19041.572","0","01-Dec-2022","GDR","5021233","December 13, 2022-KB5021233 (OS Builds 19042.2364, 19043.2364, 19044.2364, and 19045.2364)","http://support.microsoft.com/kb/5021233","No LDR Only available","No LDR Only available","No LDR Only available"," ","22-12Rollup"
"Mup.sys","Net_SMB_Client","6.2.19041.2311","0","01-Dec-2022","GDR","5021233","December 13, 2022-KB5021233 (OS Builds 19042.2364, 19043.2364, 19044.2364, and 19045.2364)","http://support.microsoft.com/kb/5021233","No LDR Only available","No LDR Only available","No LDR Only available"," ","22-12Rollup"
"wkssvc.dll","Net_SMB_Client","6.2.19041.2130","0","01-Dec-2022","GDR","5021233","December 13, 2022-KB5021233 (OS Builds 19042.2364, 19043.2364, 19044.2364, and 19045.2364)","http://support.microsoft.com/kb/5021233","No LDR Only available","No LDR Only available","No LDR Only available"," ","22-12Rollup"
"Mpr.dll","Net_SMB_Client","6.2.19041.1806","0","01-Dec-2022","GDR","5021233","December 13, 2022-KB5021233 (OS Builds 19042.2364, 19043.2364, 19044.2364, and 19045.2364)","http://support.microsoft.com/kb/5021233","No LDR Only available","No LDR Only available","No LDR Only available"," ","22-12Rollup"
"NtLanman.dll","Net_SMB_Client","6.2.19041.1865","0","01-Dec-2022","GDR","5021233","December 13, 2022-KB5021233 (OS Builds 19042.2364, 19043.2364, 19044.2364, and 19045.2364)","http://support.microsoft.com/kb/5021233","No LDR Only available","No LDR Only available","No LDR Only available"," ","22-12Rollup"
"5021233","Win201620H2_22-12_B_rollup_KB"," ","0","13-Dec-2022","GDR","5021233","December 13, 2022-KB5021233 (OS Builds 19042.2364, 19043.2364, 19044.2364, and 19045.2364)","http://support.microsoft.com/kb/5021233","No LDR Only available","No LDR Only available","No LDR Only available"," ","22-12Rollup"
