"Binary","Component","Version","Prio","Published","Branch","Article","Title","Link","LDROnlyKB","LDROnlyTitle","LDROnlyLink","Comment","RollupInfo"
"Volsnap.sys","Cluster_Volsnap","6.2.19041.488","0","31-Jan-2023","GDR","5022834","February 14, 2023-KB5022834 (OS Builds 19042.2604, 19044.2604, and 19045.2604)","http://support.microsoft.com/kb/5022834","No LDR Only available","No LDR Only available","No LDR Only available"," ","23-02Rollup"
"Csvflt.sys","Cluster_CSV","6.2.19045.1","0","","RTM","5022834","","","","","","",""
"Csvfs.sys","Cluster_CSV","6.2.19045.1","0","","RTM","5022834","","","","","","",""
"Vmswitch.sys","Hyper-V_Net","6.2.19041.2604","1","31-Jan-2023","GDR","5022834","February 14, 2023-KB5022834 (OS Builds 19042.2604, 19044.2604, and 19045.2604)","http://support.microsoft.com/kb/5022834","No LDR Only available","No LDR Only available","No LDR Only available"," ","23-02Rollup"
"Mslbfoprovider.sys","Hyper-V_Net","6.2.19045.1","1","","RTM","5022834","","","","","","",""
"Wnv.sys","Hyper-V_Net","6.2.19045.1","1","","RTM","5022834","","","","","","",""
"Vmsntfy.dll","Hyper-V_Net","6.2.19045.1","1","","RTM","5022834","","","","","","",""
"Ndisimplatform.sys","Hyper-V_Net","6.2.19041.546","1","31-Jan-2023","GDR","5022834","February 14, 2023-KB5022834 (OS Builds 19042.2604, 19044.2604, and 19045.2604)","http://support.microsoft.com/kb/5022834","No LDR Only available","No LDR Only available","No LDR Only available"," ","23-02Rollup"
"Vmms.exe","Hyper-V_Net","6.2.19041.2604","1","31-Jan-2023","GDR","5022834","February 14, 2023-KB5022834 (OS Builds 19042.2604, 19044.2604, and 19045.2604)","http://support.microsoft.com/kb/5022834","No LDR Only available","No LDR Only available","No LDR Only available"," ","23-02Rollup"
"Winnat.sys","Hyper-V_Net","6.2.19041.1566","1","31-Jan-2023","GDR","5022834","February 14, 2023-KB5022834 (OS Builds 19042.2604, 19044.2604, and 19045.2604)","http://support.microsoft.com/kb/5022834","No LDR Only available","No LDR Only available","No LDR Only available"," ","23-02Rollup"
"pvhdparser.sys","Hyper-V_Net","6.2.19041.1645","1","31-Jan-2023","GDR","5022834","February 14, 2023-KB5022834 (OS Builds 19042.2604, 19044.2604, and 19045.2604)","http://support.microsoft.com/kb/5022834","No LDR Only available","No LDR Only available","No LDR Only available"," ","23-02Rollup"
"Wmisvc.dll","Hyper-V_Net","6.2.19041.844","1","31-Jan-2023","GDR","5022834","February 14, 2023-KB5022834 (OS Builds 19042.2604, 19044.2604, and 19045.2604)","http://support.microsoft.com/kb/5022834","No LDR Only available","No LDR Only available","No LDR Only available"," ","23-02Rollup"
"Vmbus.sys","Hyper-V_Net","6.2.19041.1949","1","31-Jan-2023","GDR","5022834","February 14, 2023-KB5022834 (OS Builds 19042.2604, 19044.2604, and 19045.2604)","http://support.microsoft.com/kb/5022834","No LDR Only available","No LDR Only available","No LDR Only available"," ","23-02Rollup"
"Rasapi32.dll","HNV_Net","6.2.19041.1865","1","31-Jan-2023","GDR","5022834","February 14, 2023-KB5022834 (OS Builds 19042.2604, 19044.2604, and 19045.2604)","http://support.microsoft.com/kb/5022834","No LDR Only available","No LDR Only available","No LDR Only available"," ","23-02Rollup"
"Mprapi.dll","HNV_Net","6.2.19041.1865","1","13-Sep-2022","GDR","5022834","February 14, 2023-KB5022834 (OS Builds 19042.2604, 19044.2604, and 19045.2604)","http://support.microsoft.com/kb/5022834","No LDR Only available","No LDR Only available","No LDR Only available","rEX","23-02Rollup"
"Vmwp.exe","Hyper-V_app","6.2.19041.2486","1","31-Jan-2023","GDR","5022834","February 14, 2023-KB5022834 (OS Builds 19042.2604, 19044.2604, and 19045.2604)","http://support.microsoft.com/kb/5022834","No LDR Only available","No LDR Only available","No LDR Only available"," ","23-02Rollup"
"5022834","Win201622H2_23-02_B_rollup_KB"," ","0","14-Feb-2023","GDR","5022834","February 14, 2023-KB5022834 (OS Builds 19042.2604, 19044.2604, and 19045.2604)","http://support.microsoft.com/kb/5022834","No LDR Only available","No LDR Only available","No LDR Only available"," ","23-02Rollup"
