"Binary","Component","Version","Prio","Published","Branch","Article","Title","Link","LDROnlyKB","LDROnlyTitle","LDROnlyLink","Comment","RollupInfo"
"Netlogon.dll","Dom_NETLOGON","6.2.14393.5648","0","05-Jan-2023","GDR","5022838","February 14, 2023-KB5022838 (OS Build 14393.5717)","http://support.microsoft.com/kb/5022838","No LDR Only available","No LDR Only available","No LDR Only available"," ","23-02Rollup"
"LogonCli.dll","Dom_NETLOGON","6.2.14393.5427","0","30-Sep-2022","GDR","5022838","February 14, 2023-KB5022838 (OS Build 14393.5717)","http://support.microsoft.com/kb/5022838","No LDR Only available","No LDR Only available","No LDR Only available"," ","23-02Rollup"
"Winlogon.exe","Dom_WINLOGON","6.2.14393.3204","0","30-Aug-2019","GDR","5022838","February 14, 2023-KB5022838 (OS Build 14393.5717)","http://support.microsoft.com/kb/5022838","No LDR Only available","No LDR Only available","No LDR Only available"," ","23-02Rollup"
"Kerberos.dll","Dom_KERBEROS","6.2.14393.5717","0","03-Feb-2023","GDR","5022838","February 14, 2023-KB5022838 (OS Build 14393.5717)","http://support.microsoft.com/kb/5022838","No LDR Only available","No LDR Only available","No LDR Only available"," ","23-02Rollup"
"Msv1_0.dll","Dom_NTLM","6.2.14393.5648","1","05-Jan-2023","GDR","5022838","February 14, 2023-KB5022838 (OS Build 14393.5717)","http://support.microsoft.com/kb/5022838","No LDR Only available","No LDR Only available","No LDR Only available"," ","23-02Rollup"
"Wldap32.dll","Dom_LDAPClient","6.2.14393.5356","0","06-Sep-2022","GDR","5022838","February 14, 2023-KB5022838 (OS Build 14393.5717)","http://support.microsoft.com/kb/5022838","No LDR Only available","No LDR Only available","No LDR Only available"," ","23-02Rollup"
"Lsass.exe","Dom_LSA","6.2.14393.4704","0","04-Oct-2021","GDR","5022838","February 14, 2023-KB5022838 (OS Build 14393.5717)","http://support.microsoft.com/kb/5022838","No LDR Only available","No LDR Only available","No LDR Only available"," ","23-02Rollup"
"Lsasrv.dll","Dom_LSA","6.2.14393.5648","0","05-Jan-2023","GDR","5022838","February 14, 2023-KB5022838 (OS Build 14393.5717)","http://support.microsoft.com/kb/5022838","No LDR Only available","No LDR Only available","No LDR Only available"," ","23-02Rollup"
"Ksecdd.sys","Dom_LSA","6.2.14393.5427","0","30-Sep-2022","GDR","5022838","February 14, 2023-KB5022838 (OS Build 14393.5717)","http://support.microsoft.com/kb/5022838","No LDR Only available","No LDR Only available","No LDR Only available"," ","23-02Rollup"
"Ksecpkg.sys","Dom_LSA","6.2.14393.5648","0","05-Jan-2023","GDR","5022838","February 14, 2023-KB5022838 (OS Build 14393.5717)","http://support.microsoft.com/kb/5022838","No LDR Only available","No LDR Only available","No LDR Only available"," ","23-02Rollup"
"Secur32.dll","Dom_LSA","6.2.14393.2273","0","13-Sep-2022","GDR","5022838","February 14, 2023-KB5022838 (OS Build 14393.5717)","http://support.microsoft.com/kb/5022838","No LDR Only available","No LDR Only available","No LDR Only available","rEX","23-02Rollup"
"Sspicli.dll","Dom_LSA","6.2.14393.5427","0","30-Sep-2022","GDR","5022838","February 14, 2023-KB5022838 (OS Build 14393.5717)","http://support.microsoft.com/kb/5022838","No LDR Only available","No LDR Only available","No LDR Only available"," ","23-02Rollup"
"Sspisrv.dll","Dom_LSA","6.2.14393.4704","0","04-Oct-2021","GDR","5022838","February 14, 2023-KB5022838 (OS Build 14393.5717)","http://support.microsoft.com/kb/5022838","No LDR Only available","No LDR Only available","No LDR Only available"," ","23-02Rollup"
"Schannel.dll","Dom_LSA","6.2.14393.5717","0","03-Feb-2023","GDR","5022838","February 14, 2023-KB5022838 (OS Build 14393.5717)","http://support.microsoft.com/kb/5022838","No LDR Only available","No LDR Only available","No LDR Only available"," ","23-02Rollup"
"dpapisvr.dll","Dom_LSA","6.2.14393.0","0","","RTM","5022838","","","","","","",""
"Scesrv.dll","Dom_SecAuditAndConfig","6.2.14393.5427","1","30-Sep-2022","GDR","5022838","February 14, 2023-KB5022838 (OS Build 14393.5717)","http://support.microsoft.com/kb/5022838","No LDR Only available","No LDR Only available","No LDR Only available"," ","23-02Rollup"
"AclUI.dll","Dom_SecAuditAndConfig","6.2.14393.2515","1","30-Aug-2018","GDR","5022838","February 14, 2023-KB5022838 (OS Build 14393.5717)","http://support.microsoft.com/kb/5022838","No LDR Only available","No LDR Only available","No LDR Only available"," ","23-02Rollup"
"Winscard.dll","Dom_SC_Provider","6.2.14393.2273","1","27-Apr-2018","GDR","5022838","February 14, 2023-KB5022838 (OS Build 14393.5717)","http://support.microsoft.com/kb/5022838","No LDR Only available","No LDR Only available","No LDR Only available"," ","23-02Rollup"
"Basecsp.dll","Dom_SC_Provider","6.2.14393.2608","1","14-Jun-2022","GDR","5022838","February 14, 2023-KB5022838 (OS Build 14393.5717)","http://support.microsoft.com/kb/5022838","No LDR Only available","No LDR Only available","No LDR Only available","rEX","23-02Rollup"
"Scksp.dll","Dom_SC_Provider","6.2.14393.2608","1","17-Oct-2022","GDR","5022838","February 14, 2023-KB5022838 (OS Build 14393.5717)","http://support.microsoft.com/kb/5022838","No LDR Only available","No LDR Only available","No LDR Only available","rEX","23-02Rollup"
"ScardSvr.dll","Dom_SC_Srv","6.2.14393.2457","1","22-Aug-2018","GDR","5022838","February 14, 2023-KB5022838 (OS Build 14393.5717)","http://support.microsoft.com/kb/5022838","No LDR Only available","No LDR Only available","No LDR Only available"," ","23-02Rollup"
"Scfilter.sys","Dom_SC_Srv","6.2.14393.185","1","08-Mar-22","GDR","5022838","February 14, 2023-KB5022838 (OS Build 14393.5717)","http://support.microsoft.com/kb/5022838","No LDR Only available","No LDR Only available","No LDR Only available","rEX","23-02Rollup"
"Certprop.dll","Dom_SC_Srv","6.2.14393.2273","1","27-Apr-2018","GDR","5022838","February 14, 2023-KB5022838 (OS Build 14393.5717)","http://support.microsoft.com/kb/5022838","No LDR Only available","No LDR Only available","No LDR Only available"," ","23-02Rollup"
"Crypt32.dll","Dom_CRYPTO","6.2.14393.5427","1","30-Sep-2022","GDR","5022838","February 14, 2023-KB5022838 (OS Build 14393.5717)","http://support.microsoft.com/kb/5022838","No LDR Only available","No LDR Only available","No LDR Only available"," ","23-02Rollup"
"Cryptsvc.dll","Dom_CRYPTO","6.2.14393.0","1","","RTM","5022838","","","","","","",""
"Cryptnet.dll","Dom_CRYPTO","6.2.14393.2035","1","10-Jan-2018","GDR","5022838","February 14, 2023-KB5022838 (OS Build 14393.5717)","http://support.microsoft.com/kb/5022838","No LDR Only available","No LDR Only available","No LDR Only available"," ","23-02Rollup"
"Wintrust.dll","Dom_CRYPTO","6.2.14393.5427","1","30-Sep-2022","GDR","5022838","February 14, 2023-KB5022838 (OS Build 14393.5717)","http://support.microsoft.com/kb/5022838","No LDR Only available","No LDR Only available","No LDR Only available"," ","23-02Rollup"
"Cryptdll.dll","Dom_CRYPTO","6.2.14393.2969","1","03-May-2019","GDR","5022838","February 14, 2023-KB5022838 (OS Build 14393.5717)","http://support.microsoft.com/kb/5022838","No LDR Only available","No LDR Only available","No LDR Only available"," ","23-02Rollup"
"Cryptcatsvc.dll","Dom_CRYPTO","6.2.14393.3930","1","01-Sep-2020","GDR","5022838","February 14, 2023-KB5022838 (OS Build 14393.5717)","http://support.microsoft.com/kb/5022838","No LDR Only available","No LDR Only available","No LDR Only available"," ","23-02Rollup"
"Dimsroam.dll","Dom_DIMS","6.2.14393.185","1","08-Mar-22","GDR","5022838","February 14, 2023-KB5022838 (OS Build 14393.5717)","http://support.microsoft.com/kb/5022838","No LDR Only available","No LDR Only available","No LDR Only available","rEX","23-02Rollup"
"Dimsjob.dll","Dom_DIMS","6.2.14393.0","1","","RTM","5022838","","","","","","",""
"Adprovider.dll","Dom_DIMS","6.2.14393.4169","1","07-Jan-2021","GDR","5022838","February 14, 2023-KB5022838 (OS Build 14393.5717)","http://support.microsoft.com/kb/5022838","No LDR Only available","No LDR Only available","No LDR Only available"," ","23-02Rollup"
"Capiprovider.dll","Dom_DIMS","6.2.14393.5356","1","06-Sep-2022","GDR","5022838","February 14, 2023-KB5022838 (OS Build 14393.5717)","http://support.microsoft.com/kb/5022838","No LDR Only available","No LDR Only available","No LDR Only available"," ","23-02Rollup"
"Cngprovider.dll","Dom_DIMS","6.2.14393.5356","1","06-Sep-2022","GDR","5022838","February 14, 2023-KB5022838 (OS Build 14393.5717)","http://support.microsoft.com/kb/5022838","No LDR Only available","No LDR Only available","No LDR Only available"," ","23-02Rollup"
"Dpapiprovider.dll","Dom_DIMS","6.2.14393.5356","1","06-Sep-2022","GDR","5022838","February 14, 2023-KB5022838 (OS Build 14393.5717)","http://support.microsoft.com/kb/5022838","No LDR Only available","No LDR Only available","No LDR Only available"," ","23-02Rollup"
"Wincredprovider.dll","Dom_DIMS","6.2.14393.4169","1","07-Jan-2021","GDR","5022838","February 14, 2023-KB5022838 (OS Build 14393.5717)","http://support.microsoft.com/kb/5022838","No LDR Only available","No LDR Only available","No LDR Only available"," ","23-02Rollup"
"Gpapi.dll","Dom_GPSVC","6.2.14393.5356","1","06-Sep-2022","GDR","5022838","February 14, 2023-KB5022838 (OS Build 14393.5717)","http://support.microsoft.com/kb/5022838","No LDR Only available","No LDR Only available","No LDR Only available"," ","23-02Rollup"
"Gpsvc.dll","Dom_GPSVC","6.2.14393.5356","1","06-Sep-2022","GDR","5022838","February 14, 2023-KB5022838 (OS Build 14393.5717)","http://support.microsoft.com/kb/5022838","No LDR Only available","No LDR Only available","No LDR Only available"," ","23-02Rollup"
"Gpmgmt.dll","Dom_GPSVC","6.2.14393.5427","1","30-Sep-2022","GDR","5022838","February 14, 2023-KB5022838 (OS Build 14393.5717)","http://support.microsoft.com/kb/5022838","No LDR Only available","No LDR Only available","No LDR Only available"," ","23-02Rollup"
"Gprsop.dll","Dom_GPSVC","6.2.14393.4169","1","07-Jan-2021","GDR","5022838","February 14, 2023-KB5022838 (OS Build 14393.5717)","http://support.microsoft.com/kb/5022838","No LDR Only available","No LDR Only available","No LDR Only available"," ","23-02Rollup"
"Userenv.dll","Dom_GPSVC","6.2.14393.4583","1","30-Jul-2021","GDR","5022838","February 14, 2023-KB5022838 (OS Build 14393.5717)","http://support.microsoft.com/kb/5022838","No LDR Only available","No LDR Only available","No LDR Only available"," ","23-02Rollup"
"Gpprnext.dll","Dom_GPExt","6.2.14393.0","1","","RTM","5022838","","","","","","",""
"Appmgmts.dll","Dom_GPExt","6.2.14393.3986","1","02-Oct-2020","GDR","5022838","February 14, 2023-KB5022838 (OS Build 14393.5717)","http://support.microsoft.com/kb/5022838","No LDR Only available","No LDR Only available","No LDR Only available"," ","23-02Rollup"
"Gpprefcl.dll","Dom_GPP","6.2.14393.5582","1","01-Dec-2022","GDR","5022838","February 14, 2023-KB5022838 (OS Build 14393.5717)","http://support.microsoft.com/kb/5022838","No LDR Only available","No LDR Only available","No LDR Only available"," ","23-02Rollup"
"Gpme.dll","Dom_GPP","6.2.14393.5582","1","01-Dec-2022","GDR","5022838","February 14, 2023-KB5022838 (OS Build 14393.5717)","http://support.microsoft.com/kb/5022838","No LDR Only available","No LDR Only available","No LDR Only available"," ","23-02Rollup"
"Gppref.dll","Dom_GPP","6.2.14393.5582","1","01-Dec-2022","GDR","5022838","February 14, 2023-KB5022838 (OS Build 14393.5717)","http://support.microsoft.com/kb/5022838","No LDR Only available","No LDR Only available","No LDR Only available"," ","23-02Rollup"
"Gpprefbr.dll","Dom_GPP","6.2.14393.5582","1","01-Dec-2022","GDR","5022838","February 14, 2023-KB5022838 (OS Build 14393.5717)","http://support.microsoft.com/kb/5022838","No LDR Only available","No LDR Only available","No LDR Only available"," ","23-02Rollup"
"Gpprefcn.dll","Dom_GPP","6.2.14393.5582","1","01-Dec-2022","GDR","5022838","February 14, 2023-KB5022838 (OS Build 14393.5717)","http://support.microsoft.com/kb/5022838","No LDR Only available","No LDR Only available","No LDR Only available"," ","23-02Rollup"
"Gpregistrybrowser.dll","Dom_GPP","6.2.14393.4169","1","07-Jan-2021","GDR","5022838","February 14, 2023-KB5022838 (OS Build 14393.5717)","http://support.microsoft.com/kb/5022838","No LDR Only available","No LDR Only available","No LDR Only available"," ","23-02Rollup"
"Propshts.dll","Dom_GPP","6.2.14393.5582","1","01-Dec-2022","GDR","5022838","February 14, 2023-KB5022838 (OS Build 14393.5717)","http://support.microsoft.com/kb/5022838","No LDR Only available","No LDR Only available","No LDR Only available"," ","23-02Rollup"
"Repdrvfs.dll","Core_WMI","6.2.14393.5006","0","02-Mar-2022","GDR","5022838","February 14, 2023-KB5022838 (OS Build 14393.5717)","http://support.microsoft.com/kb/5022838","No LDR Only available","No LDR Only available","No LDR Only available"," ","23-02Rollup"
"Profprov.dll","Dom_ProfProc","6.2.14393.0","1","","RTM","5022838","","","","","","",""
"Profsvc.dll","Dom_ProfProc","6.2.14393.5582","1","01-Dec-2022","GDR","5022838","February 14, 2023-KB5022838 (OS Build 14393.5717)","http://support.microsoft.com/kb/5022838","No LDR Only available","No LDR Only available","No LDR Only available"," ","23-02Rollup"
"Fdeploy.dll","Dom_FolderRedir","6.2.14393.3241","1","10-Sep-2019","GDR","5022838","February 14, 2023-KB5022838 (OS Build 14393.5717)","http://support.microsoft.com/kb/5022838","No LDR Only available","No LDR Only available","No LDR Only available"," ","23-02Rollup"
"Csc.sys","Net_CSC_Offline","6.2.14393.4169","1","07-Jan-2021","GDR","5022838","February 14, 2023-KB5022838 (OS Build 14393.5717)","http://support.microsoft.com/kb/5022838","No LDR Only available","No LDR Only available","No LDR Only available"," ","23-02Rollup"
"Cscapi.dll","Net_CSC_Offline","6.2.14393.0","1","","RTM","5022838","","","","","","",""
"Cscdll.dll","Net_CSC_Offline","6.2.14393.0","1","","RTM","5022838","","","","","","",""
"Cscsvc.dll","Net_CSC_Offline","6.2.14393.4402","1","26-Apr-2021","GDR","5022838","February 14, 2023-KB5022838 (OS Build 14393.5717)","http://support.microsoft.com/kb/5022838","No LDR Only available","No LDR Only available","No LDR Only available"," ","23-02Rollup"
"Cscmig.dll","Net_CSC_Offline","6.2.14393.4169","1","07-Jan-2021","GDR","5022838","February 14, 2023-KB5022838 (OS Build 14393.5717)","http://support.microsoft.com/kb/5022838","No LDR Only available","No LDR Only available","No LDR Only available"," ","23-02Rollup"
"Cscui.dll","Net_CSC_Offline","6.2.14393.5127","1","15-May-2022","GDR","5022838","February 14, 2023-KB5022838 (OS Build 14393.5717)","http://support.microsoft.com/kb/5022838","No LDR Only available","No LDR Only available","No LDR Only available"," ","23-02Rollup"
"Esent.dll","Dom_ESENT","6.2.14393.3686","0","04-May-2020","GDR","5022838","February 14, 2023-KB5022838 (OS Build 14393.5717)","http://support.microsoft.com/kb/5022838","No LDR Only available","No LDR Only available","No LDR Only available"," ","23-02Rollup"
"Ntdsai.dll","Dom_NTDSAI","6.2.14393.5717","0","03-Feb-2023","GDR","5022838","February 14, 2023-KB5022838 (OS Build 14393.5717)","http://support.microsoft.com/kb/5022838","No LDR Only available","No LDR Only available","No LDR Only available"," ","23-02Rollup"
"Ntdsutil.exe","Dom_NTDSAI","6.2.14393.5648","0","05-Jan-2023","GDR","5022838","February 14, 2023-KB5022838 (OS Build 14393.5717)","http://support.microsoft.com/kb/5022838","No LDR Only available","No LDR Only available","No LDR Only available"," ","23-02Rollup"
"Samsrv.dll","Dom_SAMSRV","6.2.14393.5717","0","03-Feb-2023","GDR","5022838","February 14, 2023-KB5022838 (OS Build 14393.5717)","http://support.microsoft.com/kb/5022838","No LDR Only available","No LDR Only available","No LDR Only available"," ","23-02Rollup"
"Samlib.dll","Dom_SAMSRV","6.2.14393.5717","0","03-Feb-2023","GDR","5022838","February 14, 2023-KB5022838 (OS Build 14393.5717)","http://support.microsoft.com/kb/5022838","No LDR Only available","No LDR Only available","No LDR Only available"," ","23-02Rollup"
"Kdcsvc.dll","Dom_KDCSVC","6.2.14393.5717","0","03-Feb-2023","GDR","5022838","February 14, 2023-KB5022838 (OS Build 14393.5717)","http://support.microsoft.com/kb/5022838","No LDR Only available","No LDR Only available","No LDR Only available"," ","23-02Rollup"
"Dfsrs.exe","Dom_DFS-R","6.2.14393.4169","0","07-Jan-2021","GDR","5022838","February 14, 2023-KB5022838 (OS Build 14393.5717)","http://support.microsoft.com/kb/5022838","No LDR Only available","No LDR Only available","No LDR Only available"," ","23-02Rollup"
"Dfsrress.dll","Dom_DFS-R","6.2.14393.185","0","08-Mar-22","GDR","5022838","February 14, 2023-KB5022838 (OS Build 14393.5717)","http://support.microsoft.com/kb/5022838","No LDR Only available","No LDR Only available","No LDR Only available","rEX","23-02Rollup"
"Dfsrro.sys","Dom_DFS-R","6.2.14393.0","0","","RTM","5022838","","","","","","",""
"Microsoft.identityserver.service.dll","Dom_ADFS","6.2.14393.5717","0","03-Feb-2023","GDR","5022838","February 14, 2023-KB5022838 (OS Build 14393.5717)","http://support.microsoft.com/kb/5022838","No LDR Only available","No LDR Only available","No LDR Only available"," ","23-02Rollup"
"Microsoft.identityserver.webhost.dll","Dom_ADFS","6.2.14393.4046","0","28-Oct-2020","GDR","5022838","February 14, 2023-KB5022838 (OS Build 14393.5717)","http://support.microsoft.com/kb/5022838","No LDR Only available","No LDR Only available","No LDR Only available"," ","23-02Rollup"
"Microsoft.identityserver.web.dll","Dom_ADFS","6.2.14393.5717","0","03-Feb-2023","GDR","5022838","February 14, 2023-KB5022838 (OS Build 14393.5717)","http://support.microsoft.com/kb/5022838","No LDR Only available","No LDR Only available","No LDR Only available"," ","23-02Rollup"
"Microsoft.identityserver.dll","Dom_ADFS","6.2.14393.4583","0","30-Jul-2021","GDR","5022838","February 14, 2023-KB5022838 (OS Build 14393.5717)","http://support.microsoft.com/kb/5022838","No LDR Only available","No LDR Only available","No LDR Only available"," ","23-02Rollup"
"Microsoft.identityserver.proxyservice.exe","Dom_ADFS","6.2.14393.4046","0","28-Oct-2020","GDR","5022838","February 14, 2023-KB5022838 (OS Build 14393.5717)","http://support.microsoft.com/kb/5022838","No LDR Only available","No LDR Only available","No LDR Only available"," ","23-02Rollup"
"5005698","Win2016RS1_21_09_SSU_KB"," ","0","14-Sep-2021","GDR","5005698","KB5005698: Servicing stack update for Windows 10, version 1607: September 14, 2021","http://support.microsoft.com/kb/5005698","No LDR Only available","No LDR Only available","No LDR Only available"," ","No Rollup"
"5022838","Win2016RS1_23-02_B_rollup_KB"," ","0","14-Feb-2023","GDR","5022838","February 14, 2023-KB5022838 (OS Build 14393.5717)","http://support.microsoft.com/kb/5022838","No LDR Only available","No LDR Only available","No LDR Only available"," ","23-02Rollup"
