"Binary","Component","Version","Prio","Published","Branch","Article","Title","Link","LDROnlyKB","LDROnlyTitle","LDROnlyLink","Comment","RollupInfo"
"Ntoskrnl.exe","Core_Kernel","6.2.18362.2429","0","30-Apr-2022","GDR","5013945","May 10, 2022-KB5013945 (OS Build 18363.2274)","http://support.microsoft.com/kb/5013945","No LDR Only available","No LDR Only available","No LDR Only available"," ","22-05Rollup"
"Crashdmp.sys","Core_Kernel","6.2.18362.693","0","30-Apr-2022","GDR","5013945","May 10, 2022-KB5013945 (OS Build 18363.2274)","http://support.microsoft.com/kb/5013945","No LDR Only available","No LDR Only available","No LDR Only available"," ","22-05Rollup"
"Ntdll.dll","Core_Kernel","6.2.18362.2395","0","30-Apr-2022","GDR","5013945","May 10, 2022-KB5013945 (OS Build 18363.2274)","http://support.microsoft.com/kb/5013945","No LDR Only available","No LDR Only available","No LDR Only available"," ","22-05Rollup"
"Hal.dll","Core_Kernel","6.2.18362.2395","0","30-Apr-2022","GDR","5013945","May 10, 2022-KB5013945 (OS Build 18363.2274)","http://support.microsoft.com/kb/5013945","No LDR Only available","No LDR Only available","No LDR Only available"," ","22-05Rollup"
"Fltmgr.sys","Core_Kernel","6.2.18362.1714","0","29-Apr-2022","GDR","5013945","May 10, 2022-KB5013945 (OS Build 18363.2274)","http://support.microsoft.com/kb/5013945","No LDR Only available","No LDR Only available","No LDR Only available"," ","22-05Rollup"
"win32k.sys","Core_Kernel","6.2.18362.2429","0","30-Apr-2022","GDR","5013945","May 10, 2022-KB5013945 (OS Build 18363.2274)","http://support.microsoft.com/kb/5013945","No LDR Only available","No LDR Only available","No LDR Only available"," ","22-05Rollup"
"Ntfs.sys","Core_FileSystem","6.2.18362.2395","0","30-Apr-2022","GDR","5013945","May 10, 2022-KB5013945 (OS Build 18363.2274)","http://support.microsoft.com/kb/5013945","No LDR Only available","No LDR Only available","No LDR Only available"," ","22-05Rollup"
"Msiscsi.sys","Core_DiskSystem","6.2.18362.1350","0","30-Apr-2022","GDR","5013945","May 10, 2022-KB5013945 (OS Build 18363.2274)","http://support.microsoft.com/kb/5013945","No LDR Only available","No LDR Only available","No LDR Only available"," ","22-05Rollup"
"Storport.sys","Core_DiskSystem","6.2.18362.1977","0","29-Apr-2022","GDR","5013945","May 10, 2022-KB5013945 (OS Build 18363.2274)","http://support.microsoft.com/kb/5013945","No LDR Only available","No LDR Only available","No LDR Only available"," ","22-05Rollup"
"Repdrvfs.dll","Core_WMI","6.2.18362.1766","0","29-Apr-2022","GDR","5013945","May 10, 2022-KB5013945 (OS Build 18363.2274)","http://support.microsoft.com/kb/5013945","No LDR Only available","No LDR Only available","No LDR Only available"," ","22-05Rollup"
"Vssapi.dll","Core_VSS","6.2.18362.1916","1","30-Apr-2022","GDR","5013945","May 10, 2022-KB5013945 (OS Build 18363.2274)","http://support.microsoft.com/kb/5013945","No LDR Only available","No LDR Only available","No LDR Only available"," ","22-05Rollup"
"Swprv.dll","Core_VSS","6.2.18362.2274","1","29-Apr-2022","GDR","5013945","May 10, 2022-KB5013945 (OS Build 18363.2274)","http://support.microsoft.com/kb/5013945","No LDR Only available","No LDR Only available","No LDR Only available"," ","22-05Rollup"
"spp.dll","Core_VSS","6.2.18362.1316","1","29-Apr-2022","GDR","5013945","May 10, 2022-KB5013945 (OS Build 18363.2274)","http://support.microsoft.com/kb/5013945","No LDR Only available","No LDR Only available","No LDR Only available"," ","22-05Rollup"
"wbengine.exe","Core_VSS","6.2.18362.1316","1","29-Apr-2022","GDR","5013945","May 10, 2022-KB5013945 (OS Build 18363.2274)","http://support.microsoft.com/kb/5013945","No LDR Only available","No LDR Only available","No LDR Only available"," ","22-05Rollup"
"pci.sys","Core_Sys","6.2.18362.1679","1","29-Apr-2022","GDR","5013945","May 10, 2022-KB5013945 (OS Build 18363.2274)","http://support.microsoft.com/kb/5013945","No LDR Only available","No LDR Only available","No LDR Only available"," ","22-05Rollup"
"Volmgr.sys","Core_Sys","6.2.18362.1500","1","29-Apr-2022","GDR","5013945","May 10, 2022-KB5013945 (OS Build 18363.2274)","http://support.microsoft.com/kb/5013945","No LDR Only available","No LDR Only available","No LDR Only available"," ","22-05Rollup"
"Advapi32.dll","Core_Apps","6.2.18362.2037","0","29-Apr-2022","GDR","5013945","May 10, 2022-KB5013945 (OS Build 18363.2274)","http://support.microsoft.com/kb/5013945","No LDR Only available","No LDR Only available","No LDR Only available"," ","22-05Rollup"
"Tzres.dll","Core_TimeZone","6.2.18362.2094","1","29-Apr-2022","GDR","5013945","May 10, 2022-KB5013945 (OS Build 18363.2274)","http://support.microsoft.com/kb/5013945","No LDR Only available","No LDR Only available","No LDR Only available"," ","22-05Rollup"
"Vhdmp.sys","Cluster_CSV","6.2.18362.2429","0","30-Apr-2022","GDR","5013945","May 10, 2022-KB5013945 (OS Build 18363.2274)","http://support.microsoft.com/kb/5013945","No LDR Only available","No LDR Only available","No LDR Only available"," ","22-05Rollup"
"Volsnap.sys","Cluster_Volsnap","6.2.18362.693","0","30-Apr-2022","GDR","5013945","May 10, 2022-KB5013945 (OS Build 18363.2274)","http://support.microsoft.com/kb/5013945","No LDR Only available","No LDR Only available","No LDR Only available"," ","22-05Rollup"
"Failoverclusters.agent.interop.dll","Cluster_Validation","6.2.18362.1237","1","29-Apr-2022","GDR","5013945","May 10, 2022-KB5013945 (OS Build 18363.2274)","http://support.microsoft.com/kb/5013945","No LDR Only available","No LDR Only available","No LDR Only available"," ","22-05Rollup"
"Vmswitch.sys","Hyper-V_Net","6.2.18362.2274","1","29-Apr-2022","GDR","5013945","May 10, 2022-KB5013945 (OS Build 18363.2274)","http://support.microsoft.com/kb/5013945","No LDR Only available","No LDR Only available","No LDR Only available"," ","22-05Rollup"
"Ndisimplatform.sys","Hyper-V_Net","6.2.18362.693","1","29-Apr-2022","GDR","5013945","May 10, 2022-KB5013945 (OS Build 18363.2274)","http://support.microsoft.com/kb/5013945","No LDR Only available","No LDR Only available","No LDR Only available"," ","22-05Rollup"
"Vmms.exe","Hyper-V_Net","6.2.18362.1500","1","30-Apr-2022","GDR","5013945","May 10, 2022-KB5013945 (OS Build 18363.2274)","http://support.microsoft.com/kb/5013945","No LDR Only available","No LDR Only available","No LDR Only available"," ","22-05Rollup"
"Winnat.sys","Hyper-V_Net","6.2.18362.1854","1","29-Apr-2022","GDR","5013945","May 10, 2022-KB5013945 (OS Build 18363.2274)","http://support.microsoft.com/kb/5013945","No LDR Only available","No LDR Only available","No LDR Only available"," ","22-05Rollup"
"Wmisvc.dll","Hyper-V_Net","6.2.18362.1411","1","30-Apr-2022","GDR","5013945","May 10, 2022-KB5013945 (OS Build 18363.2274)","http://support.microsoft.com/kb/5013945","No LDR Only available","No LDR Only available","No LDR Only available"," ","22-05Rollup"
"Vmbus.sys","Hyper-V_Net","6.2.18362.2037","1","29-Apr-2022","GDR","5013945","May 10, 2022-KB5013945 (OS Build 18363.2274)","http://support.microsoft.com/kb/5013945","No LDR Only available","No LDR Only available","No LDR Only available"," ","22-05Rollup"
"Rasapi32.dll","HNV_Net","6.2.18362.1474","1","29-Apr-2022","GDR","5013945","May 10, 2022-KB5013945 (OS Build 18363.2274)","http://support.microsoft.com/kb/5013945","No LDR Only available","No LDR Only available","No LDR Only available"," ","22-05Rollup"
"Vmwp.exe","Hyper-V_app","6.2.18362.1621","1","30-Apr-2022","GDR","5013945","May 10, 2022-KB5013945 (OS Build 18363.2274)","http://support.microsoft.com/kb/5013945","No LDR Only available","No LDR Only available","No LDR Only available"," ","22-05Rollup"
"Tcpip.sys","Net_Protocol","6.2.18362.1977","0","30-Apr-2022","GDR","5013945","May 10, 2022-KB5013945 (OS Build 18363.2274)","http://support.microsoft.com/kb/5013945","No LDR Only available","No LDR Only available","No LDR Only available"," ","22-05Rollup"
"Afd.sys","Net_Protocol","6.2.18362.2344","0","30-Apr-2022","GDR","5013945","May 10, 2022-KB5013945 (OS Build 18363.2274)","http://support.microsoft.com/kb/5013945","No LDR Only available","No LDR Only available","No LDR Only available"," ","22-05Rollup"
"Netio.sys","Net_Protocol","6.2.18362.1832","0","30-Apr-2022","GDR","5013945","May 10, 2022-KB5013945 (OS Build 18363.2274)","http://support.microsoft.com/kb/5013945","No LDR Only available","No LDR Only available","No LDR Only available"," ","22-05Rollup"
"Ndis.sys","Net_Protocol","6.2.18362.1533","0","29-Apr-2022","GDR","5013945","May 10, 2022-KB5013945 (OS Build 18363.2274)","http://support.microsoft.com/kb/5013945","No LDR Only available","No LDR Only available","No LDR Only available"," ","22-05Rollup"
"Tdx.sys","Net_Protocol","6.2.18362.1801","0","21-Sep-21","GDR","5013945","May 10, 2022-KB5013945 (OS Build 18363.2274)","http://support.microsoft.com/kb/5013945","No LDR Only available","No LDR Only available","No LDR Only available"," ","22-05Rollup"
"Iphlpapi.dll","Net_Protocol","6.2.18362.1832","0","30-Apr-2022","GDR","5013945","May 10, 2022-KB5013945 (OS Build 18363.2274)","http://support.microsoft.com/kb/5013945","No LDR Only available","No LDR Only available","No LDR Only available"," ","22-05Rollup"
"srv.sys","Net_SMB_Server","6.2.18362.1679","0","29-Apr-2022","GDR","5013945","May 10, 2022-KB5013945 (OS Build 18363.2274)","http://support.microsoft.com/kb/5013945","No LDR Only available","No LDR Only available","No LDR Only available"," ","22-05Rollup"
"srv2.sys","Net_SMB_Server","6.2.18362.1766","0","29-Apr-2022","GDR","5013945","May 10, 2022-KB5013945 (OS Build 18363.2274)","http://support.microsoft.com/kb/5013945","No LDR Only available","No LDR Only available","No LDR Only available"," ","22-05Rollup"
"srvnet.sys","Net_SMB_Server","6.2.18362.2274","0","30-Apr-2022","GDR","5013945","May 10, 2022-KB5013945 (OS Build 18363.2274)","http://support.microsoft.com/kb/5013945","No LDR Only available","No LDR Only available","No LDR Only available"," ","22-05Rollup"
"Srvsvc.dll","Net_SMB_Server","6.2.18362.2274","0","30-Apr-2022","GDR","5013945","May 10, 2022-KB5013945 (OS Build 18363.2274)","http://support.microsoft.com/kb/5013945","No LDR Only available","No LDR Only available","No LDR Only available"," ","22-05Rollup"
"Mrxsmb.sys","Net_SMB_Client","6.2.18362.2212","0","30-Apr-2022","GDR","5013945","May 10, 2022-KB5013945 (OS Build 18363.2274)","http://support.microsoft.com/kb/5013945","No LDR Only available","No LDR Only available","No LDR Only available"," ","22-05Rollup"
"Mrxsmb10.sys","Net_SMB_Client","6.2.18362.2212","0","30-Apr-2022","GDR","5013945","May 10, 2022-KB5013945 (OS Build 18363.2274)","http://support.microsoft.com/kb/5013945","No LDR Only available","No LDR Only available","No LDR Only available"," ","22-05Rollup"
"Mrxsmb20.sys","Net_SMB_Client","6.2.18362.2212","0","22-Mar-22","GDR","5013945","May 10, 2022-KB5013945 (OS Build 18363.2274)","http://support.microsoft.com/kb/5013945","No LDR Only available","No LDR Only available","No LDR Only available"," ","22-05Rollup"
"Rdbss.sys","Net_SMB_Client","6.2.18362.1801","0","21-Sep-21","GDR","5013945","May 10, 2022-KB5013945 (OS Build 18363.2274)","http://support.microsoft.com/kb/5013945","No LDR Only available","No LDR Only available","No LDR Only available"," ","22-05Rollup"
"Netbt.sys","Net_SMB_Client","6.2.18362.1139","0","30-Apr-2022","GDR","5013945","May 10, 2022-KB5013945 (OS Build 18363.2274)","http://support.microsoft.com/kb/5013945","No LDR Only available","No LDR Only available","No LDR Only available"," ","22-05Rollup"
"Mup.sys","Net_SMB_Client","6.2.18362.1379","0","11-Feb-21","GDR","5013945","May 10, 2022-KB5013945 (OS Build 18363.2274)","http://support.microsoft.com/kb/5013945","No LDR Only available","No LDR Only available","No LDR Only available"," ","22-05Rollup"
"wkssvc.dll","Net_SMB_Client","6.2.18362.2037","0","30-Apr-2022","GDR","5013945","May 10, 2022-KB5013945 (OS Build 18363.2274)","http://support.microsoft.com/kb/5013945","No LDR Only available","No LDR Only available","No LDR Only available"," ","22-05Rollup"
"NtLanman.dll","Net_SMB_Client","6.2.18362.1379","0","30-Apr-2022","GDR","5013945","May 10, 2022-KB5013945 (OS Build 18363.2274)","http://support.microsoft.com/kb/5013945","No LDR Only available","No LDR Only available","No LDR Only available"," ","22-05Rollup"
"5004748","Win2016_1909_21-07_SSU_KB"," ","0","15-Jun-2021","GDR","5004748","KB5004748: Servicing stack update for Windows 10, version 1909: July 13, 2021","http://support.microsoft.com/kb/5004748","No LDR Only available","No LDR Only available","No LDR Only available"," ","No Rollup"
"5013945","Win201619H2_22-05_B_rollup_KB"," ","0","10-May-2022","GDR","5013945","May 10, 2022-KB5013945 (OS Build 18363.2274)","http://support.microsoft.com/kb/5013945","No LDR Only available","No LDR Only available","No LDR Only available"," ","22-05Rollup"
