"Binary","Component","Version","Prio","Published","Branch","Article","Title","Link","LDROnlyKB","LDROnlyTitle","LDROnlyLink","Comment","RollupInfo"
"Netlogon.dll","Dom_NETLOGON","6.2.22000.1455","0","02-Feb-2023","GDR","5022836","February 14, 2023-KB5022836 (OS Build 22000.1574)","http://support.microsoft.com/kb/5022836","No LDR Only available","No LDR Only available","No LDR Only available"," ","23-02Rollup"
"LogonCli.dll","Dom_NETLOGON","6.2.22000.1165","0","02-Feb-2023","GDR","5022836","February 14, 2023-KB5022836 (OS Build 22000.1574)","http://support.microsoft.com/kb/5022836","No LDR Only available","No LDR Only available","No LDR Only available"," ","23-02Rollup"
"Winlogon.exe","Dom_WINLOGON","6.2.22000.1042","0","02-Feb-2023","GDR","5022836","February 14, 2023-KB5022836 (OS Build 22000.1574)","http://support.microsoft.com/kb/5022836","No LDR Only available","No LDR Only available","No LDR Only available"," ","23-02Rollup"
"Kerberos.dll","Dom_KERBEROS","6.2.22000.1574","0","30-Jan-2023","GDR","5022836","February 14, 2023-KB5022836 (OS Build 22000.1574)","http://support.microsoft.com/kb/5022836","No LDR Only available","No LDR Only available","No LDR Only available"," ","23-02Rollup"
"Msv1_0.dll","Dom_NTLM","6.2.22000.1455","1","02-Feb-2023","GDR","5022836","February 14, 2023-KB5022836 (OS Build 22000.1574)","http://support.microsoft.com/kb/5022836","No LDR Only available","No LDR Only available","No LDR Only available"," ","23-02Rollup"
"Wldap32.dll","Dom_LDAPClient","6.2.22000.1455","0","02-Feb-2023","GDR","5022836","February 14, 2023-KB5022836 (OS Build 22000.1574)","http://support.microsoft.com/kb/5022836","No LDR Only available","No LDR Only available","No LDR Only available"," ","23-02Rollup"
"Lsass.exe","Dom_LSA","6.2.22000.1098","0","02-Feb-2023","GDR","5022836","February 14, 2023-KB5022836 (OS Build 22000.1574)","http://support.microsoft.com/kb/5022836","No LDR Only available","No LDR Only available","No LDR Only available"," ","23-02Rollup"
"Lsasrv.dll","Dom_LSA","6.2.22000.1574","0","30-Jan-2023","GDR","5022836","February 14, 2023-KB5022836 (OS Build 22000.1574)","http://support.microsoft.com/kb/5022836","No LDR Only available","No LDR Only available","No LDR Only available"," ","23-02Rollup"
"Ksecdd.sys","Dom_LSA","6.2.22000.1098","0","02-Feb-2023","GDR","5022836","February 14, 2023-KB5022836 (OS Build 22000.1574)","http://support.microsoft.com/kb/5022836","No LDR Only available","No LDR Only available","No LDR Only available"," ","23-02Rollup"
"Ksecpkg.sys","Dom_LSA","6.2.22000.1516","0","02-Feb-2023","GDR","5022836","February 14, 2023-KB5022836 (OS Build 22000.1574)","http://support.microsoft.com/kb/5022836","No LDR Only available","No LDR Only available","No LDR Only available"," ","23-02Rollup"
"Secur32.dll","Dom_LSA","6.2.22000.675","0","02-Feb-2023","GDR","5022836","February 14, 2023-KB5022836 (OS Build 22000.1574)","http://support.microsoft.com/kb/5022836","No LDR Only available","No LDR Only available","No LDR Only available"," ","23-02Rollup"
"Sspicli.dll","Dom_LSA","6.2.22000.1098","0","02-Feb-2023","GDR","5022836","February 14, 2023-KB5022836 (OS Build 22000.1574)","http://support.microsoft.com/kb/5022836","No LDR Only available","No LDR Only available","No LDR Only available"," ","23-02Rollup"
"Sspisrv.dll","Dom_LSA","6.2.22000.1098","0","02-Feb-2023","GDR","5022836","February 14, 2023-KB5022836 (OS Build 22000.1574)","http://support.microsoft.com/kb/5022836","No LDR Only available","No LDR Only available","No LDR Only available"," ","23-02Rollup"
"Schannel.dll","Dom_LSA","6.2.22000.1574","0","30-Jan-2023","GDR","5022836","February 14, 2023-KB5022836 (OS Build 22000.1574)","http://support.microsoft.com/kb/5022836","No LDR Only available","No LDR Only available","No LDR Only available"," ","23-02Rollup"
"dpapisvr.dll","Dom_LSA","6.2.22000.1","0","","RTM","5022836","","","","","","",""
"Scesrv.dll","Dom_SecAuditAndConfig","6.2.22000.1098","1","02-Feb-2023","GDR","5022836","February 14, 2023-KB5022836 (OS Build 22000.1574)","http://support.microsoft.com/kb/5022836","No LDR Only available","No LDR Only available","No LDR Only available"," ","23-02Rollup"
"AclUI.dll","Dom_SecAuditAndConfig","6.2.22000.1574","1","31-Jan-2023","GDR","5022836","February 14, 2023-KB5022836 (OS Build 22000.1574)","http://support.microsoft.com/kb/5022836","No LDR Only available","No LDR Only available","No LDR Only available"," ","23-02Rollup"
"Winscard.dll","Dom_SC_Provider","6.2.22000.1455","1","02-Feb-2023","GDR","5022836","February 14, 2023-KB5022836 (OS Build 22000.1574)","http://support.microsoft.com/kb/5022836","No LDR Only available","No LDR Only available","No LDR Only available"," ","23-02Rollup"
"Basecsp.dll","Dom_SC_Provider","6.2.22000.653","1","02-Feb-2023","GDR","5022836","February 14, 2023-KB5022836 (OS Build 22000.1574)","http://support.microsoft.com/kb/5022836","No LDR Only available","No LDR Only available","No LDR Only available"," ","23-02Rollup"
"Scksp.dll","Dom_SC_Provider","6.2.22000.1455","1","02-Feb-2023","GDR","5022836","February 14, 2023-KB5022836 (OS Build 22000.1574)","http://support.microsoft.com/kb/5022836","No LDR Only available","No LDR Only available","No LDR Only available"," ","23-02Rollup"
"ScardSvr.dll","Dom_SC_Srv","6.2.22000.1455","1","02-Feb-2023","GDR","5022836","February 14, 2023-KB5022836 (OS Build 22000.1574)","http://support.microsoft.com/kb/5022836","No LDR Only available","No LDR Only available","No LDR Only available"," ","23-02Rollup"
"Scfilter.sys","Dom_SC_Srv","6.2.22000.653","1","02-Feb-2023","GDR","5022836","February 14, 2023-KB5022836 (OS Build 22000.1574)","http://support.microsoft.com/kb/5022836","No LDR Only available","No LDR Only available","No LDR Only available"," ","23-02Rollup"
"Certprop.dll","Dom_SC_Srv","6.2.22000.41","1","02-Feb-2023","GDR","5022836","February 14, 2023-KB5022836 (OS Build 22000.1574)","http://support.microsoft.com/kb/5022836","No LDR Only available","No LDR Only available","No LDR Only available"," ","23-02Rollup"
"Crypt32.dll","Dom_CRYPTO","6.2.22000.1098","1","02-Feb-2023","GDR","5022836","February 14, 2023-KB5022836 (OS Build 22000.1574)","http://support.microsoft.com/kb/5022836","No LDR Only available","No LDR Only available","No LDR Only available"," ","23-02Rollup"
"Cryptsvc.dll","Dom_CRYPTO","6.2.22000.1516","1","02-Feb-2023","GDR","5022836","February 14, 2023-KB5022836 (OS Build 22000.1574)","http://support.microsoft.com/kb/5022836","No LDR Only available","No LDR Only available","No LDR Only available"," ","23-02Rollup"
"Cryptnet.dll","Dom_CRYPTO","6.2.22000.1455","1","02-Feb-2023","GDR","5022836","February 14, 2023-KB5022836 (OS Build 22000.1574)","http://support.microsoft.com/kb/5022836","No LDR Only available","No LDR Only available","No LDR Only available"," ","23-02Rollup"
"Wintrust.dll","Dom_CRYPTO","6.2.22000.1516","1","02-Feb-2023","GDR","5022836","February 14, 2023-KB5022836 (OS Build 22000.1574)","http://support.microsoft.com/kb/5022836","No LDR Only available","No LDR Only available","No LDR Only available"," ","23-02Rollup"
"Cryptdll.dll","Dom_CRYPTO","6.2.22000.653","1","02-Feb-2023","GDR","5022836","February 14, 2023-KB5022836 (OS Build 22000.1574)","http://support.microsoft.com/kb/5022836","No LDR Only available","No LDR Only available","No LDR Only available"," ","23-02Rollup"
"Cryptcatsvc.dll","Dom_CRYPTO","6.2.22000.1574","1","30-Jan-2023","GDR","5022836","February 14, 2023-KB5022836 (OS Build 22000.1574)","http://support.microsoft.com/kb/5022836","No LDR Only available","No LDR Only available","No LDR Only available"," ","23-02Rollup"
"Dimsroam.dll","Dom_DIMS","6.2.22000.978","0","02-Feb-2023","GDR","5022836","February 14, 2023-KB5022836 (OS Build 22000.1574)","http://support.microsoft.com/kb/5022836","No LDR Only available","No LDR Only available","No LDR Only available"," ","23-02Rollup"
"Dimsjob.dll","Dom_DIMS","6.2.22000.176","0","02-Feb-2023","GDR","5022836","February 14, 2023-KB5022836 (OS Build 22000.1574)","http://support.microsoft.com/kb/5022836","No LDR Only available","No LDR Only available","No LDR Only available"," ","23-02Rollup"
"Adprovider.dll","Dom_DIMS","6.2.22000.978","0","02-Feb-2023","GDR","5022836","February 14, 2023-KB5022836 (OS Build 22000.1574)","http://support.microsoft.com/kb/5022836","No LDR Only available","No LDR Only available","No LDR Only available"," ","23-02Rollup"
"Capiprovider.dll","Dom_DIMS","6.2.22000.978","0","02-Feb-2023","GDR","5022836","February 14, 2023-KB5022836 (OS Build 22000.1574)","http://support.microsoft.com/kb/5022836","No LDR Only available","No LDR Only available","No LDR Only available"," ","23-02Rollup"
"Cngprovider.dll","Dom_DIMS","6.2.22000.978","0","02-Feb-2023","GDR","5022836","February 14, 2023-KB5022836 (OS Build 22000.1574)","http://support.microsoft.com/kb/5022836","No LDR Only available","No LDR Only available","No LDR Only available"," ","23-02Rollup"
"Dpapiprovider.dll","Dom_DIMS","6.2.22000.978","0","02-Feb-2023","GDR","5022836","February 14, 2023-KB5022836 (OS Build 22000.1574)","http://support.microsoft.com/kb/5022836","No LDR Only available","No LDR Only available","No LDR Only available"," ","23-02Rollup"
"Wincredprovider.dll","Dom_DIMS","6.2.22000.978","0","02-Feb-2023","GDR","5022836","February 14, 2023-KB5022836 (OS Build 22000.1574)","http://support.microsoft.com/kb/5022836","No LDR Only available","No LDR Only available","No LDR Only available"," ","23-02Rollup"
"Gpapi.dll","Dom_GPSVC","6.2.22000.978","0","13-Sep-2022","GDR","5022836","February 14, 2023-KB5022836 (OS Build 22000.1574)","http://support.microsoft.com/kb/5022836","No LDR Only available","No LDR Only available","No LDR Only available","rEX","23-02Rollup"
"Gpsvc.dll","Dom_GPSVC","6.2.22000.978","0","02-Feb-2023","GDR","5022836","February 14, 2023-KB5022836 (OS Build 22000.1574)","http://support.microsoft.com/kb/5022836","No LDR Only available","No LDR Only available","No LDR Only available"," ","23-02Rollup"
"Gpmgmt.dll","Dom_GPSVC","6.2.22000.1","0","","RTM","5022836","","","","","","",""
"Gprsop.dll","Dom_GPSVC","6.2.22000.1","0","","RTM","5022836","","","","","","",""
"Userenv.dll","Dom_GPSVC","6.2.22000.832","0","02-Feb-2023","GDR","5022836","February 14, 2023-KB5022836 (OS Build 22000.1574)","http://support.microsoft.com/kb/5022836","No LDR Only available","No LDR Only available","No LDR Only available"," ","23-02Rollup"
"Gpprnext.dll","Dom_GPExt","6.2.22000.653","0","02-Feb-2023","GDR","5022836","February 14, 2023-KB5022836 (OS Build 22000.1574)","http://support.microsoft.com/kb/5022836","No LDR Only available","No LDR Only available","No LDR Only available"," ","23-02Rollup"
"Appmgmts.dll","Dom_GPExt","6.2.22000.653","0","02-Feb-2023","GDR","5022836","February 14, 2023-KB5022836 (OS Build 22000.1574)","http://support.microsoft.com/kb/5022836","No LDR Only available","No LDR Only available","No LDR Only available"," ","23-02Rollup"
"Gpprefcl.dll","Dom_GPP","6.2.22000.1219","0","02-Feb-2023","GDR","5022836","February 14, 2023-KB5022836 (OS Build 22000.1574)","http://support.microsoft.com/kb/5022836","No LDR Only available","No LDR Only available","No LDR Only available"," ","23-02Rollup"
"Gpme.dll","Dom_GPP","6.2.22000.1042","0","02-Feb-2023","GDR","5022836","February 14, 2023-KB5022836 (OS Build 22000.1574)","http://support.microsoft.com/kb/5022836","No LDR Only available","No LDR Only available","No LDR Only available"," ","23-02Rollup"
"Gppref.dll","Dom_GPP","6.2.22000.1574","0","31-Jan-2023","GDR","5022836","February 14, 2023-KB5022836 (OS Build 22000.1574)","http://support.microsoft.com/kb/5022836","No LDR Only available","No LDR Only available","No LDR Only available"," ","23-02Rollup"
"Gpprefbr.dll","Dom_GPP","6.2.22000.1281","0","02-Feb-2023","GDR","5022836","February 14, 2023-KB5022836 (OS Build 22000.1574)","http://support.microsoft.com/kb/5022836","No LDR Only available","No LDR Only available","No LDR Only available"," ","23-02Rollup"
"Gpprefcn.dll","Dom_GPP","6.2.22000.1042","0","02-Feb-2023","GDR","5022836","February 14, 2023-KB5022836 (OS Build 22000.1574)","http://support.microsoft.com/kb/5022836","No LDR Only available","No LDR Only available","No LDR Only available"," ","23-02Rollup"
"Gpregistrybrowser.dll","Dom_GPP","6.2.22000.1042","0","02-Feb-2023","GDR","5022836","February 14, 2023-KB5022836 (OS Build 22000.1574)","http://support.microsoft.com/kb/5022836","No LDR Only available","No LDR Only available","No LDR Only available"," ","23-02Rollup"
"Propshts.dll","Dom_GPP","6.2.22000.1098","0","02-Feb-2023","GDR","5022836","February 14, 2023-KB5022836 (OS Build 22000.1574)","http://support.microsoft.com/kb/5022836","No LDR Only available","No LDR Only available","No LDR Only available"," ","23-02Rollup"
"Profprov.dll","Dom_ProfProc","6.2.22000.653","0","02-Feb-2023","GDR","5022836","February 14, 2023-KB5022836 (OS Build 22000.1574)","http://support.microsoft.com/kb/5022836","No LDR Only available","No LDR Only available","No LDR Only available"," ","23-02Rollup"
"Profsvc.dll","Dom_ProfProc","6.2.22000.1042","0","02-Feb-2023","GDR","5022836","February 14, 2023-KB5022836 (OS Build 22000.1574)","http://support.microsoft.com/kb/5022836","No LDR Only available","No LDR Only available","No LDR Only available"," ","23-02Rollup"
"Fdeploy.dll","Dom_FolderRedir","6.2.22000.653","0","02-Feb-2023","GDR","5022836","February 14, 2023-KB5022836 (OS Build 22000.1574)","http://support.microsoft.com/kb/5022836","No LDR Only available","No LDR Only available","No LDR Only available"," ","23-02Rollup"
"Esent.dll","Dom_ESENT","6.2.22000.1165","0","02-Feb-2023","GDR","5022836","February 14, 2023-KB5022836 (OS Build 22000.1574)","http://support.microsoft.com/kb/5022836","No LDR Only available","No LDR Only available","No LDR Only available"," ","23-02Rollup"
"Ntdsai.dll","Dom_NTDSAI","6.2.22000.1574","0","31-Jan-2023","GDR","5022836","February 14, 2023-KB5022836 (OS Build 22000.1574)","http://support.microsoft.com/kb/5022836","No LDR Only available","No LDR Only available","No LDR Only available"," ","23-02Rollup"
"Ntdsutil.exe","Dom_NTDSAI","6.2.22000.1455","0","02-Feb-2023","GDR","5022836","February 14, 2023-KB5022836 (OS Build 22000.1574)","http://support.microsoft.com/kb/5022836","No LDR Only available","No LDR Only available","No LDR Only available"," ","23-02Rollup"
"Samsrv.dll","Dom_SAMSRV","6.2.22000.1281","0","02-Feb-2023","GDR","5022836","February 14, 2023-KB5022836 (OS Build 22000.1574)","http://support.microsoft.com/kb/5022836","No LDR Only available","No LDR Only available","No LDR Only available"," ","23-02Rollup"
"Samlib.dll","Dom_SAMSRV","6.2.22000.1281","0","13-Dec-2022","GDR","5022836","February 14, 2023-KB5022836 (OS Build 22000.1574)","http://support.microsoft.com/kb/5022836","No LDR Only available","No LDR Only available","No LDR Only available","rEX","23-02Rollup"
"Mrxsmb.sys","Net_SMB_Client","6.2.22000.1516","0","02-Feb-2023","GDR","5022836","February 14, 2023-KB5022836 (OS Build 22000.1574)","http://support.microsoft.com/kb/5022836","No LDR Only available","No LDR Only available","No LDR Only available"," ","23-02Rollup"
"Mrxsmb10.sys","Net_SMB_Client","6.2.22000.1516","0","02-Feb-2023","GDR","5022836","February 14, 2023-KB5022836 (OS Build 22000.1574)","http://support.microsoft.com/kb/5022836","No LDR Only available","No LDR Only available","No LDR Only available"," ","23-02Rollup"
"Mrxsmb20.sys","Net_SMB_Client","6.2.22000.1516","0","02-Feb-2023","GDR","5022836","February 14, 2023-KB5022836 (OS Build 22000.1574)","http://support.microsoft.com/kb/5022836","No LDR Only available","No LDR Only available","No LDR Only available"," ","23-02Rollup"
"Rdbss.sys","Net_SMB_Client","6.2.22000.1516","0","02-Feb-2023","GDR","5022836","February 14, 2023-KB5022836 (OS Build 22000.1574)","http://support.microsoft.com/kb/5022836","No LDR Only available","No LDR Only available","No LDR Only available"," ","23-02Rollup"
"Netbt.sys","Net_SMB_Client","6.2.22000.1","0","","RTM","5022836","","","","","","",""
"Mup.sys","Net_SMB_Client","6.2.22000.1","0","","RTM","5022836","","","","","","",""
"wkssvc.dll","Net_SMB_Client","6.2.22000.1516","0","02-Feb-2023","GDR","5022836","February 14, 2023-KB5022836 (OS Build 22000.1574)","http://support.microsoft.com/kb/5022836","No LDR Only available","No LDR Only available","No LDR Only available"," ","23-02Rollup"
"Mpr.dll","Net_SMB_Client","6.2.22000.778","0","02-Feb-2023","GDR","5022836","February 14, 2023-KB5022836 (OS Build 22000.1574)","http://support.microsoft.com/kb/5022836","No LDR Only available","No LDR Only available","No LDR Only available"," ","23-02Rollup"
"NtLanman.dll","Net_SMB_Client","6.2.22000.1574","0","30-Jan-2023","GDR","5022836","February 14, 2023-KB5022836 (OS Build 22000.1574)","http://support.microsoft.com/kb/5022836","No LDR Only available","No LDR Only available","No LDR Only available"," ","23-02Rollup"
"Tcpip.sys","Net_Protocol","6.2.22000.1574","0","30-Jan-2023","GDR","5022836","February 14, 2023-KB5022836 (OS Build 22000.1574)","http://support.microsoft.com/kb/5022836","No LDR Only available","No LDR Only available","No LDR Only available"," ","23-02Rollup"
"Afd.sys","Net_Protocol","6.2.22000.1455","0","02-Feb-2023","GDR","5022836","February 14, 2023-KB5022836 (OS Build 22000.1574)","http://support.microsoft.com/kb/5022836","No LDR Only available","No LDR Only available","No LDR Only available"," ","23-02Rollup"
"Netio.sys","Net_Protocol","6.2.22000.1516","0","02-Feb-2023","GDR","5022836","February 14, 2023-KB5022836 (OS Build 22000.1574)","http://support.microsoft.com/kb/5022836","No LDR Only available","No LDR Only available","No LDR Only available"," ","23-02Rollup"
"Ndis.sys","Net_Protocol","6.2.22000.1281","0","02-Feb-2023","GDR","5022836","February 14, 2023-KB5022836 (OS Build 22000.1574)","http://support.microsoft.com/kb/5022836","No LDR Only available","No LDR Only available","No LDR Only available"," ","23-02Rollup"
"Netiohlp.dll","Net_Protocol","6.2.22000.1165","0","02-Feb-2023","GDR","5022836","February 14, 2023-KB5022836 (OS Build 22000.1574)","http://support.microsoft.com/kb/5022836","No LDR Only available","No LDR Only available","No LDR Only available"," ","23-02Rollup"
"Tdx.sys","Net_Protocol","6.2.22000.194","0","02-Feb-2023","GDR","5022836","February 14, 2023-KB5022836 (OS Build 22000.1574)","http://support.microsoft.com/kb/5022836","No LDR Only available","No LDR Only available","No LDR Only available"," ","23-02Rollup"
"Iphlpapi.dll","Net_Protocol","6.2.22000.282","0","02-Feb-2023","GDR","5022836","February 14, 2023-KB5022836 (OS Build 22000.1574)","http://support.microsoft.com/kb/5022836","No LDR Only available","No LDR Only available","No LDR Only available"," ","23-02Rollup"
"Dfsc.sys","Net_DFS-N_Client","6.2.22000.1574","0","30-Jan-2023","GDR","5022836","February 14, 2023-KB5022836 (OS Build 22000.1574)","http://support.microsoft.com/kb/5022836","No LDR Only available","No LDR Only available","No LDR Only available"," ","23-02Rollup"
"Csc.sys","Net_CSC_Offline","6.2.22000.918","0","02-Feb-2023","GDR","5022836","February 14, 2023-KB5022836 (OS Build 22000.1574)","http://support.microsoft.com/kb/5022836","No LDR Only available","No LDR Only available","No LDR Only available"," ","23-02Rollup"
"Cscapi.dll","Net_CSC_Offline","6.2.22000.51","0","02-Feb-2023","GDR","5022836","February 14, 2023-KB5022836 (OS Build 22000.1574)","http://support.microsoft.com/kb/5022836","No LDR Only available","No LDR Only available","No LDR Only available"," ","23-02Rollup"
"Cscdll.dll","Net_CSC_Offline","6.2.22000.51","0","02-Feb-2023","GDR","5022836","February 14, 2023-KB5022836 (OS Build 22000.1574)","http://support.microsoft.com/kb/5022836","No LDR Only available","No LDR Only available","No LDR Only available"," ","23-02Rollup"
"Cscsvc.dll","Net_CSC_Offline","6.2.22000.1042","0","02-Feb-2023","GDR","5022836","February 14, 2023-KB5022836 (OS Build 22000.1574)","http://support.microsoft.com/kb/5022836","No LDR Only available","No LDR Only available","No LDR Only available"," ","23-02Rollup"
"Cscmig.dll","Net_CSC_Offline","6.2.22000.918","0","02-Feb-2023","GDR","5022836","February 14, 2023-KB5022836 (OS Build 22000.1574)","http://support.microsoft.com/kb/5022836","No LDR Only available","No LDR Only available","No LDR Only available"," ","23-02Rollup"
"Cscui.dll","Net_CSC_Offline","6.2.22000.51","0","02-Feb-2023","GDR","5022836","February 14, 2023-KB5022836 (OS Build 22000.1574)","http://support.microsoft.com/kb/5022836","No LDR Only available","No LDR Only available","No LDR Only available"," ","23-02Rollup"
"Mrxdav.sys","Net_WebDAV","6.2.22000.653","0","09-Aug-2022","GDR","5022836","February 14, 2023-KB5022836 (OS Build 22000.1574)","http://support.microsoft.com/kb/5022836","No LDR Only available","No LDR Only available","No LDR Only available","rEX","23-02Rollup"
"Webclnt.dll","Net_WebDAV","6.2.22000.653","0","13-Sep-2022","GDR","5022836","February 14, 2023-KB5022836 (OS Build 22000.1574)","http://support.microsoft.com/kb/5022836","No LDR Only available","No LDR Only available","No LDR Only available","rEX","23-02Rollup"
"Davclnt.dll","Net_WebDAV","6.2.22000.1516","0","02-Feb-2023","GDR","5022836","February 14, 2023-KB5022836 (OS Build 22000.1574)","http://support.microsoft.com/kb/5022836","No LDR Only available","No LDR Only available","No LDR Only available"," ","23-02Rollup"
"Shell32.dll","Net_WebDAV","6.2.22000.1516","0","02-Feb-2023","GDR","5022836","February 14, 2023-KB5022836 (OS Build 22000.1574)","http://support.microsoft.com/kb/5022836","No LDR Only available","No LDR Only available","No LDR Only available"," ","23-02Rollup"
"Winhttp.dll","Net_WebDAV","6.2.22000.1165","0","02-Feb-2023","GDR","5022836","February 14, 2023-KB5022836 (OS Build 22000.1574)","http://support.microsoft.com/kb/5022836","No LDR Only available","No LDR Only available","No LDR Only available"," ","23-02Rollup"
"Dhcpcore.dll","Net_DHCP_Client","6.2.22000.1098","0","02-Feb-2023","GDR","5022836","February 14, 2023-KB5022836 (OS Build 22000.1574)","http://support.microsoft.com/kb/5022836","No LDR Only available","No LDR Only available","No LDR Only available"," ","23-02Rollup"
"Dhcpcsvc.dll","Net_DHCP_Client","6.2.22000.1098","0","02-Feb-2023","GDR","5022836","February 14, 2023-KB5022836 (OS Build 22000.1574)","http://support.microsoft.com/kb/5022836","No LDR Only available","No LDR Only available","No LDR Only available"," ","23-02Rollup"
"dnsapi.dll","Net_DNS_Client","6.2.22000.1516","0","02-Feb-2023","GDR","5022836","February 14, 2023-KB5022836 (OS Build 22000.1574)","http://support.microsoft.com/kb/5022836","No LDR Only available","No LDR Only available","No LDR Only available"," ","23-02Rollup"
"dnsrslvr.dll","Net_DNS_Client","6.2.22000.1516","0","02-Feb-2023","GDR","5022836","February 14, 2023-KB5022836 (OS Build 22000.1574)","http://support.microsoft.com/kb/5022836","No LDR Only available","No LDR Only available","No LDR Only available"," ","23-02Rollup"
"Dnscacheugc.exe","Net_DNS_Client","6.2.22000.653","0","02-Feb-2023","GDR","5022836","February 14, 2023-KB5022836 (OS Build 22000.1574)","http://support.microsoft.com/kb/5022836","No LDR Only available","No LDR Only available","No LDR Only available"," ","23-02Rollup"
"Rpcss.dll","Net_RPC","6.2.22000.1574","1","30-Jan-2023","GDR","5022836","February 14, 2023-KB5022836 (OS Build 22000.1574)","http://support.microsoft.com/kb/5022836","No LDR Only available","No LDR Only available","No LDR Only available"," ","23-02Rollup"
"Rpchttp.dll","Net_RPC","6.2.22000.653","1","02-Feb-2023","GDR","5022836","February 14, 2023-KB5022836 (OS Build 22000.1574)","http://support.microsoft.com/kb/5022836","No LDR Only available","No LDR Only available","No LDR Only available"," ","23-02Rollup"
"Rpcrt4.dll","Net_RPC","6.2.22000.1455","1","02-Feb-2023","GDR","5022836","February 14, 2023-KB5022836 (OS Build 22000.1574)","http://support.microsoft.com/kb/5022836","No LDR Only available","No LDR Only available","No LDR Only available"," ","23-02Rollup"
"Bfe.dll","Net_Ipsec_BFE","6.2.22000.1455","1","02-Feb-2023","GDR","5022836","February 14, 2023-KB5022836 (OS Build 22000.1574)","http://support.microsoft.com/kb/5022836","No LDR Only available","No LDR Only available","No LDR Only available"," ","23-02Rollup"
"Ikeext.dll","Net_Ipsec_BFE","6.2.22000.1574","1","30-Jan-2023","GDR","5022836","February 14, 2023-KB5022836 (OS Build 22000.1574)","http://support.microsoft.com/kb/5022836","No LDR Only available","No LDR Only available","No LDR Only available"," ","23-02Rollup"
"Fwpuclnt.dll","Net_Ipsec_BFE","6.2.22000.1455","1","10-Jan-2023","GDR","5022836","February 14, 2023-KB5022836 (OS Build 22000.1574)","http://support.microsoft.com/kb/5022836","No LDR Only available","No LDR Only available","No LDR Only available","rEX","23-02Rollup"
"Iphlpsvc.dll","Net_DirectAccess_Client","6.2.22000.918","1","02-Feb-2023","GDR","5022836","February 14, 2023-KB5022836 (OS Build 22000.1574)","http://support.microsoft.com/kb/5022836","No LDR Only available","No LDR Only available","No LDR Only available"," ","23-02Rollup"
"Iphlpsvcmigplugin.dll","Net_DirectAccess_Client","6.2.22000.1","1","","RTM","5022836","","","","","","",""
"Netcorehc.dll","Net_DirectAccess_Client","6.2.22000.653","1","02-Feb-2023","GDR","5022836","February 14, 2023-KB5022836 (OS Build 22000.1574)","http://support.microsoft.com/kb/5022836","No LDR Only available","No LDR Only available","No LDR Only available"," ","23-02Rollup"
"Daotpcredentialprovider.dll","Net_DirectAccess_Client","6.2.22000.653","1","02-Feb-2023","GDR","5022836","February 14, 2023-KB5022836 (OS Build 22000.1574)","http://support.microsoft.com/kb/5022836","No LDR Only available","No LDR Only available","No LDR Only available"," ","23-02Rollup"
"Rdpcore.dll","Net_DirectAccess_Client","6.2.22000.1","1","","RTM","5022836","","","","","","",""
"dot3svc.dll","Net_IEEE802.1x","6.2.22000.918","1","02-Feb-2023","GDR","5022836","February 14, 2023-KB5022836 (OS Build 22000.1574)","http://support.microsoft.com/kb/5022836","No LDR Only available","No LDR Only available","No LDR Only available"," ","23-02Rollup"
"Rastls.dll","Net_IEEE802.1x","6.2.22000.1574","1","30-Jan-2023","GDR","5022836","February 14, 2023-KB5022836 (OS Build 22000.1574)","http://support.microsoft.com/kb/5022836","No LDR Only available","No LDR Only available","No LDR Only available"," ","23-02Rollup"
"wlansvc.dll","Net_WLAN_Client","6.2.22000.1516","1","02-Feb-2023","GDR","5022836","February 14, 2023-KB5022836 (OS Build 22000.1574)","http://support.microsoft.com/kb/5022836","No LDR Only available","No LDR Only available","No LDR Only available"," ","23-02Rollup"
"wlanmsm.dll","Net_WLAN_Client","6.2.22000.1516","1","02-Feb-2023","GDR","5022836","February 14, 2023-KB5022836 (OS Build 22000.1574)","http://support.microsoft.com/kb/5022836","No LDR Only available","No LDR Only available","No LDR Only available"," ","23-02Rollup"
"wlanapi.dll","Net_WLAN_Client","6.2.22000.1165","1","08-Nov-2022","GDR","5022836","February 14, 2023-KB5022836 (OS Build 22000.1574)","http://support.microsoft.com/kb/5022836","No LDR Only available","No LDR Only available","No LDR Only available","rEX","23-02Rollup"
"wlansec.dll","Net_WLAN_Client","6.2.22000.1516","1","02-Feb-2023","GDR","5022836","February 14, 2023-KB5022836 (OS Build 22000.1574)","http://support.microsoft.com/kb/5022836","No LDR Only available","No LDR Only available","No LDR Only available"," ","23-02Rollup"
"wlansvcpal.dll","Net_WLAN_Client","6.2.22000.1516","1","02-Feb-2023","GDR","5022836","February 14, 2023-KB5022836 (OS Build 22000.1574)","http://support.microsoft.com/kb/5022836","No LDR Only available","No LDR Only available","No LDR Only available"," ","23-02Rollup"
"wlanhlp.dll","Net_WLAN_Client","6.2.22000.1165","1","08-Nov-2022","GDR","5022836","February 14, 2023-KB5022836 (OS Build 22000.1574)","http://support.microsoft.com/kb/5022836","No LDR Only available","No LDR Only available","No LDR Only available","rEX","23-02Rollup"
"Netcfgx.dll","Net_Config","6.2.22000.653","1","02-Feb-2023","GDR","5022836","February 14, 2023-KB5022836 (OS Build 22000.1574)","http://support.microsoft.com/kb/5022836","No LDR Only available","No LDR Only available","No LDR Only available"," ","23-02Rollup"
"Rasapi32.dll","HNV_Net","6.2.22000.832","1","02-Feb-2023","GDR","5022836","February 14, 2023-KB5022836 (OS Build 22000.1574)","http://support.microsoft.com/kb/5022836","No LDR Only available","No LDR Only available","No LDR Only available"," ","23-02Rollup"
"Mprapi.dll","HNV_Net","6.2.22000.1042","1","02-Feb-2023","GDR","5022836","February 14, 2023-KB5022836 (OS Build 22000.1574)","http://support.microsoft.com/kb/5022836","No LDR Only available","No LDR Only available","No LDR Only available"," ","23-02Rollup"
"Tunnel.sys","Net_IPv6","6.2.22000.1165","1","02-Feb-2023","GDR","5022836","February 14, 2023-KB5022836 (OS Build 22000.1574)","http://support.microsoft.com/kb/5022836","No LDR Only available","No LDR Only available","No LDR Only available"," ","23-02Rollup"
"Dhcpcore6.dll","Net_IPv6","6.2.22000.1098","1","02-Feb-2023","GDR","5022836","February 14, 2023-KB5022836 (OS Build 22000.1574)","http://support.microsoft.com/kb/5022836","No LDR Only available","No LDR Only available","No LDR Only available"," ","23-02Rollup"
"Dhcpcsvc6.dll","Net_IPv6","6.2.22000.1098","1","02-Feb-2023","GDR","5022836","February 14, 2023-KB5022836 (OS Build 22000.1574)","http://support.microsoft.com/kb/5022836","No LDR Only available","No LDR Only available","No LDR Only available"," ","23-02Rollup"
"WebIo.dll","Net_BranchCache","6.2.22000.832","1","02-Feb-2023","GDR","5022836","February 14, 2023-KB5022836 (OS Build 22000.1574)","http://support.microsoft.com/kb/5022836","No LDR Only available","No LDR Only available","No LDR Only available"," ","23-02Rollup"
"Smbhash.exe","Net_BranchCache","6.2.22000.1","1","","RTM","5022836","","","","","","",""
"Pacer.sys","Net_QoS","6.2.22000.1","1","","RTM","5022836","","","","","","",""
"Mpsdrv.sys","Net_Firewall","6.2.22000.1","1","","RTM","5022836","","","","","","",""
"MpsSvc.dll","Net_Firewall","6.2.22000.1281","1","02-Feb-2023","GDR","5022836","February 14, 2023-KB5022836 (OS Build 22000.1574)","http://support.microsoft.com/kb/5022836","No LDR Only available","No LDR Only available","No LDR Only available"," ","23-02Rollup"
"Ntoskrnl.exe","Core_Kernel","6.2.22000.1574","0","30-Jan-2023","GDR","5022836","February 14, 2023-KB5022836 (OS Build 22000.1574)","http://support.microsoft.com/kb/5022836","No LDR Only available","No LDR Only available","No LDR Only available"," ","23-02Rollup"
"Ntkrnlpa.exe","Core_Kernel","6.2.22000.1","0","","RTM","5022836","","","","","","",""
"Crashdmp.sys","Core_Kernel","6.2.22000.918","0","02-Feb-2023","GDR","5022836","February 14, 2023-KB5022836 (OS Build 22000.1574)","http://support.microsoft.com/kb/5022836","No LDR Only available","No LDR Only available","No LDR Only available"," ","23-02Rollup"
"Ntdll.dll","Core_Kernel","6.2.22000.918","0","02-Feb-2023","GDR","5022836","February 14, 2023-KB5022836 (OS Build 22000.1574)","http://support.microsoft.com/kb/5022836","No LDR Only available","No LDR Only available","No LDR Only available"," ","23-02Rollup"
"Hal.dll","Core_Kernel","6.2.22000.1219","0","02-Feb-2023","GDR","5022836","February 14, 2023-KB5022836 (OS Build 22000.1574)","http://support.microsoft.com/kb/5022836","No LDR Only available","No LDR Only available","No LDR Only available"," ","23-02Rollup"
"Fltmgr.sys","Core_Kernel","6.2.22000.1281","0","02-Feb-2023","GDR","5022836","February 14, 2023-KB5022836 (OS Build 22000.1574)","http://support.microsoft.com/kb/5022836","No LDR Only available","No LDR Only available","No LDR Only available"," ","23-02Rollup"
"win32k.sys","Core_Kernel","6.2.22000.1574","0","30-Jan-2023","GDR","5022836","February 14, 2023-KB5022836 (OS Build 22000.1574)","http://support.microsoft.com/kb/5022836","No LDR Only available","No LDR Only available","No LDR Only available"," ","23-02Rollup"
"Ntfs.sys","Core_FileSystem","6.2.22000.1281","0","02-Feb-2023","GDR","5022836","February 14, 2023-KB5022836 (OS Build 22000.1574)","http://support.microsoft.com/kb/5022836","No LDR Only available","No LDR Only available","No LDR Only available"," ","23-02Rollup"
"dedup.sys","Core_FileSystem","6.2.22000.1","0","","RTM","5022836","","","","","","",""
"Msiscsi.sys","Core_DiskSystem","6.2.22000.653","0","02-Feb-2023","GDR","5022836","February 14, 2023-KB5022836 (OS Build 22000.1574)","http://support.microsoft.com/kb/5022836","No LDR Only available","No LDR Only available","No LDR Only available"," ","23-02Rollup"
"Iscsitgt.dll","Core_DiskSystem","6.2.22000.1","0","","RTM","5022836","","","","","","",""
"Storport.sys","Core_DiskSystem","6.2.22000.1281","0","02-Feb-2023","GDR","5022836","February 14, 2023-KB5022836 (OS Build 22000.1574)","http://support.microsoft.com/kb/5022836","No LDR Only available","No LDR Only available","No LDR Only available"," ","23-02Rollup"
"Repdrvfs.dll","Core_WMI","6.2.22000.593","0","02-Feb-2023","GDR","5022836","February 14, 2023-KB5022836 (OS Build 22000.1574)","http://support.microsoft.com/kb/5022836","No LDR Only available","No LDR Only available","No LDR Only available"," ","23-02Rollup"
"Advapi32.dll","Core_Apps","6.2.22000.1098","0","02-Feb-2023","GDR","5022836","February 14, 2023-KB5022836 (OS Build 22000.1574)","http://support.microsoft.com/kb/5022836","No LDR Only available","No LDR Only available","No LDR Only available"," ","23-02Rollup"
"Mshtml.dll","IE_Client","11.0.22000.1574","0","31-Jan-2023","GDR","5022836","February 14, 2023-KB5022836 (OS Build 22000.1574)","http://support.microsoft.com/kb/5022836","No LDR Only available","No LDR Only available","No LDR Only available"," ","23-02Rollup"
"5022836","Win11_23-02_B_rollup_KB"," ","0","14-Feb-2023","GDR","5022836","February 14, 2023-KB5022836 (OS Build 22000.1574)","http://support.microsoft.com/kb/5022836","No LDR Only available","No LDR Only available","No LDR Only available"," ","23-02Rollup"
