"Binary","Component","Version","Prio","Published","Branch","Article","Title","Link","LDROnlyKB","LDROnlyTitle","LDROnlyLink","Comment","RollupInfo"
"Netlogon.dll","Dom_NETLOGON","6.1.7601.26317","0","19-Dec-2022","GDR","5022872","February 14, 2023-KB5022872 (Monthly Rollup)","http://support.microsoft.com/kb/5022872","No LDR Only available","No LDR Only available","No LDR Only available"," ","23-02Rollup"
"LogonCli.dll","Dom_NETLOGON","6.1.7601.25951","0","18-Apr-2022","GDR","5022872","February 14, 2023-KB5022872 (Monthly Rollup)","http://support.microsoft.com/kb/5022872","No LDR Only available","No LDR Only available","No LDR Only available"," ","23-02Rollup"
"Winlogon.exe","Dom_WINLOGON","6.1.7601.24514","0","13-Aug-2019","GDR","5022872","February 14, 2023-KB5022872 (Monthly Rollup)","http://support.microsoft.com/kb/5022872","No LDR Only available","No LDR Only available","No LDR Only available"," ","23-02Rollup"
"Kerberos.dll","Dom_KERBEROS","6.1.7601.26174","0","08-Nov-2022","GDR","5022872","February 14, 2023-KB5022872 (Monthly Rollup)","http://support.microsoft.com/kb/5022872","No LDR Only available","No LDR Only available","No LDR Only available","rEX","23-02Rollup"
"Msv1_0.dll","Dom_NTLM","6.1.7601.26174","1","08-Nov-2022","GDR","5022872","February 14, 2023-KB5022872 (Monthly Rollup)","http://support.microsoft.com/kb/5022872","No LDR Only available","No LDR Only available","No LDR Only available","rEX","23-02Rollup"
"Wldap32.dll","Dom_LDAPClient","6.1.7601.26113","0","08-Nov-2022","GDR","5022872","February 14, 2023-KB5022872 (Monthly Rollup)","http://support.microsoft.com/kb/5022872","No LDR Only available","No LDR Only available","No LDR Only available","rEX","23-02Rollup"
"Lsass.exe","Dom_LSA","6.1.7601.26174","0","08-Nov-2022","GDR","5022872","February 14, 2023-KB5022872 (Monthly Rollup)","http://support.microsoft.com/kb/5022872","No LDR Only available","No LDR Only available","No LDR Only available","rEX","23-02Rollup"
"Lsasrv.dll","Dom_LSA","6.1.7601.26174","0","08-Nov-2022","GDR","5022872","February 14, 2023-KB5022872 (Monthly Rollup)","http://support.microsoft.com/kb/5022872","No LDR Only available","No LDR Only available","No LDR Only available","rEX","23-02Rollup"
"Ksecdd.sys","Dom_LSA","6.1.7601.26174","0","08-Nov-2022","GDR","5022872","February 14, 2023-KB5022872 (Monthly Rollup)","http://support.microsoft.com/kb/5022872","No LDR Only available","No LDR Only available","No LDR Only available","rEX","23-02Rollup"
"Ksecpkg.sys","Dom_LSA","6.1.7601.26174","0","08-Nov-2022","GDR","5022872","February 14, 2023-KB5022872 (Monthly Rollup)","http://support.microsoft.com/kb/5022872","No LDR Only available","No LDR Only available","No LDR Only available","rEX","23-02Rollup"
"Secur32.dll","Dom_LSA","6.1.7601.26174","0","08-Nov-2022","GDR","5022872","February 14, 2023-KB5022872 (Monthly Rollup)","http://support.microsoft.com/kb/5022872","No LDR Only available","No LDR Only available","No LDR Only available","rEX","23-02Rollup"
"Sspicli.dll","Dom_LSA","6.1.7601.26174","0","08-Nov-2022","GDR","5022872","February 14, 2023-KB5022872 (Monthly Rollup)","http://support.microsoft.com/kb/5022872","No LDR Only available","No LDR Only available","No LDR Only available","rEX","23-02Rollup"
"Sspisrv.dll","Dom_LSA","6.1.7601.26174","0","08-Nov-2022","GDR","5022872","February 14, 2023-KB5022872 (Monthly Rollup)","http://support.microsoft.com/kb/5022872","No LDR Only available","No LDR Only available","No LDR Only available","rEX","23-02Rollup"
"Schannel.dll","Dom_LSA","6.1.7601.26174","0","08-Nov-2022","GDR","5022872","February 14, 2023-KB5022872 (Monthly Rollup)","http://support.microsoft.com/kb/5022872","No LDR Only available","No LDR Only available","No LDR Only available","rEX","23-02Rollup"
"dpapisvr.dll","Dom_LSA","6.1.7601.0","0","","RTM","5022872","","","","","","",""
"Scesrv.dll","Dom_SecAuditAndConfig","6.1.7601.26159","1","08-Nov-2022","GDR","5022872","February 14, 2023-KB5022872 (Monthly Rollup)","http://support.microsoft.com/kb/5022872","No LDR Only available","No LDR Only available","No LDR Only available","rEX","23-02Rollup"
"aclui.dll","Dom_SecAuditAndConfig","6.1.7601.22587","1","01.02.2014","LDR","2928800 (v1.0)","Incorrect group name is displayed in folder permission list in Windows 7 or Windows Server 2008 R2","http://support.microsoft.com/kb/2928800","2928800 (v1.0)","Incorrect group name is displayed in folder permission list in Windows 7 or Windows Server 2008 R2","http://support.microsoft.com/kb/2928800"," ","16-04Rollup"
"Winscard.dll","Dom_SC_Provider","6.1.7601.24059","1","21-Feb-2018","GDR","5022872","February 14, 2023-KB5022872 (Monthly Rollup)","http://support.microsoft.com/kb/5022872","No LDR Only available","No LDR Only available","No LDR Only available"," ","23-02Rollup"
"Basecsp.dll","Dom_SC_Provider","6.1.7601.24080","1","06-Mar-2018","GDR","5022872","February 14, 2023-KB5022872 (Monthly Rollup)","http://support.microsoft.com/kb/5022872","No LDR Only available","No LDR Only available","No LDR Only available"," ","23-02Rollup"
"Scksp.dll","Dom_SC_Provider","6.1.7601.24080","1","06-Mar-2018","GDR","5022872","February 14, 2023-KB5022872 (Monthly Rollup)","http://support.microsoft.com/kb/5022872","No LDR Only available","No LDR Only available","No LDR Only available"," ","23-02Rollup"
"scardsvr.dll","Dom_SC_Srv","6.1.7601.22310","1","26.04.2013","LDR","2833914 (v2.0)","""Interactive Logon: Smart card removal behavior"" Group Policy setting doesn't work as expected in Windows 7 SP1 or Windows Server 2008 R2 SP1","http://support.microsoft.com/kb/2833914","2833914 (v2.0)","""Interactive Logon: Smart card removal behavior"" Group Policy setting doesn't work as expected in Windows 7 SP1 or Windows Server 2008 R2 SP1","http://support.microsoft.com/kb/2833914"," ","16-04Rollup"
"scfilter.sys","Dom_SC_Srv","6.1.7601.22310","1","26.04.2013","LDR","2833914 (v2.0)","""Interactive Logon: Smart card removal behavior"" Group Policy setting doesn't work as expected in Windows 7 SP1 or Windows Server 2008 R2 SP1","http://support.microsoft.com/kb/2833914","2833914 (v2.0)","""Interactive Logon: Smart card removal behavior"" Group Policy setting doesn't work as expected in Windows 7 SP1 or Windows Server 2008 R2 SP1","http://support.microsoft.com/kb/2833914"," ","16-04Rollup"
"certprop.dll","Dom_SC_Srv","6.1.7601.22310","1","26.04.2013","LDR","2833914 (v2.0)","""Interactive Logon: Smart card removal behavior"" Group Policy setting doesn't work as expected in Windows 7 SP1 or Windows Server 2008 R2 SP1","http://support.microsoft.com/kb/2833914","2833914 (v2.0)","""Interactive Logon: Smart card removal behavior"" Group Policy setting doesn't work as expected in Windows 7 SP1 or Windows Server 2008 R2 SP1","http://support.microsoft.com/kb/2833914"," ","16-04Rollup"
"Crypt32.dll","Dom_CRYPTO","6.1.7601.26058","1","11-Jul-2022","GDR","5022872","February 14, 2023-KB5022872 (Monthly Rollup)","http://support.microsoft.com/kb/5022872","No LDR Only available","No LDR Only available","No LDR Only available"," ","23-02Rollup"
"Cryptsvc.dll","Dom_CRYPTO","6.1.7601.26058","1","11-Jul-2022","GDR","5022872","February 14, 2023-KB5022872 (Monthly Rollup)","http://support.microsoft.com/kb/5022872","No LDR Only available","No LDR Only available","No LDR Only available"," ","23-02Rollup"
"Cryptnet.dll","Dom_CRYPTO","6.1.7601.26058","1","11-Jul-2022","GDR","5022872","February 14, 2023-KB5022872 (Monthly Rollup)","http://support.microsoft.com/kb/5022872","No LDR Only available","No LDR Only available","No LDR Only available"," ","23-02Rollup"
"Wintrust.dll","Dom_CRYPTO","6.1.7601.26058","1","11-Jul-2022","GDR","5022872","February 14, 2023-KB5022872 (Monthly Rollup)","http://support.microsoft.com/kb/5022872","No LDR Only available","No LDR Only available","No LDR Only available"," ","23-02Rollup"
"Cryptdll.dll","Dom_CRYPTO","6.1.7601.24432","1","04-Apr-2019","GDR","5022872","February 14, 2023-KB5022872 (Monthly Rollup)","http://support.microsoft.com/kb/5022872","No LDR Only available","No LDR Only available","No LDR Only available"," ","23-02Rollup"
"Cryptcatsvc.dll","Dom_CRYPTO","6.1.7601.0","1","","RTM","5022872","","","","","","",""
"dimsroam.dll","Dom_DIMS","6.1.7601.26112","0","08-Nov-2022","LDRGDR","2871997","Microsoft Security Advisory: Update to improve credentials protection and management: May 13, 2014","http://support.microsoft.com/kb/2871997","2520487 (v1.0)","AD DS database size increases significantly when the Credential Roaming feature is enabled in Windows 7 or in Windows Server 2008 R2","http://support.microsoft.com/kb/2520487","rEX","16-04Rollup"
"dimsjob.dll","Dom_DIMS","6.1.7601.22751","0","24.07.2014","LDR","2987452 (v1.0)","Performance issues when you use credential roaming on RD Session Host servers in Windows 7 or Windows Server 2008 R2","http://support.microsoft.com/kb/2987452","2987452 (v1.0)","Performance issues when you use credential roaming on RD Session Host servers in Windows 7 or Windows Server 2008 R2","http://support.microsoft.com/kb/2987452"," ","16-04Rollup"
"adprovider.dll","Dom_DIMS","6.1.7601.26112","0","08-Nov-2022","LDRGDR","2871997","Microsoft Security Advisory: Update to improve credentials protection and management: May 13, 2014","http://support.microsoft.com/kb/2871997","2520487 (v1.0)","AD DS database size increases significantly when the Credential Roaming feature is enabled in Windows 7 or in Windows Server 2008 R2","http://support.microsoft.com/kb/2520487","rEX","16-04Rollup"
"capiprovider.dll","Dom_DIMS","6.1.7601.26112","0","08-Nov-2022","LDRGDR","2871997","Microsoft Security Advisory: Update to improve credentials protection and management: May 13, 2014","http://support.microsoft.com/kb/2871997","2520487 (v1.0)","AD DS database size increases significantly when the Credential Roaming feature is enabled in Windows 7 or in Windows Server 2008 R2","http://support.microsoft.com/kb/2520487","rEX","16-04Rollup"
"cngprovider.dll","Dom_DIMS","6.1.7601.26112","0","08-Nov-2022","LDRGDR","2871997","Microsoft Security Advisory: Update to improve credentials protection and management: May 13, 2014","http://support.microsoft.com/kb/2871997","2520487 (v1.0)","AD DS database size increases significantly when the Credential Roaming feature is enabled in Windows 7 or in Windows Server 2008 R2","http://support.microsoft.com/kb/2520487","rEX","16-04Rollup"
"dpapiprovider.dll","Dom_DIMS","6.1.7601.26112","0","08-Nov-2022","LDRGDR","2871997","Microsoft Security Advisory: Update to improve credentials protection and management: May 13, 2014","http://support.microsoft.com/kb/2871997","2520487 (v1.0)","AD DS database size increases significantly when the Credential Roaming feature is enabled in Windows 7 or in Windows Server 2008 R2","http://support.microsoft.com/kb/2520487","rEX","16-04Rollup"
"wincredprovider.dll","Dom_DIMS","6.1.7601.26112","0","08-Nov-2022","LDRGDR","2871997","Microsoft Security Advisory: Update to improve credentials protection and management: May 13, 2014","http://support.microsoft.com/kb/2871997","2520487 (v1.0)","AD DS database size increases significantly when the Credential Roaming feature is enabled in Windows 7 or in Windows Server 2008 R2","http://support.microsoft.com/kb/2520487","rEX","16-04Rollup"
"Gpapi.dll","Dom_GPSVC","6.1.7601.25632","0","26-May-2021","GDR","5022872","February 14, 2023-KB5022872 (Monthly Rollup)","http://support.microsoft.com/kb/5022872","No LDR Only available","No LDR Only available","No LDR Only available"," ","23-02Rollup"
"Gpsvc.dll","Dom_GPSVC","6.1.7601.25632","0","26-May-2021","GDR","5022872","February 14, 2023-KB5022872 (Monthly Rollup)","http://support.microsoft.com/kb/5022872","No LDR Only available","No LDR Only available","No LDR Only available"," ","23-02Rollup"
"gpmgmt.dll","Dom_GPSVC","6.1.7601.22814","0","20.09.2014","LDR","3001265 (v1.0)","""Access Denied"" error occurs but all child objects under protected OU are deleted in Windows 7 or Windows Server 2008 R","http://support.microsoft.com/kb/3001265","3001265 (v1.0)","""Access Denied"" error occurs but all child objects under protected OU are deleted in Windows 7 or Windows Server 2008 R","http://support.microsoft.com/kb/3001265"," ","16-04Rollup"
"Gprsop.dll","Dom_GPSVC","6.1.7601.23403","0","25-Mar-2016","LDR","3125574","Convenience roll-up update for Windows 7 SP1 and Windows Server 2008 R2 SP1","http://support.microsoft.com/kb/3125574","No LDR Only available","No LDR Only available","No LDR Only available"," ","16-04Rollup"
"Userenv.dll","Dom_GPSVC","6.1.7601.25921","0","23-Mar-2022","GDR","5022872","February 14, 2023-KB5022872 (Monthly Rollup)","http://support.microsoft.com/kb/5022872","No LDR Only available","No LDR Only available","No LDR Only available"," ","23-02Rollup"
"gpprnext.dll","Dom_GPExt","6.1.7601.22137","0","13.08.2014","LDR","2775511 (v1.0)","An enterprise hotfix rollup is available for Windows 7 SP1 and Windows Server 2008 R2 SP1","http://support.microsoft.com/kb/2775511","2537549 (v1.0)","Cannot deploy a printer by using a GPO if read-only domain controllers are exclusively used in the domain environment in Windows 7 or in Windows Server 2008 R2","http://support.microsoft.com/kb/2537549"," ","16-04Rollup"
"appmgmts.dll","Dom_GPExt","6.1.7601.22137","0","13.08.2014","LDR","2775511 (v1.0)","An enterprise hotfix rollup is available for Windows 7 SP1 and Windows Server 2008 R2 SP1","http://support.microsoft.com/kb/2775511","2537556 (v1.0)","When you use a GPO for application deployment in Windows 7 or in Windows Server 2008 R2, the deployment fails","http://support.microsoft.com/kb/2537556"," ","16-04Rollup"
"Gpprefcl.dll","Dom_GPP","6.1.7601.26173","0","08-Nov-2022","GDR","5022872","February 14, 2023-KB5022872 (Monthly Rollup)","http://support.microsoft.com/kb/5022872","No LDR Only available","No LDR Only available","No LDR Only available","rEX","23-02Rollup"
"Gpme.dll","Dom_GPP","6.1.7601.24561","0","01-Oct-2020","GDR","5022872","February 14, 2023-KB5022872 (Monthly Rollup)","http://support.microsoft.com/kb/5022872","No LDR Only available","No LDR Only available","No LDR Only available"," ","23-02Rollup"
"Gppref.dll","Dom_GPP","6.1.7601.24561","0","30-Sep-2020","GDR","5022872","February 14, 2023-KB5022872 (Monthly Rollup)","http://support.microsoft.com/kb/5022872","No LDR Only available","No LDR Only available","No LDR Only available"," ","23-02Rollup"
"Gpprefbr.dll","Dom_GPP","6.1.7601.24561","0","01-Oct-2020","GDR","5022872","February 14, 2023-KB5022872 (Monthly Rollup)","http://support.microsoft.com/kb/5022872","No LDR Only available","No LDR Only available","No LDR Only available"," ","23-02Rollup"
"Gpprefcn.dll","Dom_GPP","6.1.7601.24561","0","30-Sep-2020","GDR","5022872","February 14, 2023-KB5022872 (Monthly Rollup)","http://support.microsoft.com/kb/5022872","No LDR Only available","No LDR Only available","No LDR Only available"," ","23-02Rollup"
"Gpregistrybrowser.dll","Dom_GPP","6.1.7601.24561","0","01-Oct-2020","GDR","5022872","February 14, 2023-KB5022872 (Monthly Rollup)","http://support.microsoft.com/kb/5022872","No LDR Only available","No LDR Only available","No LDR Only available"," ","23-02Rollup"
"Propshts.dll","Dom_GPP","6.1.7601.24561","0","30-Sep-2020","GDR","5022872","February 14, 2023-KB5022872 (Monthly Rollup)","http://support.microsoft.com/kb/5022872","No LDR Only available","No LDR Only available","No LDR Only available"," ","23-02Rollup"
"Profprov.dll","Dom_ProfProc","6.1.7601.24561","0","24-Sep-2020","GDR","5022872","February 14, 2023-KB5022872 (Monthly Rollup)","http://support.microsoft.com/kb/5022872","No LDR Only available","No LDR Only available","No LDR Only available"," ","23-02Rollup"
"Profsvc.dll","Dom_ProfProc","6.1.7601.24561","0","24-Sep-2020","GDR","5022872","February 14, 2023-KB5022872 (Monthly Rollup)","http://support.microsoft.com/kb/5022872","No LDR Only available","No LDR Only available","No LDR Only available"," ","23-02Rollup"
"Fdeploy.dll","Dom_FolderRedir","6.1.7601.0","0","","RTM","5022872","","","","","","",""
"esent.dll","Dom_ESENT","6.1.7601.22448","0","11.09.2013","LDR","2878563 (v1.0)","Applications experience up to three seconds of AD DS or AD LDS query latency in Windows Server 2008 R2 SP1","http://support.microsoft.com/kb/2878563","2878563 (v1.0)","Applications experience up to three seconds of AD DS or AD LDS query latency in Windows Server 2008 R2 SP1","http://support.microsoft.com/kb/2878563"," ","16-04Rollup"
"Ntdsai.dll","Dom_NTDSAI","6.1.7601.26359","0","05-Jan-2023","GDR","5022872","February 14, 2023-KB5022872 (Monthly Rollup)","http://support.microsoft.com/kb/5022872","No LDR Only available","No LDR Only available","No LDR Only available"," ","23-02Rollup"
"Ntdsutil.exe","Dom_NTDSAI","6.1.7601.21931","0","28.02.2012","LDR","2642658 (v2.0)","You cannot create users, computers, or groups on a domain controller that is running Windows Server 2008 R2","http://support.microsoft.com/kb/2642658","2642658 (v2.0)","You cannot create users, computers, or groups on a domain controller that is running Windows Server 2008 R2","http://support.microsoft.com/kb/2642658"," ","16-04Rollup"
"Samsrv.dll","Dom_SAMSRV","6.1.7601.26169","0","08-Nov-2022","GDR","5022872","February 14, 2023-KB5022872 (Monthly Rollup)","http://support.microsoft.com/kb/5022872","No LDR Only available","No LDR Only available","No LDR Only available","rEX","23-02Rollup"
"Samlib.dll","Dom_SAMSRV","6.1.7601.26169","0","08-Nov-2022","GDR","5022872","February 14, 2023-KB5022872 (Monthly Rollup)","http://support.microsoft.com/kb/5022872","No LDR Only available","No LDR Only available","No LDR Only available","rEX","23-02Rollup"
"Mrxsmb.sys","Net_SMB_Client","6.1.7601.26174","0","08-Nov-2022","GDR","5022872","February 14, 2023-KB5022872 (Monthly Rollup)","http://support.microsoft.com/kb/5022872","No LDR Only available","No LDR Only available","No LDR Only available","rEX","23-02Rollup"
"Mrxsmb10.sys","Net_SMB_Client","6.1.7601.26174","0","08-Nov-2022","GDR","5022872","February 14, 2023-KB5022872 (Monthly Rollup)","http://support.microsoft.com/kb/5022872","No LDR Only available","No LDR Only available","No LDR Only available","rEX","23-02Rollup"
"Mrxsmb20.sys","Net_SMB_Client","6.1.7601.26174","0","08-Nov-2022","GDR","5022872","February 14, 2023-KB5022872 (Monthly Rollup)","http://support.microsoft.com/kb/5022872","No LDR Only available","No LDR Only available","No LDR Only available","rEX","23-02Rollup"
"Rdbss.sys","Net_SMB_Client","6.1.7601.25702","0","09-Aug-2021","GDR","5022872","February 14, 2023-KB5022872 (Monthly Rollup)","http://support.microsoft.com/kb/5022872","No LDR Only available","No LDR Only available","No LDR Only available"," ","23-02Rollup"
"Netbt.sys","Net_SMB_Client","6.1.7601.24561","0","01-Oct-2020","GDR","5022872","February 14, 2023-KB5022872 (Monthly Rollup)","http://support.microsoft.com/kb/5022872","No LDR Only available","No LDR Only available","No LDR Only available"," ","23-02Rollup"
"mup.sys","Net_SMB_Client","6.1.7601.23121","0","11.07.2015","LDR","3075623 (v1.0)","Configuring registry policy processing causes MUP to ignore Group Policy setting in Windows","http://support.microsoft.com/kb/3075623","3075623 (v1.0)","Configuring registry policy processing causes MUP to ignore Group Policy setting in Windows","http://support.microsoft.com/kb/3075623"," ","16-04Rollup"
"wkssvc.dll","Net_SMB_Client","6.1.7601.26167","0","08-Nov-2022","GDR","5022872","February 14, 2023-KB5022872 (Monthly Rollup)","http://support.microsoft.com/kb/5022872","No LDR Only available","No LDR Only available","No LDR Only available","rEX","23-02Rollup"
"Mpr.dll","Net_SMB_Client","6.1.7601.0","0","","RTM","5022872","","","","","","",""
"NtLanman.dll","Net_SMB_Client","6.1.7601.0","0","","RTM","5022872","","","","","","",""
"Tcpip.sys","Net_Protocol","6.1.7601.26167","0","08-Nov-2022","GDR","5022872","February 14, 2023-KB5022872 (Monthly Rollup)","http://support.microsoft.com/kb/5022872","No LDR Only available","No LDR Only available","No LDR Only available","rEX","23-02Rollup"
"Afd.sys","Net_Protocol","6.1.7601.25976","0","11-May-2022","GDR","5022872","February 14, 2023-KB5022872 (Monthly Rollup)","http://support.microsoft.com/kb/5022872","No LDR Only available","No LDR Only available","No LDR Only available"," ","23-02Rollup"
"Netio.sys","Net_Protocol","6.1.7601.26167","0","08-Nov-2022","GDR","5022872","February 14, 2023-KB5022872 (Monthly Rollup)","http://support.microsoft.com/kb/5022872","No LDR Only available","No LDR Only available","No LDR Only available","rEX","23-02Rollup"
"Ndis.sys","Net_Protocol","6.1.7601.24562","0","13-Oct-2020","GDR","5022872","February 14, 2023-KB5022872 (Monthly Rollup)","http://support.microsoft.com/kb/5022872","No LDR Only available","No LDR Only available","No LDR Only available"," ","23-02Rollup"
"netiohlp.dll","Net_Protocol","6.1.7601.22477","0","11.10.2013","LDR","2896146 (v1.0)","Packet loss occurs when MTU is below 576 and PMTU discovery is enabled on your Windows 7 SP1 or Windows Server 2008 R2 SP1","http://support.microsoft.com/kb/2896146","2896146 (v1.0)","Packet loss occurs when MTU is below 576 and PMTU discovery is enabled on your Windows 7 SP1 or Windows Server 2008 R2 SP1","http://support.microsoft.com/kb/2896146"," ","16-04Rollup"
"Tdx.sys","Net_Protocol","6.1.7601.25976","0","11-May-2022","GDR","5022872","February 14, 2023-KB5022872 (Monthly Rollup)","http://support.microsoft.com/kb/5022872","No LDR Only available","No LDR Only available","No LDR Only available"," ","23-02Rollup"
"Iphlpapi.dll","Net_Protocol","6.1.7601.0","0","","RTM","5022872","","","","","","",""
"Dfsc.sys","Net_DFS-N_Client","6.1.7601.26113","0","08-Nov-2022","GDR","5022872","February 14, 2023-KB5022872 (Monthly Rollup)","http://support.microsoft.com/kb/5022872","No LDR Only available","No LDR Only available","No LDR Only available","rEX","23-02Rollup"
"Csc.sys","Net_CSC_Offline","6.1.7601.24197","0","29-Jun-2018","GDR","5022872","February 14, 2023-KB5022872 (Monthly Rollup)","http://support.microsoft.com/kb/5022872","No LDR Only available","No LDR Only available","No LDR Only available"," ","23-02Rollup"
"Cscapi.dll","Net_CSC_Offline","6.1.7601.24197","0","29-Jun-2018","GDR","5022872","February 14, 2023-KB5022872 (Monthly Rollup)","http://support.microsoft.com/kb/5022872","No LDR Only available","No LDR Only available","No LDR Only available"," ","23-02Rollup"
"Cscdll.dll","Net_CSC_Offline","6.1.7601.24197","0","29-Jun-2018","GDR","5022872","February 14, 2023-KB5022872 (Monthly Rollup)","http://support.microsoft.com/kb/5022872","No LDR Only available","No LDR Only available","No LDR Only available"," ","23-02Rollup"
"Cscsvc.dll","Net_CSC_Offline","6.1.7601.24564","0","14-Dec-2020","GDR","5022872","February 14, 2023-KB5022872 (Monthly Rollup)","http://support.microsoft.com/kb/5022872","No LDR Only available","No LDR Only available","No LDR Only available"," ","23-02Rollup"
"Cscmig.dll","Net_CSC_Offline","6.1.7601.24197","0","29-Jun-2018","GDR","5022872","February 14, 2023-KB5022872 (Monthly Rollup)","http://support.microsoft.com/kb/5022872","No LDR Only available","No LDR Only available","No LDR Only available"," ","23-02Rollup"
"cscui.dll","Net_CSC_Offline","6.1.7601.22699","0","23.05.2014","LDR","2967567 (v1.0)","Cannot access DFS root when the DFS path is offline and you log on to a Windows-based computer for the first time","http://support.microsoft.com/kb/2967567","2967567 (v1.0)","Cannot access DFS root when the DFS path is offline and you log on to a Windows-based computer for the first time","http://support.microsoft.com/kb/2967567"," ","16-04Rollup"
"Mrxdav.sys","Net_WebDAV","6.1.7601.23542","0","08-Sep-2016","GDR","5022872","February 14, 2023-KB5022872 (Monthly Rollup)","http://support.microsoft.com/kb/5022872","No LDR Only available","No LDR Only available","No LDR Only available"," ","23-02Rollup"
"Webclnt.dll","Net_WebDAV","6.1.7601.23542","0","08-Sep-2016","GDR","5022872","February 14, 2023-KB5022872 (Monthly Rollup)","http://support.microsoft.com/kb/5022872","No LDR Only available","No LDR Only available","No LDR Only available"," ","23-02Rollup"
"Davclnt.dll","Net_WebDAV","6.1.7601.23542","0","08-Sep-2016","GDR","5022872","February 14, 2023-KB5022872 (Monthly Rollup)","http://support.microsoft.com/kb/5022872","No LDR Only available","No LDR Only available","No LDR Only available"," ","23-02Rollup"
"Shell32.dll","Net_WebDAV","6.1.7601.26167","0","08-Nov-2022","GDR","5022872","February 14, 2023-KB5022872 (Monthly Rollup)","http://support.microsoft.com/kb/5022872","No LDR Only available","No LDR Only available","No LDR Only available","rEX","23-02Rollup"
"Winhttp.dll","Net_WebDAV","6.1.7601.24000","0","31-Dec-2017","GDR","5022872","February 14, 2023-KB5022872 (Monthly Rollup)","http://support.microsoft.com/kb/5022872","No LDR Only available","No LDR Only available","No LDR Only available"," ","23-02Rollup"
"Dhcpcore.dll","Net_DHCP_Client","6.1.7601.24560","0","14-Aug-2020","GDR","5022872","February 14, 2023-KB5022872 (Monthly Rollup)","http://support.microsoft.com/kb/5022872","No LDR Only available","No LDR Only available","No LDR Only available"," ","23-02Rollup"
"Dhcpcsvc.dll","Net_DHCP_Client","6.1.7601.24560","0","14-Aug-2020","GDR","5022872","February 14, 2023-KB5022872 (Monthly Rollup)","http://support.microsoft.com/kb/5022872","No LDR Only available","No LDR Only available","No LDR Only available"," ","23-02Rollup"
"dnsapi.dll","Net_DNS_Client","6.1.7601.25702","0","09-Aug-2021","GDR","5022872","February 14, 2023-KB5022872 (Monthly Rollup)","http://support.microsoft.com/kb/5022872","No LDR Only available","No LDR Only available","No LDR Only available"," ","23-02Rollup"
"dnsrslvr.dll","Net_DNS_Client","6.1.7601.25702","0","09-Aug-2021","GDR","5022872","February 14, 2023-KB5022872 (Monthly Rollup)","http://support.microsoft.com/kb/5022872","No LDR Only available","No LDR Only available","No LDR Only available"," ","23-02Rollup"
"Dnscacheugc.exe","Net_DNS_Client","6.1.7601.25702","0","09-Aug-2021","GDR","5022872","February 14, 2023-KB5022872 (Monthly Rollup)","http://support.microsoft.com/kb/5022872","No LDR Only available","No LDR Only available","No LDR Only available"," ","23-02Rollup"
"Rpcss.dll","Net_RPC","6.1.7601.26167","1","08-Nov-2022","GDR","5022872","February 14, 2023-KB5022872 (Monthly Rollup)","http://support.microsoft.com/kb/5022872","No LDR Only available","No LDR Only available","No LDR Only available","rEX","23-02Rollup"
"Rpchttp.dll","Net_RPC","6.1.7601.26174","1","08-Nov-2022","GDR","5022872","February 14, 2023-KB5022872 (Monthly Rollup)","http://support.microsoft.com/kb/5022872","No LDR Only available","No LDR Only available","No LDR Only available","rEX","23-02Rollup"
"Rpcrt4.dll","Net_RPC","6.1.7601.26174","1","08-Nov-2022","GDR","5022872","February 14, 2023-KB5022872 (Monthly Rollup)","http://support.microsoft.com/kb/5022872","No LDR Only available","No LDR Only available","No LDR Only available","rEX","23-02Rollup"
"Bfe.dll","Net_Ipsec_BFE","6.1.7601.26110","1","08-Nov-2022","GDR","5022872","February 14, 2023-KB5022872 (Monthly Rollup)","http://support.microsoft.com/kb/5022872","No LDR Only available","No LDR Only available","No LDR Only available","rEX","23-02Rollup"
"Ikeext.dll","Net_Ipsec_BFE","6.1.7601.26110","1","08-Nov-2022","GDR","5022872","February 14, 2023-KB5022872 (Monthly Rollup)","http://support.microsoft.com/kb/5022872","No LDR Only available","No LDR Only available","No LDR Only available","rEX","23-02Rollup"
"Fwpuclnt.dll","Net_Ipsec_BFE","6.1.7601.26110","1","08-Nov-2022","GDR","5022872","February 14, 2023-KB5022872 (Monthly Rollup)","http://support.microsoft.com/kb/5022872","No LDR Only available","No LDR Only available","No LDR Only available","rEX","23-02Rollup"
"Iphlpsvc.dll","Net_DirectAccess_Client","6.1.7601.24535","1","05-Nov-2019","GDR","5022872","February 14, 2023-KB5022872 (Monthly Rollup)","http://support.microsoft.com/kb/5022872","No LDR Only available","No LDR Only available","No LDR Only available"," ","23-02Rollup"
"Iphlpsvcmigplugin.dll","Net_DirectAccess_Client","6.1.7601.24535","1","05-Nov-2019","GDR","5022872","February 14, 2023-KB5022872 (Monthly Rollup)","http://support.microsoft.com/kb/5022872","No LDR Only available","No LDR Only available","No LDR Only available"," ","23-02Rollup"
"Netcorehc.dll","Net_DirectAccess_Client","6.1.7601.24535","1","05-Nov-2019","GDR","5022872","February 14, 2023-KB5022872 (Monthly Rollup)","http://support.microsoft.com/kb/5022872","No LDR Only available","No LDR Only available","No LDR Only available"," ","23-02Rollup"
"daotpcredentialprovider.dll","Net_DirectAccess_Client","7.1.7601.22653","1","15.04.2014","LDR","2939489 (v2.0)","""HTTP 403"" or ""0x80040001"" error when you connect to a DirectAccess server from a DCA tool in Windows 7 SP1","http://support.microsoft.com/kb/2939489","2939489 (v2.0)","""HTTP 403"" or ""0x80040001"" error when you connect to a DirectAccess server from a DCA tool in Windows 7 SP1","http://support.microsoft.com/kb/2939489"," ","16-04Rollup"
"Rdpcore.dll","Net_DirectAccess_Client","6.1.7601.25757","1","11-Oct-2021","GDR","5022872","February 14, 2023-KB5022872 (Monthly Rollup)","http://support.microsoft.com/kb/5022872","No LDR Only available","No LDR Only available","No LDR Only available"," ","23-02Rollup"
"dot3svc.dll","Net_IEEE802.1x","6.1.7601.22137","1","13.08.2014","LDR","2775511 (v1.0)","An enterprise hotfix rollup is available for Windows 7 SP1 and Windows Server 2008 R2 SP1","http://support.microsoft.com/kb/2775511","2736878 (v1.0)","802.1X authentication fails after you connect a computer to a network in Windows 7 SP1 or Windows Server 2008 R2 SP1","http://support.microsoft.com/kb/2736878"," ","16-04Rollup"
"rastls.dll","Net_IEEE802.1x","6.1.7601.26362","1","11-Jan-2023","GDR","5022872","February 14, 2023-KB5022872 (Monthly Rollup)","http://support.microsoft.com/kb/5022872","No LDR Only available","No LDR Only available","No LDR Only available"," ","23-02Rollup"
"wlansvc.dll","Net_WLAN_Client","6.1.7601.25948","1","11-Apr-2022","GDR","5022872","February 14, 2023-KB5022872 (Monthly Rollup)","http://support.microsoft.com/kb/5022872","No LDR Only available","No LDR Only available","No LDR Only available"," ","23-02Rollup"
"wlanmsm.dll","Net_WLAN_Client","6.1.7601.25948","1","11-Apr-2022","GDR","5022872","February 14, 2023-KB5022872 (Monthly Rollup)","http://support.microsoft.com/kb/5022872","No LDR Only available","No LDR Only available","No LDR Only available"," ","23-02Rollup"
"wlanapi.dll","Net_WLAN_Client","6.1.7601.25948","1","11-Apr-2022","GDR","5022872","February 14, 2023-KB5022872 (Monthly Rollup)","http://support.microsoft.com/kb/5022872","No LDR Only available","No LDR Only available","No LDR Only available"," ","23-02Rollup"
"wlansec.dll","Net_WLAN_Client","6.1.7601.25948","1","11-Apr-2022","GDR","5022872","February 14, 2023-KB5022872 (Monthly Rollup)","http://support.microsoft.com/kb/5022872","No LDR Only available","No LDR Only available","No LDR Only available"," ","23-02Rollup"
"wlansvcpal.dll","Net_WLAN_Client","6.1.7601.0","1","","RTM","5022872","","","","","","",""
"wlanhlp.dll","Net_WLAN_Client","6.1.7601.25948","1","11-Apr-2022","GDR","5022872","February 14, 2023-KB5022872 (Monthly Rollup)","http://support.microsoft.com/kb/5022872","No LDR Only available","No LDR Only available","No LDR Only available"," ","23-02Rollup"
"netcfgx.dll","Net_Config","6.1.7601.22650","1","08.04.2014","LDRGDR","2846340 (v3.0)","Duplicate friendly names of network adapters are displayed in Windows 7, Windows 8, Windows Server 2008 R2, and Windows Server 2012","http://support.microsoft.com/kb/2846340","2928496 (v1.0)","Wmiprvse.exe freezes in Windows 7 or Windows Server 2008 R2","http://support.microsoft.com/kb/2928496"," ","16-04Rollup"
"Rasapi32.dll","HNV_Net","6.1.7601.24566","1","10-Feb-2021","GDR","5022872","February 14, 2023-KB5022872 (Monthly Rollup)","http://support.microsoft.com/kb/5022872","No LDR Only available","No LDR Only available","No LDR Only available"," ","23-02Rollup"
"Mprapi.dll","HNV_Net","6.1.7601.0","1","","RTM","5022872","","","","","","",""
"tunnel.sys","Net_IPv6","6.1.7601.22214","1","11.01.2013","LDRGDR","2591271 (v2.0)","""0x0000007E"" Stop error when you restart a computer that is running Windows Server 2008 R2 or Windows 7","http://support.microsoft.com/kb/2591271","No LDR Only available","No LDR Only available","No LDR Only available"," ","16-04Rollup"
"Dhcpcore6.dll","Net_IPv6","6.1.7601.24560","1","14-Aug-2020","GDR","5022872","February 14, 2023-KB5022872 (Monthly Rollup)","http://support.microsoft.com/kb/5022872","No LDR Only available","No LDR Only available","No LDR Only available"," ","23-02Rollup"
"Dhcpcsvc6.dll","Net_IPv6","6.1.7601.24560","1","14-Aug-2020","GDR","5022872","February 14, 2023-KB5022872 (Monthly Rollup)","http://support.microsoft.com/kb/5022872","No LDR Only available","No LDR Only available","No LDR Only available"," ","23-02Rollup"
"webio.dll","Net_BranchCache","6.1.7601.23375","1","09.03.2016","LDR","3140245 (v1.0)","A new registry key enables TLS 1.1 and TLS 1.2 to default secure protocols in WinHTTP in Windows","http://support.microsoft.com/kb/3140245","3140245 (v1.0)","A new registry key enables TLS 1.1 and TLS 1.2 to default secure protocols in WinHTTP in Windows","http://support.microsoft.com/kb/3140245"," ","16-04Rollup"
"smbhash.exe","Net_BranchCache","6.1.7601.21822","1","19.09.2011","LDR","2591402 (v1.0)","The BranchCache feature does not work for shared files that are opened in read/write mode in Windows 7 or in Windows Server 2008 R2","http://support.microsoft.com/kb/2591402","2591402 (v1.0)","The BranchCache feature does not work for shared files that are opened in read/write mode in Windows 7 or in Windows Server 2008 R2","http://support.microsoft.com/kb/2591402"," ","16-04Rollup"
"Pacer.sys","Net_QoS","6.1.7601.24000","1","31-Dec-2017","GDR","5022872","February 14, 2023-KB5022872 (Monthly Rollup)","http://support.microsoft.com/kb/5022872","No LDR Only available","No LDR Only available","No LDR Only available"," ","23-02Rollup"
"Mpsdrv.sys","Net_Firewall","6.1.7601.24231","1","10-Aug-2018","GDR","5022872","February 14, 2023-KB5022872 (Monthly Rollup)","http://support.microsoft.com/kb/5022872","No LDR Only available","No LDR Only available","No LDR Only available"," ","23-02Rollup"
"MpsSvc.dll","Net_Firewall","6.1.7601.24231","1","10-Aug-2018","GDR","5022872","February 14, 2023-KB5022872 (Monthly Rollup)","http://support.microsoft.com/kb/5022872","No LDR Only available","No LDR Only available","No LDR Only available"," ","23-02Rollup"
"Ntoskrnl.exe","Core_Kernel","6.1.7601.26174","0","08-Nov-2022","GDR","5022872","February 14, 2023-KB5022872 (Monthly Rollup)","http://support.microsoft.com/kb/5022872","No LDR Only available","No LDR Only available","No LDR Only available","rEX","23-02Rollup"
"Ntkrnlpa.exe","Core_Kernel","6.1.7601.26174","0","08-Nov-2022","GDR","5022872","February 14, 2023-KB5022872 (Monthly Rollup)","http://support.microsoft.com/kb/5022872","No LDR Only available","No LDR Only available","No LDR Only available","rEX","23-02Rollup"
"crashdmp.sys","Core_Kernel","6.1.7601.22277","0","12.03.2013","LDRGDR","2826910 (v1.0)","Secondary dump data is limited to 256 MB in Windows 7 and Windows Server 2008 R2","http://support.microsoft.com/kb/2826910","No LDR Only available","No LDR Only available","No LDR Only available"," ","16-04Rollup"
"Ntdll.dll","Core_Kernel","6.1.7601.26174","0","08-Nov-2022","GDR","5022872","February 14, 2023-KB5022872 (Monthly Rollup)","http://support.microsoft.com/kb/5022872","No LDR Only available","No LDR Only available","No LDR Only available","rEX","23-02Rollup"
"Hal.dll","Core_Kernel","6.1.7601.26174","0","08-Nov-2022","GDR","5022872","February 14, 2023-KB5022872 (Monthly Rollup)","http://support.microsoft.com/kb/5022872","No LDR Only available","No LDR Only available","No LDR Only available","rEX","23-02Rollup"
"Fltmgr.sys","Core_Kernel","6.1.7601.25628","0","12-May-2021","GDR","5022872","February 14, 2023-KB5022872 (Monthly Rollup)","http://support.microsoft.com/kb/5022872","No LDR Only available","No LDR Only available","No LDR Only available"," ","23-02Rollup"
"win32k.sys","Core_Kernel","6.1.7601.26167","0","08-Nov-2022","GDR","5022872","February 14, 2023-KB5022872 (Monthly Rollup)","http://support.microsoft.com/kb/5022872","No LDR Only available","No LDR Only available","No LDR Only available","rEX","23-02Rollup"
"Ntfs.sys","Core_FileSystem","6.1.7601.26174","0","08-Nov-2022","GDR","5022872","February 14, 2023-KB5022872 (Monthly Rollup)","http://support.microsoft.com/kb/5022872","No LDR Only available","No LDR Only available","No LDR Only available","rEX","23-02Rollup"
"dedup.sys","Core_FileSystem","6.1.7601.0","0","","RTM","5022872","","","","","","",""
"msiscsi.sys","Core_DiskSystem","6.1.7601.22647","0","04.04.2014","LDR","2957560 (v1.0)","Computer that is running Windows freezes after stress testing in iSCSI initiator for many hours","http://support.microsoft.com/kb/2957560","2957560 (v1.0)","Computer that is running Windows freezes after stress testing in iSCSI initiator for many hours","http://support.microsoft.com/kb/2957560"," ","16-04Rollup"
"Iscsitgt.dll","Core_DiskSystem","6.1.7601.0","0","","RTM","5022872","","","","","","",""
"Storport.sys","Core_DiskSystem","6.1.7601.25735","0","15-Sep-2021","GDR","5022872","February 14, 2023-KB5022872 (Monthly Rollup)","http://support.microsoft.com/kb/5022872","No LDR Only available","No LDR Only available","No LDR Only available"," ","23-02Rollup"
"Repdrvfs.dll","Core_WMI","6.1.7601.24551","0","12-Mar-2020","GDR","5022872","February 14, 2023-KB5022872 (Monthly Rollup)","http://support.microsoft.com/kb/5022872","No LDR Only available","No LDR Only available","No LDR Only available"," ","23-02Rollup"
"Advapi32.dll","Core_Apps","6.1.7601.26174","0","08-Nov-2022","GDR","5022872","February 14, 2023-KB5022872 (Monthly Rollup)","http://support.microsoft.com/kb/5022872","No LDR Only available","No LDR Only available","No LDR Only available","rEX","23-02Rollup"
"Mshtml.dll","IE_Client","11.0.9600.20616","0","08-Nov-2022","GDR","5022872","February 14, 2023-KB5022872 (Monthly Rollup)","http://support.microsoft.com/kb/5022872","No LDR Only available","No LDR Only available","No LDR Only available","rEX","23-02Rollup"
"3125574","Win2008R2_16_04B_rollup_KB"," ","0","07-May-2016","LDR","3125574","Convenience roll-up update for Windows 7 SP1 and Windows Server 2008 R2 SP1","http://support.microsoft.com/kb/3125574","No LDR Only available","No LDR Only available","No LDR Only available"," ","No Rollup"
"4490628","Win2008R2_19_03_SSU_KB"," ","0","12-Mar-2020","LDR","4490628","Servicing stack update for Windows 7 SP1 and Windows Server 2008 R2 SP1: March 12, 2019","http://support.microsoft.com/kb/4490628","No LDR Only available","No LDR Only available","No LDR Only available"," ","No Rollup"
"4474419","Win2008R2_19_09_SHA_KB"," ","0","23-Sep-2019","LDR","4474419","SHA-2 code signing support update for Windows Server 2008 R2, Windows 7, and Windows Server 2008: September 23, 2019","http://support.microsoft.com/kb/4474419","No LDR Only available","No LDR Only available","No LDR Only available"," ","No Rollup"
"4534310","Win2008R2_20-01_B_last-non-ESU"," ","0","14-Jan-2020","GDR","4534310 (v1.0)","January 14, 2020-KB4534310 (Monthly Rollup)","http://support.microsoft.com/kb/4534310","No LDR Only available","No LDR Only available","No LDR Only available"," ","20-01Rollup"
"4592510","Win2008R2_20_12_SSU_KB"," ","0","08-Dec-2020","LDR","4592510","Servicing stack update for Windows 7 SP1 and Server 2008 R2 SP1: December 8, 2020","http://support.microsoft.com/kb/4592510","No LDR Only available","No LDR Only available","No LDR Only available"," ","No Rollup"
"4538483","Win2008R2_20_02_ESU_KB"," ","0","11-Feb-2020","LDR","4538483","Extended Security Updates (ESU) Licensing Preparation Package for Windows 7 SP1 and Windows Server 2008 R2 SP1","http://support.microsoft.com/kb/4538483","No LDR Only available","No LDR Only available","No LDR Only available"," ","No Rollup"
"4575903","Win2008R2_21_02_ESU_KB"," ","0","09-Feb-2021","LDR","4575903","Update for the Extended Security Updates (ESU) Licensing Preparation Package for Windows 7 SP1 and Windows Server 2008 R2 SP1","http://support.microsoft.com/kb/4575903","No LDR Only available","No LDR Only available","No LDR Only available"," ","No Rollup"
"5010451","Win2008R2_22_02_SSU_KB"," ","0","08-Feb-2022","LDR","5010451","KB5010451: Servicing stack update for Windows 7 SP1 and Server 2008 R2 SP1: February 8, 2022","http://support.microsoft.com/kb/5010451","No LDR Only available","No LDR Only available","No LDR Only available"," ","No Rollup"
"5022872","Win2008R2_23-02_B_rollup_KB"," ","0","14-Feb-2023","GDR","5022872","February 14, 2023-KB5022872 (Monthly Rollup)","http://support.microsoft.com/kb/5022872","No LDR Only available","No LDR Only available","No LDR Only available"," ","23-02Rollup"
