"Binary","Component","Version","Prio","Published","Branch","Article","Title","Link","LDROnlyKB","LDROnlyTitle","LDROnlyLink","Comment","RollupInfo"
"Netlogon.dll","Dom_NETLOGON","6.2.19041.1266","0","8-Nov-2021","GDR","5008212","December 14, 2021-KB5008212 (OS Builds 19041.1415, 19042.1415, 19043.1415, and 19044.1415)","http://support.microsoft.com/kb/5008212","No LDR Only available","No LDR Only available","No LDR Only available"," ","21-12Rollup"
"LogonCli.dll","Dom_NETLOGON","6.2.19041.610","0","7-Nov-2021","GDR","5008212","December 14, 2021-KB5008212 (OS Builds 19041.1415, 19042.1415, 19043.1415, and 19044.1415)","http://support.microsoft.com/kb/5008212","No LDR Only available","No LDR Only available","No LDR Only available"," ","21-12Rollup"
"Winlogon.exe","Dom_WINLOGON","6.2.19041.1387","0","22-Nov-21","GDR","5008212","December 14, 2021-KB5008212 (OS Builds 19041.1415, 19042.1415, 19043.1415, and 19044.1415)","http://support.microsoft.com/kb/5008212","No LDR Only available","No LDR Only available","No LDR Only available"," ","21-12Rollup"
"Kerberos.dll","Dom_KERBEROS","6.2.19041.1387","0","22-Nov-21","GDR","5008212","December 14, 2021-KB5008212 (OS Builds 19041.1415, 19042.1415, 19043.1415, and 19044.1415)","http://support.microsoft.com/kb/5008212","No LDR Only available","No LDR Only available","No LDR Only available"," ","21-12Rollup"
"Msv1_0.dll","Dom_NTLM","6.2.19041.1320","1","7-Nov-2021","GDR","5008212","December 14, 2021-KB5008212 (OS Builds 19041.1415, 19042.1415, 19043.1415, and 19044.1415)","http://support.microsoft.com/kb/5008212","No LDR Only available","No LDR Only available","No LDR Only available"," ","21-12Rollup"
"Wldap32.dll","Dom_LDAPClient","6.2.19041.546","0","7-Nov-2021","GDR","5008212","December 14, 2021-KB5008212 (OS Builds 19041.1415, 19042.1415, 19043.1415, and 19044.1415)","http://support.microsoft.com/kb/5008212","No LDR Only available","No LDR Only available","No LDR Only available"," ","21-12Rollup"
"Lsass.exe","Dom_LSA","6.2.19041.1266","0","8-Nov-2021","GDR","5008212","December 14, 2021-KB5008212 (OS Builds 19041.1415, 19042.1415, 19043.1415, and 19044.1415)","http://support.microsoft.com/kb/5008212","No LDR Only available","No LDR Only available","No LDR Only available"," ","21-12Rollup"
"Lsasrv.dll","Dom_LSA","6.2.19041.1415","0","14-Dec-21","GDR","5008212","December 14, 2021-KB5008212 (OS Builds 19041.1415, 19042.1415, 19043.1415, and 19044.1415)","http://support.microsoft.com/kb/5008212","No LDR Only available","No LDR Only available","No LDR Only available"," ","21-12Rollup"
"Ksecdd.sys","Dom_LSA","6.2.19041.1266","0","7-Nov-2021","GDR","5008212","December 14, 2021-KB5008212 (OS Builds 19041.1415, 19042.1415, 19043.1415, and 19044.1415)","http://support.microsoft.com/kb/5008212","No LDR Only available","No LDR Only available","No LDR Only available"," ","21-12Rollup"
"Ksecpkg.sys","Dom_LSA","6.2.19041.1415","0","14-Dec-21","GDR","5008212","December 14, 2021-KB5008212 (OS Builds 19041.1415, 19042.1415, 19043.1415, and 19044.1415)","http://support.microsoft.com/kb/5008212","No LDR Only available","No LDR Only available","No LDR Only available"," ","21-12Rollup"
"Secur32.dll","Dom_LSA","6.2.19041.546","0","7-Nov-2021","GDR","5008212","December 14, 2021-KB5008212 (OS Builds 19041.1415, 19042.1415, 19043.1415, and 19044.1415)","http://support.microsoft.com/kb/5008212","No LDR Only available","No LDR Only available","No LDR Only available"," ","21-12Rollup"
"Sspicli.dll","Dom_LSA","6.2.19041.1266","0","21-Sep-21","GDR","5008212","December 14, 2021-KB5008212 (OS Builds 19041.1415, 19042.1415, 19043.1415, and 19044.1415)","http://support.microsoft.com/kb/5008212","No LDR Only available","No LDR Only available","No LDR Only available"," ","21-12Rollup"
"Sspisrv.dll","Dom_LSA","6.2.19041.1266","0","8-Nov-2021","GDR","5008212","December 14, 2021-KB5008212 (OS Builds 19041.1415, 19042.1415, 19043.1415, and 19044.1415)","http://support.microsoft.com/kb/5008212","No LDR Only available","No LDR Only available","No LDR Only available"," ","21-12Rollup"
"Schannel.dll","Dom_LSA","6.2.19041.789","0","7-Nov-2021","GDR","5008212","December 14, 2021-KB5008212 (OS Builds 19041.1415, 19042.1415, 19043.1415, and 19044.1415)","http://support.microsoft.com/kb/5008212","No LDR Only available","No LDR Only available","No LDR Only available"," ","21-12Rollup"
"Scesrv.dll","Dom_SecAuditAndConfig","6.2.19041.488","1","7-Nov-2021","GDR","5008212","December 14, 2021-KB5008212 (OS Builds 19041.1415, 19042.1415, 19043.1415, and 19044.1415)","http://support.microsoft.com/kb/5008212","No LDR Only available","No LDR Only available","No LDR Only available"," ","21-12Rollup"
"Winscard.dll","Dom_SC_Provider","6.2.19041.844","1","8-Nov-2021","GDR","5008212","December 14, 2021-KB5008212 (OS Builds 19041.1415, 19042.1415, 19043.1415, and 19044.1415)","http://support.microsoft.com/kb/5008212","No LDR Only available","No LDR Only available","No LDR Only available"," ","21-12Rollup"
"ScardSvr.dll","Dom_SC_Srv","6.2.19041.844","1","7-Nov-2021","GDR","5008212","December 14, 2021-KB5008212 (OS Builds 19041.1415, 19042.1415, 19043.1415, and 19044.1415)","http://support.microsoft.com/kb/5008212","No LDR Only available","No LDR Only available","No LDR Only available"," ","21-12Rollup"
"Scfilter.sys","Dom_SC_Srv","6.2.19041.844","1","7-Nov-2021","GDR","5008212","December 14, 2021-KB5008212 (OS Builds 19041.1415, 19042.1415, 19043.1415, and 19044.1415)","http://support.microsoft.com/kb/5008212","No LDR Only available","No LDR Only available","No LDR Only available"," ","21-12Rollup"
"Certprop.dll","Dom_SC_Srv","6.2.19041.844","1","7-Nov-2021","GDR","5008212","December 14, 2021-KB5008212 (OS Builds 19041.1415, 19042.1415, 19043.1415, and 19044.1415)","http://support.microsoft.com/kb/5008212","No LDR Only available","No LDR Only available","No LDR Only available"," ","21-12Rollup"
"Crypt32.dll","Dom_CRYPTO","6.2.19041.1320","1","7-Nov-2021","GDR","5008212","December 14, 2021-KB5008212 (OS Builds 19041.1415, 19042.1415, 19043.1415, and 19044.1415)","http://support.microsoft.com/kb/5008212","No LDR Only available","No LDR Only available","No LDR Only available"," ","21-12Rollup"
"Cryptnet.dll","Dom_CRYPTO","6.2.19041.906","1","7-Nov-2021","GDR","5008212","December 14, 2021-KB5008212 (OS Builds 19041.1415, 19042.1415, 19043.1415, and 19044.1415)","http://support.microsoft.com/kb/5008212","No LDR Only available","No LDR Only available","No LDR Only available"," ","21-12Rollup"
"Wintrust.dll","Dom_CRYPTO","6.2.19041.1266","1","7-Nov-2021","GDR","5008212","December 14, 2021-KB5008212 (OS Builds 19041.1415, 19042.1415, 19043.1415, and 19044.1415)","http://support.microsoft.com/kb/5008212","No LDR Only available","No LDR Only available","No LDR Only available"," ","21-12Rollup"
"Cryptdll.dll","Dom_CRYPTO","6.2.19041.546","1","7-Nov-2021","GDR","5008212","December 14, 2021-KB5008212 (OS Builds 19041.1415, 19042.1415, 19043.1415, and 19044.1415)","http://support.microsoft.com/kb/5008212","No LDR Only available","No LDR Only available","No LDR Only available"," ","21-12Rollup"
"Cryptcatsvc.dll","Dom_CRYPTO","6.2.19041.508","1","7-Nov-2021","GDR","5008212","December 14, 2021-KB5008212 (OS Builds 19041.1415, 19042.1415, 19043.1415, and 19044.1415)","http://support.microsoft.com/kb/5008212","No LDR Only available","No LDR Only available","No LDR Only available"," ","21-12Rollup"
"Dimsroam.dll","Dom_DIMS","6.2.19041.906","1","7-Nov-2021","GDR","5008212","December 14, 2021-KB5008212 (OS Builds 19041.1415, 19042.1415, 19043.1415, and 19044.1415)","http://support.microsoft.com/kb/5008212","No LDR Only available","No LDR Only available","No LDR Only available"," ","21-12Rollup"
"Adprovider.dll","Dom_DIMS","6.2.19041.906","1","8-Nov-2021","GDR","5008212","December 14, 2021-KB5008212 (OS Builds 19041.1415, 19042.1415, 19043.1415, and 19044.1415)","http://support.microsoft.com/kb/5008212","No LDR Only available","No LDR Only available","No LDR Only available"," ","21-12Rollup"
"Capiprovider.dll","Dom_DIMS","6.2.19041.906","1","7-Nov-2021","GDR","5008212","December 14, 2021-KB5008212 (OS Builds 19041.1415, 19042.1415, 19043.1415, and 19044.1415)","http://support.microsoft.com/kb/5008212","No LDR Only available","No LDR Only available","No LDR Only available"," ","21-12Rollup"
"Cngprovider.dll","Dom_DIMS","6.2.19041.906","1","7-Nov-2021","GDR","5008212","December 14, 2021-KB5008212 (OS Builds 19041.1415, 19042.1415, 19043.1415, and 19044.1415)","http://support.microsoft.com/kb/5008212","No LDR Only available","No LDR Only available","No LDR Only available"," ","21-12Rollup"
"Dpapiprovider.dll","Dom_DIMS","6.2.19041.906","1","7-Nov-2021","GDR","5008212","December 14, 2021-KB5008212 (OS Builds 19041.1415, 19042.1415, 19043.1415, and 19044.1415)","http://support.microsoft.com/kb/5008212","No LDR Only available","No LDR Only available","No LDR Only available"," ","21-12Rollup"
"Wincredprovider.dll","Dom_DIMS","6.2.19041.906","1","7-Nov-2021","GDR","5008212","December 14, 2021-KB5008212 (OS Builds 19041.1415, 19042.1415, 19043.1415, and 19044.1415)","http://support.microsoft.com/kb/5008212","No LDR Only available","No LDR Only available","No LDR Only available"," ","21-12Rollup"
"Gpapi.dll","Dom_GPSVC","6.2.19041.1387","1","22-Nov-21","GDR","5008212","December 14, 2021-KB5008212 (OS Builds 19041.1415, 19042.1415, 19043.1415, and 19044.1415)","http://support.microsoft.com/kb/5008212","No LDR Only available","No LDR Only available","No LDR Only available"," ","21-12Rollup"
"Gpsvc.dll","Dom_GPSVC","6.2.19041.1387","1","22-Nov-21","GDR","5008212","December 14, 2021-KB5008212 (OS Builds 19041.1415, 19042.1415, 19043.1415, and 19044.1415)","http://support.microsoft.com/kb/5008212","No LDR Only available","No LDR Only available","No LDR Only available"," ","21-12Rollup"
"Gpmgmt.dll","Dom_GPSVC","6.2.19041.746","1","7-Nov-2021","GDR","5008212","December 14, 2021-KB5008212 (OS Builds 19041.1415, 19042.1415, 19043.1415, and 19044.1415)","http://support.microsoft.com/kb/5008212","No LDR Only available","No LDR Only available","No LDR Only available"," ","21-12Rollup"
"Gprsop.dll","Dom_GPSVC","6.2.19041.572","1","7-Nov-2021","GDR","5008212","December 14, 2021-KB5008212 (OS Builds 19041.1415, 19042.1415, 19043.1415, and 19044.1415)","http://support.microsoft.com/kb/5008212","No LDR Only available","No LDR Only available","No LDR Only available"," ","21-12Rollup"
"Userenv.dll","Dom_GPSVC","6.2.19041.572","1","7-Nov-2021","GDR","5008212","December 14, 2021-KB5008212 (OS Builds 19041.1415, 19042.1415, 19043.1415, and 19044.1415)","http://support.microsoft.com/kb/5008212","No LDR Only available","No LDR Only available","No LDR Only available"," ","21-12Rollup"
"Appmgmts.dll","Dom_GPExt","6.2.19041.572","1","8-Nov-2021","GDR","5008212","December 14, 2021-KB5008212 (OS Builds 19041.1415, 19042.1415, 19043.1415, and 19044.1415)","http://support.microsoft.com/kb/5008212","No LDR Only available","No LDR Only available","No LDR Only available"," ","21-12Rollup"
"Gpprefcl.dll","Dom_GPP","6.2.19041.388","1","7-Nov-2021","GDR","5008212","December 14, 2021-KB5008212 (OS Builds 19041.1415, 19042.1415, 19043.1415, and 19044.1415)","http://support.microsoft.com/kb/5008212","No LDR Only available","No LDR Only available","No LDR Only available"," ","21-12Rollup"
"Gpme.dll","Dom_GPP","6.2.19041.572","1","7-Nov-2021","GDR","5008212","December 14, 2021-KB5008212 (OS Builds 19041.1415, 19042.1415, 19043.1415, and 19044.1415)","http://support.microsoft.com/kb/5008212","No LDR Only available","No LDR Only available","No LDR Only available"," ","21-12Rollup"
"Gppref.dll","Dom_GPP","6.2.19041.746","1","7-Nov-2021","GDR","5008212","December 14, 2021-KB5008212 (OS Builds 19041.1415, 19042.1415, 19043.1415, and 19044.1415)","http://support.microsoft.com/kb/5008212","No LDR Only available","No LDR Only available","No LDR Only available"," ","21-12Rollup"
"Gpprefbr.dll","Dom_GPP","6.2.19041.746","1","7-Nov-2021","GDR","5008212","December 14, 2021-KB5008212 (OS Builds 19041.1415, 19042.1415, 19043.1415, and 19044.1415)","http://support.microsoft.com/kb/5008212","No LDR Only available","No LDR Only available","No LDR Only available"," ","21-12Rollup"
"Gpprefcn.dll","Dom_GPP","6.2.19041.746","1","7-Nov-2021","GDR","5008212","December 14, 2021-KB5008212 (OS Builds 19041.1415, 19042.1415, 19043.1415, and 19044.1415)","http://support.microsoft.com/kb/5008212","No LDR Only available","No LDR Only available","No LDR Only available"," ","21-12Rollup"
"Gpregistrybrowser.dll","Dom_GPP","6.2.19041.746","1","7-Nov-2021","GDR","5008212","December 14, 2021-KB5008212 (OS Builds 19041.1415, 19042.1415, 19043.1415, and 19044.1415)","http://support.microsoft.com/kb/5008212","No LDR Only available","No LDR Only available","No LDR Only available"," ","21-12Rollup"
"Propshts.dll","Dom_GPP","6.2.19041.1202","1","14-Sep-21","GDR","5008212","December 14, 2021-KB5008212 (OS Builds 19041.1415, 19042.1415, 19043.1415, and 19044.1415)","http://support.microsoft.com/kb/5008212","No LDR Only available","No LDR Only available","No LDR Only available"," ","21-12Rollup"
"Repdrvfs.dll","Core_WMI","6.2.19041.1266","0","7-Nov-2021","GDR","5008212","December 14, 2021-KB5008212 (OS Builds 19041.1415, 19042.1415, 19043.1415, and 19044.1415)","http://support.microsoft.com/kb/5008212","No LDR Only available","No LDR Only available","No LDR Only available"," ","21-12Rollup"
"Profsvc.dll","Dom_ProfProc","6.2.19041.1266","1","7-Nov-2021","GDR","5008212","December 14, 2021-KB5008212 (OS Builds 19041.1415, 19042.1415, 19043.1415, and 19044.1415)","http://support.microsoft.com/kb/5008212","No LDR Only available","No LDR Only available","No LDR Only available"," ","21-12Rollup"
"Csc.sys","Net_CSC_Offline","6.2.19041.1387","1","22-Nov-21","GDR","5008212","December 14, 2021-KB5008212 (OS Builds 19041.1415, 19042.1415, 19043.1415, and 19044.1415)","http://support.microsoft.com/kb/5008212","No LDR Only available","No LDR Only available","No LDR Only available"," ","21-12Rollup"
"Cscapi.dll","Net_CSC_Offline","6.2.19041.546","1","7-Nov-2021","GDR","5008212","December 14, 2021-KB5008212 (OS Builds 19041.1415, 19042.1415, 19043.1415, and 19044.1415)","http://support.microsoft.com/kb/5008212","No LDR Only available","No LDR Only available","No LDR Only available"," ","21-12Rollup"
"Cscdll.dll","Net_CSC_Offline","6.2.19041.546","1","8-Nov-2021","GDR","5008212","December 14, 2021-KB5008212 (OS Builds 19041.1415, 19042.1415, 19043.1415, and 19044.1415)","http://support.microsoft.com/kb/5008212","No LDR Only available","No LDR Only available","No LDR Only available"," ","21-12Rollup"
"Cscsvc.dll","Net_CSC_Offline","6.2.19041.985","1","7-Nov-2021","GDR","5008212","December 14, 2021-KB5008212 (OS Builds 19041.1415, 19042.1415, 19043.1415, and 19044.1415)","http://support.microsoft.com/kb/5008212","No LDR Only available","No LDR Only available","No LDR Only available"," ","21-12Rollup"
"Cscmig.dll","Net_CSC_Offline","6.2.19041.1387","1","22-Nov-21","GDR","5008212","December 14, 2021-KB5008212 (OS Builds 19041.1415, 19042.1415, 19043.1415, and 19044.1415)","http://support.microsoft.com/kb/5008212","No LDR Only available","No LDR Only available","No LDR Only available"," ","21-12Rollup"
"Esent.dll","Dom_ESENT","6.2.19041.1266","0","7-Nov-2021","GDR","5008212","December 14, 2021-KB5008212 (OS Builds 19041.1415, 19042.1415, 19043.1415, and 19044.1415)","http://support.microsoft.com/kb/5008212","No LDR Only available","No LDR Only available","No LDR Only available"," ","21-12Rollup"
"Ntdsai.dll","Dom_NTDSAI","6.2.19041.1381","0","7-Nov-2021","GDR","5008212","December 14, 2021-KB5008212 (OS Builds 19041.1415, 19042.1415, 19043.1415, and 19044.1415)","http://support.microsoft.com/kb/5008212","No LDR Only available","No LDR Only available","No LDR Only available"," ","21-12Rollup"
"Ntdsutil.exe","Dom_NTDSAI","6.2.19041.844","0","7-Nov-2021","GDR","5008212","December 14, 2021-KB5008212 (OS Builds 19041.1415, 19042.1415, 19043.1415, and 19044.1415)","http://support.microsoft.com/kb/5008212","No LDR Only available","No LDR Only available","No LDR Only available"," ","21-12Rollup"
"Samsrv.dll","Dom_SAMSRV","6.2.19041.1348","0","8-Nov-2021","GDR","5008212","December 14, 2021-KB5008212 (OS Builds 19041.1415, 19042.1415, 19043.1415, and 19044.1415)","http://support.microsoft.com/kb/5008212","No LDR Only available","No LDR Only available","No LDR Only available"," ","21-12Rollup"
"Samlib.dll","Dom_SAMSRV","6.2.19041.1348","0","7-Nov-2021","GDR","5008212","December 14, 2021-KB5008212 (OS Builds 19041.1415, 19042.1415, 19043.1415, and 19044.1415)","http://support.microsoft.com/kb/5008212","No LDR Only available","No LDR Only available","No LDR Only available"," ","21-12Rollup"
"Kdcsvc.dll","Dom_KDCSVC","6.2.19041.1348","0","7-Nov-2021","GDR","5008212","December 14, 2021-KB5008212 (OS Builds 19041.1415, 19042.1415, 19043.1415, and 19044.1415)","http://support.microsoft.com/kb/5008212","No LDR Only available","No LDR Only available","No LDR Only available"," ","21-12Rollup"
"Dfsrs.exe","Dom_DFS-R","6.2.19041.1266","0","7-Nov-2021","GDR","5008212","December 14, 2021-KB5008212 (OS Builds 19041.1415, 19042.1415, 19043.1415, and 19044.1415)","http://support.microsoft.com/kb/5008212","No LDR Only available","No LDR Only available","No LDR Only available"," ","21-12Rollup"
"Dfsrress.dll","Dom_DFS-R","6.2.19041.662","0","7-Nov-2021","GDR","5008212","December 14, 2021-KB5008212 (OS Builds 19041.1415, 19042.1415, 19043.1415, and 19044.1415)","http://support.microsoft.com/kb/5008212","No LDR Only available","No LDR Only available","No LDR Only available"," ","21-12Rollup"
"Microsoft.identityserver.service.dll","Dom_ADFS","6.2.19041.1288","0","7-Nov-2021","GDR","5008212","December 14, 2021-KB5008212 (OS Builds 19041.1415, 19042.1415, 19043.1415, and 19044.1415)","http://support.microsoft.com/kb/5008212","No LDR Only available","No LDR Only available","No LDR Only available"," ","21-12Rollup"
"Microsoft.identityserver.web.dll","Dom_ADFS","6.2.19041.1320","0","7-Nov-2021","GDR","5008212","December 14, 2021-KB5008212 (OS Builds 19041.1415, 19042.1415, 19043.1415, and 19044.1415)","http://support.microsoft.com/kb/5008212","No LDR Only available","No LDR Only available","No LDR Only available"," ","21-12Rollup"
