"Binary","Component","Version","Prio","Published","Branch","Article","Title","Link","LDROnlyKB","LDROnlyTitle","LDROnlyLink","Comment","RollupInfo"
"Ntoskrnl.exe","Core_Kernel","6.2.22000.1574","0","30-Jan-2023","GDR","5022836","February 14, 2023-KB5022836 (OS Build 22000.1574)","http://support.microsoft.com/kb/5022836","No LDR Only available","No LDR Only available","No LDR Only available"," ","23-02Rollup"
"Ntkrnlpa.exe","Core_Kernel","6.2.22000.1","0","","RTM","5022836","","","","","","",""
"Crashdmp.sys","Core_Kernel","6.2.22000.918","0","02-Feb-2023","GDR","5022836","February 14, 2023-KB5022836 (OS Build 22000.1574)","http://support.microsoft.com/kb/5022836","No LDR Only available","No LDR Only available","No LDR Only available"," ","23-02Rollup"
"Ntdll.dll","Core_Kernel","6.2.22000.918","0","02-Feb-2023","GDR","5022836","February 14, 2023-KB5022836 (OS Build 22000.1574)","http://support.microsoft.com/kb/5022836","No LDR Only available","No LDR Only available","No LDR Only available"," ","23-02Rollup"
"Hal.dll","Core_Kernel","6.2.22000.1219","0","02-Feb-2023","GDR","5022836","February 14, 2023-KB5022836 (OS Build 22000.1574)","http://support.microsoft.com/kb/5022836","No LDR Only available","No LDR Only available","No LDR Only available"," ","23-02Rollup"
"Fltmgr.sys","Core_Kernel","6.2.22000.1281","0","02-Feb-2023","GDR","5022836","February 14, 2023-KB5022836 (OS Build 22000.1574)","http://support.microsoft.com/kb/5022836","No LDR Only available","No LDR Only available","No LDR Only available"," ","23-02Rollup"
"win32k.sys","Core_Kernel","6.2.22000.1574","0","30-Jan-2023","GDR","5022836","February 14, 2023-KB5022836 (OS Build 22000.1574)","http://support.microsoft.com/kb/5022836","No LDR Only available","No LDR Only available","No LDR Only available"," ","23-02Rollup"
"Ntfs.sys","Core_FileSystem","6.2.22000.1281","0","02-Feb-2023","GDR","5022836","February 14, 2023-KB5022836 (OS Build 22000.1574)","http://support.microsoft.com/kb/5022836","No LDR Only available","No LDR Only available","No LDR Only available"," ","23-02Rollup"
"dedup.sys","Core_FileSystem","6.2.22000.1","0","","RTM","5022836","","","","","","",""
"Msiscsi.sys","Core_DiskSystem","6.2.22000.653","0","02-Feb-2023","GDR","5022836","February 14, 2023-KB5022836 (OS Build 22000.1574)","http://support.microsoft.com/kb/5022836","No LDR Only available","No LDR Only available","No LDR Only available"," ","23-02Rollup"
"Iscsitgt.dll","Core_DiskSystem","6.2.22000.1","0","","RTM","5022836","","","","","","",""
"Storport.sys","Core_DiskSystem","6.2.22000.1281","0","02-Feb-2023","GDR","5022836","February 14, 2023-KB5022836 (OS Build 22000.1574)","http://support.microsoft.com/kb/5022836","No LDR Only available","No LDR Only available","No LDR Only available"," ","23-02Rollup"
"Repdrvfs.dll","Core_WMI","6.2.22000.593","0","02-Feb-2023","GDR","5022836","February 14, 2023-KB5022836 (OS Build 22000.1574)","http://support.microsoft.com/kb/5022836","No LDR Only available","No LDR Only available","No LDR Only available"," ","23-02Rollup"
"Mpio.sys","Core_MPIO","6.2.22000.1","0","","RTM","5022836","","","","","","",""
"Msdsm.sys","Core_MPIO","6.2.22000.1","0","","RTM","5022836","","","","","","",""
"Vssapi.dll","Core_VSS","6.2.22000.653","1","02-Feb-2023","GDR","5022836","February 14, 2023-KB5022836 (OS Build 22000.1574)","http://support.microsoft.com/kb/5022836","No LDR Only available","No LDR Only available","No LDR Only available"," ","23-02Rollup"
"Vsstrace.dll","Core_VSS","6.2.22000.434","1","02-Feb-2023","GDR","5022836","February 14, 2023-KB5022836 (OS Build 22000.1574)","http://support.microsoft.com/kb/5022836","No LDR Only available","No LDR Only available","No LDR Only available"," ","23-02Rollup"
"vsssvc.exe","Core_VSS","6.2.22000.1","1","","RTM","5022836","","","","","","",""
"Swprv.dll","Core_VSS","6.2.22000.653","1","14-Jun-2022","GDR","5022836","February 14, 2023-KB5022836 (OS Build 22000.1574)","http://support.microsoft.com/kb/5022836","No LDR Only available","No LDR Only available","No LDR Only available","rEX","23-02Rollup"
"spp.dll","Core_VSS","6.2.22000.1165","1","02-Feb-2023","GDR","5022836","February 14, 2023-KB5022836 (OS Build 22000.1574)","http://support.microsoft.com/kb/5022836","No LDR Only available","No LDR Only available","No LDR Only available"," ","23-02Rollup"
"wbengine.exe","Core_VSS","6.2.22000.653","1","02-Feb-2023","GDR","5022836","February 14, 2023-KB5022836 (OS Build 22000.1574)","http://support.microsoft.com/kb/5022836","No LDR Only available","No LDR Only available","No LDR Only available"," ","23-02Rollup"
"blbsrv.dll","Core_VSS","6.2.22000.1","1","","RTM","5022836","","","","","","",""
"pci.sys","Core_Sys","6.2.22000.1281","1","02-Feb-2023","GDR","5022836","February 14, 2023-KB5022836 (OS Build 22000.1574)","http://support.microsoft.com/kb/5022836","No LDR Only available","No LDR Only available","No LDR Only available"," ","23-02Rollup"
"Termdd.sys","Core_Sys","6.2.22000.1","1","","RTM","5022836","","","","","","",""
"Volmgr.sys","Core_Sys","6.2.22000.778","1","02-Feb-2023","GDR","5022836","February 14, 2023-KB5022836 (OS Build 22000.1574)","http://support.microsoft.com/kb/5022836","No LDR Only available","No LDR Only available","No LDR Only available"," ","23-02Rollup"
"Advapi32.dll","Core_Apps","6.2.22000.1098","0","02-Feb-2023","GDR","5022836","February 14, 2023-KB5022836 (OS Build 22000.1574)","http://support.microsoft.com/kb/5022836","No LDR Only available","No LDR Only available","No LDR Only available"," ","23-02Rollup"
"Tzres.dll","Core_TimeZone","6.2.22000.1281","1","02-Feb-2023","GDR","5022836","February 14, 2023-KB5022836 (OS Build 22000.1574)","http://support.microsoft.com/kb/5022836","No LDR Only available","No LDR Only available","No LDR Only available"," ","23-02Rollup"
"Clussvc.exe","Cluster_Core","6.2.22000.1","0","","RTM","5022836","","","","","","",""
"ClusWMI.dll","Cluster_Core","6.2.22000.1","0","","RTM","5022836","","","","","","",""
"Rhs.exe","Cluster_Core","6.2.22000.1","0","","RTM","5022836","","","","","","",""
"Clusres.dll","Cluster_Core","6.2.22000.1","0","","RTM","5022836","","","","","","",""
"Clusres2.dll","Cluster_Core","6.2.22000.1","0","","RTM","5022836","","","","","","",""
"Netft.sys","Cluster_Core","6.2.22000.1","0","","RTM","5022836","","","","","","",""
"Clusauthmgr.dll","Cluster_Core","6.2.22000.1","0","","RTM","5022836","","","","","","",""
"Witness.dll","Cluster_Core","6.2.22000.1","0","","RTM","5022836","","","","","","",""
"Csvflt.sys","Cluster_CSV","6.2.22000.1","0","","RTM","5022836","","","","","","",""
"Csvfs.sys","Cluster_CSV","6.2.22000.1","0","","RTM","5022836","","","","","","",""
"Csvfilter.sys","Cluster_CSV","6.2.22000.1","0","","RTM","5022836","","","","","","",""
"Vhdmp.sys","Cluster_CSV","6.2.22000.856","0","02-Feb-2023","GDR","5022836","February 14, 2023-KB5022836 (OS Build 22000.1574)","http://support.microsoft.com/kb/5022836","No LDR Only available","No LDR Only available","No LDR Only available"," ","23-02Rollup"
"Svhdxflt.sys","Cluster_CSV","6.2.22000.1","0","","RTM","5022836","","","","","","",""
"Clusdisk.sys","Cluster_Disk","6.2.22000.1","0","","RTM","5022836","","","","","","",""
"Volsnap.sys","Cluster_Volsnap","6.2.22000.1","0","","RTM","5022836","","","","","","",""
"Cprepsrv.exe","Cluster_Validation","6.2.22000.1","1","","RTM","5022836","","","","","","",""
"Failoverclusters.agent.interop.dll","Cluster_Validation","6.2.22000.1","1","","RTM","5022836","","","","","","",""
"Microsoft.failoverclusters.framework.dll","Cluster_Validation","6.2.22000.1","1","","RTM","5022836","","","","","","",""
"Vmswitch.sys","Hyper-V_Net","6.2.22000.1574","1","31-Jan-2023","GDR","5022836","February 14, 2023-KB5022836 (OS Build 22000.1574)","http://support.microsoft.com/kb/5022836","No LDR Only available","No LDR Only available","No LDR Only available"," ","23-02Rollup"
"Mslbfoprovider.sys","Hyper-V_Net","6.2.22000.1","1","","RTM","5022836","","","","","","",""
"Wnv.sys","Hyper-V_Net","6.2.22000.1","1","","RTM","5022836","","","","","","",""
"Vmsntfy.dll","Hyper-V_Net","6.2.22000.1","1","","RTM","5022836","","","","","","",""
"Ndisimplatform.sys","Hyper-V_Net","6.2.22000.653","1","02-Feb-2023","GDR","5022836","February 14, 2023-KB5022836 (OS Build 22000.1574)","http://support.microsoft.com/kb/5022836","No LDR Only available","No LDR Only available","No LDR Only available"," ","23-02Rollup"
"Vmms.exe","Hyper-V_Net","6.2.22000.1574","1","31-Jan-2023","GDR","5022836","February 14, 2023-KB5022836 (OS Build 22000.1574)","http://support.microsoft.com/kb/5022836","No LDR Only available","No LDR Only available","No LDR Only available"," ","23-02Rollup"
"Winnat.sys","Hyper-V_Net","6.2.22000.653","1","26-Aug-2022","GDR","5022836","February 14, 2023-KB5022836 (OS Build 22000.1574)","http://support.microsoft.com/kb/5022836","No LDR Only available","No LDR Only available","No LDR Only available","rEX","23-02Rollup"
"pvhdparser.sys","Hyper-V_Net","6.2.22000.653","1","02-Feb-2023","GDR","5022836","February 14, 2023-KB5022836 (OS Build 22000.1574)","http://support.microsoft.com/kb/5022836","No LDR Only available","No LDR Only available","No LDR Only available"," ","23-02Rollup"
"Wmisvc.dll","Hyper-V_Net","6.2.22000.1","1","","RTM","5022836","","","","","","",""
"Vmbus.sys","Hyper-V_Net","6.2.22000.918","1","02-Feb-2023","GDR","5022836","February 14, 2023-KB5022836 (OS Build 22000.1574)","http://support.microsoft.com/kb/5022836","No LDR Only available","No LDR Only available","No LDR Only available"," ","23-02Rollup"
"Rasapi32.dll","HNV_Net","6.2.22000.832","1","02-Feb-2023","GDR","5022836","February 14, 2023-KB5022836 (OS Build 22000.1574)","http://support.microsoft.com/kb/5022836","No LDR Only available","No LDR Only available","No LDR Only available"," ","23-02Rollup"
"Mprapi.dll","HNV_Net","6.2.22000.1042","1","02-Feb-2023","GDR","5022836","February 14, 2023-KB5022836 (OS Build 22000.1574)","http://support.microsoft.com/kb/5022836","No LDR Only available","No LDR Only available","No LDR Only available"," ","23-02Rollup"
"Vmwp.exe","Hyper-V_app","6.2.22000.1219","1","02-Feb-2023","GDR","5022836","February 14, 2023-KB5022836 (OS Build 22000.1574)","http://support.microsoft.com/kb/5022836","No LDR Only available","No LDR Only available","No LDR Only available"," ","23-02Rollup"
"Tcpip.sys","Net_Protocol","6.2.22000.1574","0","30-Jan-2023","GDR","5022836","February 14, 2023-KB5022836 (OS Build 22000.1574)","http://support.microsoft.com/kb/5022836","No LDR Only available","No LDR Only available","No LDR Only available"," ","23-02Rollup"
"Afd.sys","Net_Protocol","6.2.22000.1455","0","02-Feb-2023","GDR","5022836","February 14, 2023-KB5022836 (OS Build 22000.1574)","http://support.microsoft.com/kb/5022836","No LDR Only available","No LDR Only available","No LDR Only available"," ","23-02Rollup"
"Netio.sys","Net_Protocol","6.2.22000.1516","0","02-Feb-2023","GDR","5022836","February 14, 2023-KB5022836 (OS Build 22000.1574)","http://support.microsoft.com/kb/5022836","No LDR Only available","No LDR Only available","No LDR Only available"," ","23-02Rollup"
"Ndis.sys","Net_Protocol","6.2.22000.1281","0","02-Feb-2023","GDR","5022836","February 14, 2023-KB5022836 (OS Build 22000.1574)","http://support.microsoft.com/kb/5022836","No LDR Only available","No LDR Only available","No LDR Only available"," ","23-02Rollup"
"Netiohlp.dll","Net_Protocol","6.2.22000.1165","0","02-Feb-2023","GDR","5022836","February 14, 2023-KB5022836 (OS Build 22000.1574)","http://support.microsoft.com/kb/5022836","No LDR Only available","No LDR Only available","No LDR Only available"," ","23-02Rollup"
"Tdx.sys","Net_Protocol","6.2.22000.194","0","02-Feb-2023","GDR","5022836","February 14, 2023-KB5022836 (OS Build 22000.1574)","http://support.microsoft.com/kb/5022836","No LDR Only available","No LDR Only available","No LDR Only available"," ","23-02Rollup"
"Iphlpapi.dll","Net_Protocol","6.2.22000.282","0","02-Feb-2023","GDR","5022836","February 14, 2023-KB5022836 (OS Build 22000.1574)","http://support.microsoft.com/kb/5022836","No LDR Only available","No LDR Only available","No LDR Only available"," ","23-02Rollup"
"srv.sys","Net_SMB_Server","6.2.22000.1165","0","02-Feb-2023","GDR","5022836","February 14, 2023-KB5022836 (OS Build 22000.1574)","http://support.microsoft.com/kb/5022836","No LDR Only available","No LDR Only available","No LDR Only available"," ","23-02Rollup"
"srv2.sys","Net_SMB_Server","6.2.22000.1516","0","02-Feb-2023","GDR","5022836","February 14, 2023-KB5022836 (OS Build 22000.1574)","http://support.microsoft.com/kb/5022836","No LDR Only available","No LDR Only available","No LDR Only available"," ","23-02Rollup"
"srvnet.sys","Net_SMB_Server","6.2.22000.1165","0","02-Feb-2023","GDR","5022836","February 14, 2023-KB5022836 (OS Build 22000.1574)","http://support.microsoft.com/kb/5022836","No LDR Only available","No LDR Only available","No LDR Only available"," ","23-02Rollup"
"Srvsvc.dll","Net_SMB_Server","6.2.22000.1219","0","02-Feb-2023","GDR","5022836","February 14, 2023-KB5022836 (OS Build 22000.1574)","http://support.microsoft.com/kb/5022836","No LDR Only available","No LDR Only available","No LDR Only available"," ","23-02Rollup"
"Mrxsmb.sys","Net_SMB_Client","6.2.22000.1516","0","02-Feb-2023","GDR","5022836","February 14, 2023-KB5022836 (OS Build 22000.1574)","http://support.microsoft.com/kb/5022836","No LDR Only available","No LDR Only available","No LDR Only available"," ","23-02Rollup"
"Mrxsmb10.sys","Net_SMB_Client","6.2.22000.1516","0","02-Feb-2023","GDR","5022836","February 14, 2023-KB5022836 (OS Build 22000.1574)","http://support.microsoft.com/kb/5022836","No LDR Only available","No LDR Only available","No LDR Only available"," ","23-02Rollup"
"Mrxsmb20.sys","Net_SMB_Client","6.2.22000.1516","0","02-Feb-2023","GDR","5022836","February 14, 2023-KB5022836 (OS Build 22000.1574)","http://support.microsoft.com/kb/5022836","No LDR Only available","No LDR Only available","No LDR Only available"," ","23-02Rollup"
"Rdbss.sys","Net_SMB_Client","6.2.22000.1516","0","02-Feb-2023","GDR","5022836","February 14, 2023-KB5022836 (OS Build 22000.1574)","http://support.microsoft.com/kb/5022836","No LDR Only available","No LDR Only available","No LDR Only available"," ","23-02Rollup"
"Netbt.sys","Net_SMB_Client","6.2.22000.1","0","","RTM","5022836","","","","","","",""
"Mup.sys","Net_SMB_Client","6.2.22000.1","0","","RTM","5022836","","","","","","",""
"wkssvc.dll","Net_SMB_Client","6.2.22000.1516","0","02-Feb-2023","GDR","5022836","February 14, 2023-KB5022836 (OS Build 22000.1574)","http://support.microsoft.com/kb/5022836","No LDR Only available","No LDR Only available","No LDR Only available"," ","23-02Rollup"
"Mpr.dll","Net_SMB_Client","6.2.22000.778","0","02-Feb-2023","GDR","5022836","February 14, 2023-KB5022836 (OS Build 22000.1574)","http://support.microsoft.com/kb/5022836","No LDR Only available","No LDR Only available","No LDR Only available"," ","23-02Rollup"
"NtLanman.dll","Net_SMB_Client","6.2.22000.1574","0","30-Jan-2023","GDR","5022836","February 14, 2023-KB5022836 (OS Build 22000.1574)","http://support.microsoft.com/kb/5022836","No LDR Only available","No LDR Only available","No LDR Only available"," ","23-02Rollup"
"5022836","Win11_23-02_B_rollup_KB"," ","0","14-Feb-2023","GDR","5022836","February 14, 2023-KB5022836 (OS Build 22000.1574)","http://support.microsoft.com/kb/5022836","No LDR Only available","No LDR Only available","No LDR Only available"," ","23-02Rollup"
