"Binary","Component","Version","Prio","Published","Branch","Article","Title","Link","LDROnlyKB","LDROnlyTitle","LDROnlyLink","Comment","RollupInfo"
"Ntoskrnl.exe","Core_Kernel","6.2.22621.1265","0","30-Jan-2023","GDR","5022845","February 14, 2023-KB5022845 (OS Build 22621.1265)","http://support.microsoft.com/kb/5022845","No LDR Only available","No LDR Only available","No LDR Only available"," ","23-02Rollup"
"Ntkrnlpa.exe","Core_Kernel","6.2.22621.1","0","","RTM","5022845","","","","","","",""
"Crashdmp.sys","Core_Kernel","6.2.22621.608","0","31-Jan-2023","GDR","5022845","February 14, 2023-KB5022845 (OS Build 22621.1265)","http://support.microsoft.com/kb/5022845","No LDR Only available","No LDR Only available","No LDR Only available"," ","23-02Rollup"
"win32k.sys","Core_Kernel","6.2.22621.1265","0","30-Jan-2023","GDR","5022845","February 14, 2023-KB5022845 (OS Build 22621.1265)","http://support.microsoft.com/kb/5022845","No LDR Only available","No LDR Only available","No LDR Only available"," ","23-02Rollup"
"Rdpshell.exe","RDS_remote_App","6.2.22621.755","0","31-Jan-2023","GDR","5022845","February 14, 2023-KB5022845 (OS Build 22621.1265)","http://support.microsoft.com/kb/5022845","No LDR Only available","No LDR Only available","No LDR Only available"," ","23-02Rollup"
"Rdsdwmdr.dll","RDS_remote_App","6.2.22621.608","0","31-Jan-2023","GDR","5022845","February 14, 2023-KB5022845 (OS Build 22621.1265)","http://support.microsoft.com/kb/5022845","No LDR Only available","No LDR Only available","No LDR Only available"," ","23-02Rollup"
"Tscfgwmi.dll","RDS_remote_App","6.2.22621.1","0","","RTM","5022845","","","","","","",""
"Audioeng.dll","RDS_devRdr","6.2.22621.755","1","08-Nov-2022","GDR","5022845","February 14, 2023-KB5022845 (OS Build 22621.1265)","http://support.microsoft.com/kb/5022845","No LDR Only available","No LDR Only available","No LDR Only available","rEX","23-02Rollup"
"Audiokse.dll","RDS_devRdr","6.2.22621.755","1","08-Nov-2022","GDR","5022845","February 14, 2023-KB5022845 (OS Build 22621.1265)","http://support.microsoft.com/kb/5022845","No LDR Only available","No LDR Only available","No LDR Only available","rEX","23-02Rollup"
"Audioses.dll","RDS_devRdr","6.2.22621.900","1","31-Jan-2023","GDR","5022845","February 14, 2023-KB5022845 (OS Build 22621.1265)","http://support.microsoft.com/kb/5022845","No LDR Only available","No LDR Only available","No LDR Only available"," ","23-02Rollup"
"Audiosrv.dll","RDS_devRdr","6.2.22621.755","1","31-Jan-2023","GDR","5022845","February 14, 2023-KB5022845 (OS Build 22621.1265)","http://support.microsoft.com/kb/5022845","No LDR Only available","No LDR Only available","No LDR Only available"," ","23-02Rollup"
"Wsepno.dll","RDS_msTsc","7.0.22621.608","1","31-Jan-2023","GDR","5022845","February 14, 2023-KB5022845 (OS Build 22621.1265)","http://support.microsoft.com/kb/5022845","No LDR Only available","No LDR Only available","No LDR Only available"," ","23-02Rollup"
"Xpsgdiconverter.dll","RDS_msTsc","6.2.22621.1","1","","RTM","5022845","","","","","","",""
"Vmrdvcore.dll","RDS_vHost","6.2.22621.1","0","","RTM","5022845","","","","","","",""
"Tsvmhasvc.dll","RDS_vHost","6.2.22621.1","0","","RTM","5022845","","","","","","",""
"Tssdis.exe","RDS_vHost","6.2.22621.1","0","","RTM","5022845","","","","","","",""
"aaedge.dll","RDS_gateway","6.2.22621.1","1","","RTM","5022845","","","","","","",""
"lserver.dll","RDS_license","6.2.22621.1","1","","RTM","5022845","","","","","","",""
"licmgr.exe","RDS_license","6.2.22621.1","1","","RTM","5022845","","","","","","",""
"dxgkrnl.sys","RDS_host","6.2.22621.1194","1","31-Jan-2023","GDR","5022845","February 14, 2023-KB5022845 (OS Build 22621.1265)","http://support.microsoft.com/kb/5022845","No LDR Only available","No LDR Only available","No LDR Only available"," ","23-02Rollup"
"sessenv.dll","RDS_host","6.2.22621.608","1","31-Jan-2023","GDR","5022845","February 14, 2023-KB5022845 (OS Build 22621.1265)","http://support.microsoft.com/kb/5022845","No LDR Only available","No LDR Only available","No LDR Only available"," ","23-02Rollup"
"Profprov.dll","Dom_ProfProc","6.2.22621.1","1","","RTM","5022845","","","","","","",""
"Profsvc.dll","Dom_ProfProc","6.2.22621.608","1","31-Jan-2023","GDR","5022845","February 14, 2023-KB5022845 (OS Build 22621.1265)","http://support.microsoft.com/kb/5022845","No LDR Only available","No LDR Only available","No LDR Only available"," ","23-02Rollup"
"5022845","Win1122H2_23-02_B_rollup_KB"," ","0","14-Feb-2023","GDR","5022845","February 14, 2023-KB5022845 (OS Build 22621.1265)","http://support.microsoft.com/kb/5022845","No LDR Only available","No LDR Only available","No LDR Only available"," ","23-02Rollup"
