"Binary","Component","Version","Prio","Published","Branch","Article","Title","Link","LDROnlyKB","LDROnlyTitle","LDROnlyLink","Comment","RollupInfo"
"Ntoskrnl.exe","Core_Kernel","6.2.9200.24075","0","10-Jan-2023","GDR","5022903","February 14, 2023-KB5022903 (Monthly Rollup)","http://support.microsoft.com/kb/5022903","No LDR Only available","No LDR Only available","No LDR Only available","rEX","23-02Rollup"
"Ntkrnlpa.exe","Core_Kernel","6.2.9200.1","0","08-Nov-2022","GDR","5022348","January 10, 2023-KB5022348 (Monthly Rollup)","http://support.microsoft.com/kb/5022348","No LDR Only available","No LDR Only available","No LDR Only available"," ","23-01Rollup"
"Crashdmp.sys","Core_Kernel","6.2.9200.16703","0","11-Oct-2022","GDR","5022903","February 14, 2023-KB5022903 (Monthly Rollup)","http://support.microsoft.com/kb/5022903","No LDR Only available","No LDR Only available","No LDR Only available","rEX","23-02Rollup"
"Ntfs.sys","Core_FileSystem","6.2.9200.24075","0","10-Jan-2023","GDR","5022903","February 14, 2023-KB5022903 (Monthly Rollup)","http://support.microsoft.com/kb/5022903","No LDR Only available","No LDR Only available","No LDR Only available","rEX","23-02Rollup"
"dedup.sys","Core_FileSystem","6.2.9200.1","0","08-Nov-2022","GDR","5022348","January 10, 2023-KB5022348 (Monthly Rollup)","http://support.microsoft.com/kb/5022348","No LDR Only available","No LDR Only available","No LDR Only available"," ","23-01Rollup"
"Robocopy.exe","Net_Applications","6.2.9200.16908","1","11-Oct-2022","GDR","5022903","February 14, 2023-KB5022903 (Monthly Rollup)","http://support.microsoft.com/kb/5022903","No LDR Only available","No LDR Only available","No LDR Only available","rEX","23-02Rollup"
"srv.sys","Net_SMB_Server","6.2.9200.24111","0","09-Jan-2023","GDR","5022903","February 14, 2023-KB5022903 (Monthly Rollup)","http://support.microsoft.com/kb/5022903","No LDR Only available","No LDR Only available","No LDR Only available"," ","23-02Rollup"
"srv2.sys","Net_SMB_Server","6.2.9200.24111","0","09-Jan-2023","GDR","5022903","February 14, 2023-KB5022903 (Monthly Rollup)","http://support.microsoft.com/kb/5022903","No LDR Only available","No LDR Only available","No LDR Only available"," ","23-02Rollup"
"srvnet.sys","Net_SMB_Server","6.2.9200.23730","0","09-May-2022","GDR","5022903","February 14, 2023-KB5022903 (Monthly Rollup)","http://support.microsoft.com/kb/5022903","No LDR Only available","No LDR Only available","No LDR Only available"," ","23-02Rollup"
"Srvsvc.dll","Net_SMB_Server","6.2.9200.23907","0","18-Oct-2022","GDR","5022903","February 14, 2023-KB5022903 (Monthly Rollup)","http://support.microsoft.com/kb/5022903","No LDR Only available","No LDR Only available","No LDR Only available","rEX","23-02Rollup"
"Mrxsmb.sys","Net_SMB_Client","6.2.9200.24115","0","25-Jan-2023","GDR","5022903","February 14, 2023-KB5022903 (Monthly Rollup)","http://support.microsoft.com/kb/5022903","No LDR Only available","No LDR Only available","No LDR Only available"," ","23-02Rollup"
"Mrxsmb10.sys","Net_SMB_Client","6.2.9200.24115","0","25-Jan-2023","GDR","5022903","February 14, 2023-KB5022903 (Monthly Rollup)","http://support.microsoft.com/kb/5022903","No LDR Only available","No LDR Only available","No LDR Only available"," ","23-02Rollup"
"Mrxsmb20.sys","Net_SMB_Client","6.2.9200.24115","0","25-Jan-2023","GDR","5022903","February 14, 2023-KB5022903 (Monthly Rollup)","http://support.microsoft.com/kb/5022903","No LDR Only available","No LDR Only available","No LDR Only available"," ","23-02Rollup"
"Rdbss.sys","Net_SMB_Client","6.2.9200.23452","0","05-Aug-2021","GDR","5022903","February 14, 2023-KB5022903 (Monthly Rollup)","http://support.microsoft.com/kb/5022903","No LDR Only available","No LDR Only available","No LDR Only available"," ","23-02Rollup"
"Netbt.sys","Net_SMB_Client","6.2.9200.23171","0","09-Sep-2020","GDR","5022903","February 14, 2023-KB5022903 (Monthly Rollup)","http://support.microsoft.com/kb/5022903","No LDR Only available","No LDR Only available","No LDR Only available"," ","23-02Rollup"
"Mup.sys","Net_SMB_Client","6.2.9200.17225","0","11-Oct-2022","GDR","5022903","February 14, 2023-KB5022903 (Monthly Rollup)","http://support.microsoft.com/kb/5022903","No LDR Only available","No LDR Only available","No LDR Only available","rEX","23-02Rollup"
"wkssvc.dll","Net_SMB_Client","6.2.9200.23907","0","18-Oct-2022","GDR","5022903","February 14, 2023-KB5022903 (Monthly Rollup)","http://support.microsoft.com/kb/5022903","No LDR Only available","No LDR Only available","No LDR Only available","rEX","23-02Rollup"
"Mpr.dll","Net_SMB_Client","6.2.9200.16384","0","11-Oct-2022","GDR","5022903","February 14, 2023-KB5022903 (Monthly Rollup)","http://support.microsoft.com/kb/5022903","No LDR Only available","No LDR Only available","No LDR Only available","rEX","23-02Rollup"
"NtLanman.dll","Net_SMB_Client","6.2.9200.16384","0","11-Oct-2022","GDR","5022903","February 14, 2023-KB5022903 (Monthly Rollup)","http://support.microsoft.com/kb/5022903","No LDR Only available","No LDR Only available","No LDR Only available","rEX","23-02Rollup"
"Tcpip.sys","Net_Protocol","6.2.9200.23906","0","18-Oct-2022","GDR","5022903","February 14, 2023-KB5022903 (Monthly Rollup)","http://support.microsoft.com/kb/5022903","No LDR Only available","No LDR Only available","No LDR Only available","rEX","23-02Rollup"
"Afd.sys","Net_Protocol","6.2.9200.23725","0","27-Apr-2022","GDR","5022903","February 14, 2023-KB5022903 (Monthly Rollup)","http://support.microsoft.com/kb/5022903","No LDR Only available","No LDR Only available","No LDR Only available","rEX","23-02Rollup"
"Netio.sys","Net_Protocol","6.2.9200.23408","0","30-Jun-2021","GDR","5022903","February 14, 2023-KB5022903 (Monthly Rollup)","http://support.microsoft.com/kb/5022903","No LDR Only available","No LDR Only available","No LDR Only available"," ","23-02Rollup"
"Ndis.sys","Net_Protocol","6.2.9200.23192","0","08-Oct-2020","GDR","5022903","February 14, 2023-KB5022903 (Monthly Rollup)","http://support.microsoft.com/kb/5022903","No LDR Only available","No LDR Only available","No LDR Only available"," ","23-02Rollup"
"Netiohlp.dll","Net_Protocol","6.2.9200.16384","0","11-Oct-2022","GDR","5022903","February 14, 2023-KB5022903 (Monthly Rollup)","http://support.microsoft.com/kb/5022903","No LDR Only available","No LDR Only available","No LDR Only available","rEX","23-02Rollup"
"Tdx.sys","Net_Protocol","6.2.9200.23452","0","05-Aug-2021","GDR","5022903","February 14, 2023-KB5022903 (Monthly Rollup)","http://support.microsoft.com/kb/5022903","No LDR Only available","No LDR Only available","No LDR Only available"," ","23-02Rollup"
"Iphlpapi.dll","Net_Protocol","6.2.9200.16420","0","11-Oct-2022","GDR","5022903","February 14, 2023-KB5022903 (Monthly Rollup)","http://support.microsoft.com/kb/5022903","No LDR Only available","No LDR Only available","No LDR Only available","rEX","23-02Rollup"
"Tunnel.sys","Net_IPv6","6.2.9200.16384","1","11-Oct-2022","GDR","5022903","February 14, 2023-KB5022903 (Monthly Rollup)","http://support.microsoft.com/kb/5022903","No LDR Only available","No LDR Only available","No LDR Only available","rEX","23-02Rollup"
"Dhcpcore6.dll","Net_IPv6","6.2.9200.23144","1","14-Aug-2020","GDR","5022903","February 14, 2023-KB5022903 (Monthly Rollup)","http://support.microsoft.com/kb/5022903","No LDR Only available","No LDR Only available","No LDR Only available"," ","23-02Rollup"
"Dhcpcsvc6.dll","Net_IPv6","6.2.9200.23144","1","14-Aug-2020","GDR","5022903","February 14, 2023-KB5022903 (Monthly Rollup)","http://support.microsoft.com/kb/5022903","No LDR Only available","No LDR Only available","No LDR Only available"," ","23-02Rollup"
"Nlasvc.dll","Net_NLA","6.2.9200.23093","0","08-Jun-2020","GDR","5022903","February 14, 2023-KB5022903 (Monthly Rollup)","http://support.microsoft.com/kb/5022903","No LDR Only available","No LDR Only available","No LDR Only available"," ","23-02Rollup"
"Ncsi.dll","Net_NLA","6.2.9200.22376","0","23-Feb-2018","GDR","5022903","February 14, 2023-KB5022903 (Monthly Rollup)","http://support.microsoft.com/kb/5022903","No LDR Only available","No LDR Only available","No LDR Only available"," ","23-02Rollup"
"Nlaapi.dll","Net_NLA","6.2.9200.22376","0","22-Feb-2018","GDR","5022903","February 14, 2023-KB5022903 (Monthly Rollup)","http://support.microsoft.com/kb/5022903","No LDR Only available","No LDR Only available","No LDR Only available"," ","23-02Rollup"
"Msv1_0.dll","Dom_NTLM","6.2.9200.24075","1","10-Jan-2023","GDR","5022903","February 14, 2023-KB5022903 (Monthly Rollup)","http://support.microsoft.com/kb/5022903","No LDR Only available","No LDR Only available","No LDR Only available","rEX","23-02Rollup"
"Dns.exe","Net_DNS_Srv","6.2.9200.23861","0","09-Aug-2022","GDR","5022903","February 14, 2023-KB5022903 (Monthly Rollup)","http://support.microsoft.com/kb/5022903","No LDR Only available","No LDR Only available","No LDR Only available"," ","23-02Rollup"
"Dhcpssvc.dll","Net_DHCP_Srv","6.2.9200.22835","0","11-Jul-2019","GDR","5022903","February 14, 2023-KB5022903 (Monthly Rollup)","http://support.microsoft.com/kb/5022903","No LDR Only available","No LDR Only available","No LDR Only available"," ","23-02Rollup"
"Dfssvc.exe","Net_DFS-N_Srv","6.2.9200.21968","0","22-Aug-2016","GDR","5022903","February 14, 2023-KB5022903 (Monthly Rollup)","http://support.microsoft.com/kb/5022903","No LDR Only available","No LDR Only available","No LDR Only available"," ","23-02Rollup"
"Nfssvc.exe","Net_NFS_Srv","6.2.9200.16384","0","25-Jul-2012","GDR","5022903","February 14, 2023-KB5022903 (Monthly Rollup)","http://support.microsoft.com/kb/5022903","No LDR Only available","No LDR Only available","No LDR Only available"," ","23-02Rollup"
"Nfssvr.sys","Net_NFS_Srv","6.2.9200.23765","0","13-Jun-2022","GDR","5022903","February 14, 2023-KB5022903 (Monthly Rollup)","http://support.microsoft.com/kb/5022903","No LDR Only available","No LDR Only available","No LDR Only available"," ","23-02Rollup"
"Msnfsflt.sys","Net_NFS_Srv","6.2.9200.16384","0","25-Jul-2012","GDR","5022903","February 14, 2023-KB5022903 (Monthly Rollup)","http://support.microsoft.com/kb/5022903","No LDR Only available","No LDR Only available","No LDR Only available"," ","23-02Rollup"
"portmap.sys","Net_NFS_Srv","6.2.9200.23861","0","09-Aug-2022","GDR","5022903","February 14, 2023-KB5022903 (Monthly Rollup)","http://support.microsoft.com/kb/5022903","No LDR Only available","No LDR Only available","No LDR Only available"," ","23-02Rollup"
"rpcxdr.sys","Net_NFS_Srv","6.2.9200.23765","0","13-Jun-2022","GDR","5022903","February 14, 2023-KB5022903 (Monthly Rollup)","http://support.microsoft.com/kb/5022903","No LDR Only available","No LDR Only available","No LDR Only available"," ","23-02Rollup"
"Nlb.sys","Net_NLB_Srv","6.2.9200.1","0","08-Nov-2022","GDR","5022348","January 10, 2023-KB5022348 (Monthly Rollup)","http://support.microsoft.com/kb/5022348","No LDR Only available","No LDR Only available","No LDR Only available"," ","23-01Rollup"
"Csc.sys","Net_CSC_Offline","6.2.9200.22508","1","28-Jun-2018","GDR","5022903","February 14, 2023-KB5022903 (Monthly Rollup)","http://support.microsoft.com/kb/5022903","No LDR Only available","No LDR Only available","No LDR Only available"," ","23-02Rollup"
"Cscapi.dll","Net_CSC_Offline","6.2.9200.16384","1","11-Oct-2022","GDR","5022903","February 14, 2023-KB5022903 (Monthly Rollup)","http://support.microsoft.com/kb/5022903","No LDR Only available","No LDR Only available","No LDR Only available","rEX","23-02Rollup"
"Cscdll.dll","Net_CSC_Offline","6.2.9200.16384","1","11-Oct-2022","GDR","5022903","February 14, 2023-KB5022903 (Monthly Rollup)","http://support.microsoft.com/kb/5022903","No LDR Only available","No LDR Only available","No LDR Only available","rEX","23-02Rollup"
"Cscsvc.dll","Net_CSC_Offline","6.2.9200.23346","1","13-Apr-2021","GDR","5022903","February 14, 2023-KB5022903 (Monthly Rollup)","http://support.microsoft.com/kb/5022903","No LDR Only available","No LDR Only available","No LDR Only available"," ","23-02Rollup"
"Cscmig.dll","Net_CSC_Offline","6.2.9200.20521","1","19-Sep-2012","GDR","5022903","February 14, 2023-KB5022903 (Monthly Rollup)","http://support.microsoft.com/kb/5022903","No LDR Only available","No LDR Only available","No LDR Only available"," ","23-02Rollup"
"Cscui.dll","Net_CSC_Offline","6.2.9200.16384","1","11-Oct-2022","GDR","5022903","February 14, 2023-KB5022903 (Monthly Rollup)","http://support.microsoft.com/kb/5022903","No LDR Only available","No LDR Only available","No LDR Only available","rEX","23-02Rollup"
"Mrxdav.sys","Net_WebDAV","6.2.9200.21976","1","07-Sep-2016","GDR","5022903","February 14, 2023-KB5022903 (Monthly Rollup)","http://support.microsoft.com/kb/5022903","No LDR Only available","No LDR Only available","No LDR Only available"," ","23-02Rollup"
"webclnt.dll","Net_WebDAV","6.2.9200.21538","1","01.07.2015","LDRGDR","3076949 (v1.0)","MS15-089: Vulnerability in WebDAV could allow security feature bypass: August 11, 2015","http://support.microsoft.com/kb/3076949","2732597 (v1.0)","0x80070091 error when you perform a drag-and-drop operation to replace a folder in a WebDAV shared folder in Windows","http://support.microsoft.com/kb/2732597","rEX","No Rollup"
"davclnt.dll","Net_WebDAV","6.2.9200.21538","1","01.07.2015","LDRGDR","3076949 (v1.0)","MS15-089: Vulnerability in WebDAV could allow security feature bypass: August 11, 2015","http://support.microsoft.com/kb/3076949","No LDR Only available","No LDR Only available","No LDR Only available","rEX","No Rollup"
"Shell32.dll","Net_WebDAV","6.2.9200.23914","1","18-Oct-2022","GDR","5022903","February 14, 2023-KB5022903 (Monthly Rollup)","http://support.microsoft.com/kb/5022903","No LDR Only available","No LDR Only available","No LDR Only available","rEX","23-02Rollup"
"Winhttp.dll","Net_WebDAV","6.2.9200.22661","1","01-Jan-2019","GDR","5022903","February 14, 2023-KB5022903 (Monthly Rollup)","http://support.microsoft.com/kb/5022903","No LDR Only available","No LDR Only available","No LDR Only available"," ","23-02Rollup"
"Dfsc.sys","Net_DFS-N_Client","6.2.9200.24114","0","16-Jan-2023","GDR","5022903","February 14, 2023-KB5022903 (Monthly Rollup)","http://support.microsoft.com/kb/5022903","No LDR Only available","No LDR Only available","No LDR Only available"," ","23-02Rollup"
"Dhcpcore.dll","Net_DHCP_Client","6.2.9200.23144","1","14-Aug-2020","GDR","5022903","February 14, 2023-KB5022903 (Monthly Rollup)","http://support.microsoft.com/kb/5022903","No LDR Only available","No LDR Only available","No LDR Only available"," ","23-02Rollup"
"Dhcpcsvc.dll","Net_DHCP_Client","6.2.9200.23144","1","14-Aug-2020","GDR","5022903","February 14, 2023-KB5022903 (Monthly Rollup)","http://support.microsoft.com/kb/5022903","No LDR Only available","No LDR Only available","No LDR Only available"," ","23-02Rollup"
"Gpprefcl.dll","Dom_GPP","6.2.9200.23963","1","08-Nov-2022","GDR","5022903","February 14, 2023-KB5022903 (Monthly Rollup)","http://support.microsoft.com/kb/5022903","No LDR Only available","No LDR Only available","No LDR Only available","rEX","23-02Rollup"
"Gpme.dll","Dom_GPP","6.2.9200.23176","1","28-Sep-2020","GDR","5022903","February 14, 2023-KB5022903 (Monthly Rollup)","http://support.microsoft.com/kb/5022903","No LDR Only available","No LDR Only available","No LDR Only available"," ","23-02Rollup"
"Gppref.dll","Dom_GPP","6.2.9200.23176","1","28-Sep-2020","GDR","5022903","February 14, 2023-KB5022903 (Monthly Rollup)","http://support.microsoft.com/kb/5022903","No LDR Only available","No LDR Only available","No LDR Only available"," ","23-02Rollup"
"Gpprefbr.dll","Dom_GPP","6.2.9200.23176","1","28-Sep-2020","GDR","5022903","February 14, 2023-KB5022903 (Monthly Rollup)","http://support.microsoft.com/kb/5022903","No LDR Only available","No LDR Only available","No LDR Only available"," ","23-02Rollup"
"Gpprefcn.dll","Dom_GPP","6.2.9200.23176","1","28-Sep-2020","GDR","5022903","February 14, 2023-KB5022903 (Monthly Rollup)","http://support.microsoft.com/kb/5022903","No LDR Only available","No LDR Only available","No LDR Only available"," ","23-02Rollup"
"Gpregistrybrowser.dll","Dom_GPP","6.2.9200.23176","1","28-Sep-2020","GDR","5022903","February 14, 2023-KB5022903 (Monthly Rollup)","http://support.microsoft.com/kb/5022903","No LDR Only available","No LDR Only available","No LDR Only available"," ","23-02Rollup"
"Propshts.dll","Dom_GPP","6.2.9200.23176","1","28-Sep-2020","GDR","5022903","February 14, 2023-KB5022903 (Monthly Rollup)","http://support.microsoft.com/kb/5022903","No LDR Only available","No LDR Only available","No LDR Only available"," ","23-02Rollup"
"Profprov.dll","Dom_ProfProc","6.2.9200.16384","1","11-Oct-2022","GDR","5022903","February 14, 2023-KB5022903 (Monthly Rollup)","http://support.microsoft.com/kb/5022903","No LDR Only available","No LDR Only available","No LDR Only available","rEX","23-02Rollup"
"Profsvc.dll","Dom_ProfProc","6.2.9200.23176","1","28-Sep-2020","GDR","5022903","February 14, 2023-KB5022903 (Monthly Rollup)","http://support.microsoft.com/kb/5022903","No LDR Only available","No LDR Only available","No LDR Only available"," ","23-02Rollup"
"Kerberos.dll","Dom_KERBEROS","6.2.9200.23967","0","08-Nov-2022","GDR","5022903","February 14, 2023-KB5022903 (Monthly Rollup)","http://support.microsoft.com/kb/5022903","No LDR Only available","No LDR Only available","No LDR Only available","rEX","23-02Rollup"
"Nfsclnt.exe","Net_NFS_Client","6.2.9200.1","1","08-Nov-2022","GDR","5022348","January 10, 2023-KB5022348 (Monthly Rollup)","http://support.microsoft.com/kb/5022348","No LDR Only available","No LDR Only available","No LDR Only available"," ","23-01Rollup"
"Nfsnp.dll","Net_NFS_Client","6.2.9200.1","1","08-Nov-2022","GDR","5022348","January 10, 2023-KB5022348 (Monthly Rollup)","http://support.microsoft.com/kb/5022348","No LDR Only available","No LDR Only available","No LDR Only available"," ","23-01Rollup"
"Nfsrdr.sys","Net_NFS_Client","6.2.9200.1","1","08-Nov-2022","GDR","5022348","January 10, 2023-KB5022348 (Monthly Rollup)","http://support.microsoft.com/kb/5022348","No LDR Only available","No LDR Only available","No LDR Only available"," ","23-01Rollup"
"Psxdll.dll","Net_Posix","6.2.9200.1","1","08-Nov-2022","GDR","5022348","January 10, 2023-KB5022348 (Monthly Rollup)","http://support.microsoft.com/kb/5022348","No LDR Only available","No LDR Only available","No LDR Only available"," ","23-01Rollup"
"Psxdllsvr.dll","Net_Posix","6.2.9200.1","1","08-Nov-2022","GDR","5022348","January 10, 2023-KB5022348 (Monthly Rollup)","http://support.microsoft.com/kb/5022348","No LDR Only available","No LDR Only available","No LDR Only available"," ","23-01Rollup"
"Psxss.exe","Net_Posix","6.2.9200.1","1","08-Nov-2022","GDR","5022348","January 10, 2023-KB5022348 (Monthly Rollup)","http://support.microsoft.com/kb/5022348","No LDR Only available","No LDR Only available","No LDR Only available"," ","23-01Rollup"
"Posix.exe","Net_Posix","6.2.9200.1","1","08-Nov-2022","GDR","5022348","January 10, 2023-KB5022348 (Monthly Rollup)","http://support.microsoft.com/kb/5022348","No LDR Only available","No LDR Only available","No LDR Only available"," ","23-01Rollup"
"dnsapi.dll","Net_DNS_Client","6.2.9200.23324","1","14-Mar-2021","GDR","5022903","February 14, 2023-KB5022903 (Monthly Rollup)","http://support.microsoft.com/kb/5022903","No LDR Only available","No LDR Only available","No LDR Only available"," ","23-02Rollup"
"dnsrslvr.dll","Net_DNS_Client","6.2.9200.23115","1","12-Jul-2020","GDR","5022903","February 14, 2023-KB5022903 (Monthly Rollup)","http://support.microsoft.com/kb/5022903","No LDR Only available","No LDR Only available","No LDR Only available"," ","23-02Rollup"
"Dnscacheugc.exe","Net_DNS_Client","6.2.9200.16384","1","11-Oct-2022","GDR","5022903","February 14, 2023-KB5022903 (Monthly Rollup)","http://support.microsoft.com/kb/5022903","No LDR Only available","No LDR Only available","No LDR Only available","rEX","23-02Rollup"
"Rpcss.dll","Net_RPC","6.2.9200.24069","1","10-Jan-2023","GDR","5022903","February 14, 2023-KB5022903 (Monthly Rollup)","http://support.microsoft.com/kb/5022903","No LDR Only available","No LDR Only available","No LDR Only available","rEX","23-02Rollup"
"Rpchttp.dll","Net_RPC","6.2.9200.17103","1","11-Oct-2022","GDR","5022903","February 14, 2023-KB5022903 (Monthly Rollup)","http://support.microsoft.com/kb/5022903","No LDR Only available","No LDR Only available","No LDR Only available","rEX","23-02Rollup"
"Rpcrt4.dll","Net_RPC","6.2.9200.24075","1","10-Jan-2023","GDR","5022903","February 14, 2023-KB5022903 (Monthly Rollup)","http://support.microsoft.com/kb/5022903","No LDR Only available","No LDR Only available","No LDR Only available","rEX","23-02Rollup"
"Bfe.dll","Net_Ipsec_BFE","6.2.9200.23514","1","25-Oct-2021","GDR","5022903","February 14, 2023-KB5022903 (Monthly Rollup)","http://support.microsoft.com/kb/5022903","No LDR Only available","No LDR Only available","No LDR Only available"," ","23-02Rollup"
"Ikeext.dll","Net_Ipsec_BFE","6.2.9200.24070","1","10-Jan-2023","GDR","5022903","February 14, 2023-KB5022903 (Monthly Rollup)","http://support.microsoft.com/kb/5022903","No LDR Only available","No LDR Only available","No LDR Only available","rEX","23-02Rollup"
"Fwpuclnt.dll","Net_Ipsec_BFE","6.2.9200.23514","1","25-Oct-2021","GDR","5022903","February 14, 2023-KB5022903 (Monthly Rollup)","http://support.microsoft.com/kb/5022903","No LDR Only available","No LDR Only available","No LDR Only available"," ","23-02Rollup"
"Iphlpsvc.dll","Net_DirectAccess_Client","6.2.9200.22898","1","04-Oct-2019","GDR","5022903","February 14, 2023-KB5022903 (Monthly Rollup)","http://support.microsoft.com/kb/5022903","No LDR Only available","No LDR Only available","No LDR Only available"," ","23-02Rollup"
"Iphlpsvcmigplugin.dll","Net_DirectAccess_Client","6.2.9200.20604","1","14-Jun-2022","GDR","5022903","February 14, 2023-KB5022903 (Monthly Rollup)","http://support.microsoft.com/kb/5022903","No LDR Only available","No LDR Only available","No LDR Only available","rEX","23-02Rollup"
"Netcorehc.dll","Net_DirectAccess_Client","6.2.9200.16384","1","11-Oct-2022","GDR","5022903","February 14, 2023-KB5022903 (Monthly Rollup)","http://support.microsoft.com/kb/5022903","No LDR Only available","No LDR Only available","No LDR Only available","rEX","23-02Rollup"
"Daotpcredentialprovider.dll","Net_DirectAccess_Client","6.2.9200.1","1","08-Nov-2022","GDR","5022348","January 10, 2023-KB5022348 (Monthly Rollup)","http://support.microsoft.com/kb/5022348","No LDR Only available","No LDR Only available","No LDR Only available"," ","23-01Rollup"
"Rdpcore.dll","Net_DirectAccess_Client","6.2.9200.23509","1","11-Oct-2021","GDR","5022903","February 14, 2023-KB5022903 (Monthly Rollup)","http://support.microsoft.com/kb/5022903","No LDR Only available","No LDR Only available","No LDR Only available"," ","23-02Rollup"
"Damgmt.dll","Net_DirectAccess_Srv","6.2.9200.1","1","08-Nov-2022","GDR","5022348","January 10, 2023-KB5022348 (Monthly Rollup)","http://support.microsoft.com/kb/5022348","No LDR Only available","No LDR Only available","No LDR Only available"," ","23-01Rollup"
"Ramgmtui.exe","Net_DirectAccess_Srv","6.2.9200.1","1","08-Nov-2022","GDR","5022348","January 10, 2023-KB5022348 (Monthly Rollup)","http://support.microsoft.com/kb/5022348","No LDR Only available","No LDR Only available","No LDR Only available"," ","23-01Rollup"
"Ramgmtsvc.dll","Net_DirectAccess_Srv","6.2.9200.1","1","08-Nov-2022","GDR","5022348","January 10, 2023-KB5022348 (Monthly Rollup)","http://support.microsoft.com/kb/5022348","No LDR Only available","No LDR Only available","No LDR Only available"," ","23-01Rollup"
"Rasclusterres.dll","Net_DirectAccess_Srv","6.2.9200.1","1","08-Nov-2022","GDR","5022348","January 10, 2023-KB5022348 (Monthly Rollup)","http://support.microsoft.com/kb/5022348","No LDR Only available","No LDR Only available","No LDR Only available"," ","23-01Rollup"
"Raserverpsprovider.dll","Net_DirectAccess_Srv","6.2.9200.1","1","08-Nov-2022","GDR","5022348","January 10, 2023-KB5022348 (Monthly Rollup)","http://support.microsoft.com/kb/5022348","No LDR Only available","No LDR Only available","No LDR Only available"," ","23-01Rollup"
"dot3svc.dll","Net_IEEE802.1x","6.2.9200.16384","1","11-Oct-2022","GDR","5022903","February 14, 2023-KB5022903 (Monthly Rollup)","http://support.microsoft.com/kb/5022903","No LDR Only available","No LDR Only available","No LDR Only available","rEX","23-02Rollup"
"Rastls.dll","Net_IEEE802.1x","6.2.9200.17103","1","11-Oct-2022","GDR","5022903","February 14, 2023-KB5022903 (Monthly Rollup)","http://support.microsoft.com/kb/5022903","No LDR Only available","No LDR Only available","No LDR Only available","rEX","23-02Rollup"
"wlansvc.dll","Net_WLAN_Client","6.2.9200.23913","1","12-Sep-2022","GDR","5022903","February 14, 2023-KB5022903 (Monthly Rollup)","http://support.microsoft.com/kb/5022903","No LDR Only available","No LDR Only available","No LDR Only available"," ","23-02Rollup"
"wlanmsm.dll","Net_WLAN_Client","6.2.9200.23707","1","13-Apr-2022","GDR","5022903","February 14, 2023-KB5022903 (Monthly Rollup)","http://support.microsoft.com/kb/5022903","No LDR Only available","No LDR Only available","No LDR Only available"," ","23-02Rollup"
"wlanapi.dll","Net_WLAN_Client","6.2.9200.23453","1","06-Aug-2021","GDR","5022903","February 14, 2023-KB5022903 (Monthly Rollup)","http://support.microsoft.com/kb/5022903","No LDR Only available","No LDR Only available","No LDR Only available"," ","23-02Rollup"
"wlansec.dll","Net_WLAN_Client","6.2.9200.23707","1","13-Apr-2022","GDR","5022903","February 14, 2023-KB5022903 (Monthly Rollup)","http://support.microsoft.com/kb/5022903","No LDR Only available","No LDR Only available","No LDR Only available"," ","23-02Rollup"
"wlansvcpal.dll","Net_WLAN_Client","6.2.9200.1","1","08-Nov-2022","GDR","5022348","January 10, 2023-KB5022348 (Monthly Rollup)","http://support.microsoft.com/kb/5022348","No LDR Only available","No LDR Only available","No LDR Only available"," ","23-01Rollup"
"wlanhlp.dll","Net_WLAN_Client","6.2.9200.20555","1","05-Nov-2012","GDR","5022903","February 14, 2023-KB5022903 (Monthly Rollup)","http://support.microsoft.com/kb/5022903","No LDR Only available","No LDR Only available","No LDR Only available"," ","23-02Rollup"
"Netcfgx.dll","Net_Config","6.2.9200.23213","1","14-Jun-2022","GDR","5022903","February 14, 2023-KB5022903 (Monthly Rollup)","http://support.microsoft.com/kb/5022903","No LDR Only available","No LDR Only available","No LDR Only available","rEX","23-02Rollup"
"Rasapi32.dll","HNV_Net","6.2.9200.23294","1","05-Feb-2021","GDR","5022903","February 14, 2023-KB5022903 (Monthly Rollup)","http://support.microsoft.com/kb/5022903","No LDR Only available","No LDR Only available","No LDR Only available"," ","23-02Rollup"
"Mprapi.dll","HNV_Net","6.2.9200.16384","1","11-Oct-2022","GDR","5022903","February 14, 2023-KB5022903 (Monthly Rollup)","http://support.microsoft.com/kb/5022903","No LDR Only available","No LDR Only available","No LDR Only available","rEX","23-02Rollup"
"webio.dll","Net_BranchCache","6.2.9200.21797","1","08.03.2016","LDR","3140245 (v1.0)","A new registry key enables TLS 1.1 and TLS 1.2 to default secure protocols in WinHTTP in Windows","http://support.microsoft.com/kb/3140245","3140245 (v1.0)","A new registry key enables TLS 1.1 and TLS 1.2 to default secure protocols in WinHTTP in Windows","http://support.microsoft.com/kb/3140245","rEX","No Rollup"
"Smbhash.exe","Net_BranchCache","6.2.9200.1","1","08-Nov-2022","GDR","5022348","January 10, 2023-KB5022348 (Monthly Rollup)","http://support.microsoft.com/kb/5022348","No LDR Only available","No LDR Only available","No LDR Only available"," ","23-01Rollup"
"Pacer.sys","Net_QoS","6.2.9200.16384","1","11-Oct-2022","GDR","5022903","February 14, 2023-KB5022903 (Monthly Rollup)","http://support.microsoft.com/kb/5022903","No LDR Only available","No LDR Only available","No LDR Only available","rEX","23-02Rollup"
"Mpsdrv.sys","Net_Firewall","6.2.9200.22544","1","10-Aug-2018","GDR","5022903","February 14, 2023-KB5022903 (Monthly Rollup)","http://support.microsoft.com/kb/5022903","No LDR Only available","No LDR Only available","No LDR Only available"," ","23-02Rollup"
"MpsSvc.dll","Net_Firewall","6.2.9200.22376","1","23-Feb-2018","GDR","5022903","February 14, 2023-KB5022903 (Monthly Rollup)","http://support.microsoft.com/kb/5022903","No LDR Only available","No LDR Only available","No LDR Only available"," ","23-02Rollup"
"qmgr.dll","Net_BiTS","7.6.9200.23054","1","05-May-2020","GDR","5022903","February 14, 2023-KB5022903 (Monthly Rollup)","http://support.microsoft.com/kb/5022903","No LDR Only available","No LDR Only available","No LDR Only available"," ","23-02Rollup"
"rasmans.dll","Net_VPN","6.2.9200.23701","1","04-Apr-2022","GDR","5022903","February 14, 2023-KB5022903 (Monthly Rollup)","http://support.microsoft.com/kb/5022903","No LDR Only available","No LDR Only available","No LDR Only available"," ","23-02Rollup"
"Vmswitch.sys","Hyper-V_Net","6.2.9200.23767","1","17-Jun-2022","GDR","5022903","February 14, 2023-KB5022903 (Monthly Rollup)","http://support.microsoft.com/kb/5022903","No LDR Only available","No LDR Only available","No LDR Only available","rEX","23-02Rollup"
"mslbfoprovider.sys","Hyper-V_Net","6.2.9200.20764","1","03.08.2013","LDRGDR","2862768 (v1.3)","Windows RT, Windows 8, and Windows Server 2012 update rollup: August 2013","http://support.microsoft.com/kb/2862768","No LDR Only available","No LDR Only available","No LDR Only available","rEX","13-08Rollup"
"Wnv.sys","Hyper-V_Net","6.2.9200.1","1","08-Nov-2022","GDR","5022348","January 10, 2023-KB5022348 (Monthly Rollup)","http://support.microsoft.com/kb/5022348","No LDR Only available","No LDR Only available","No LDR Only available"," ","23-01Rollup"
"Vmsntfy.dll","Hyper-V_Net","6.2.9200.23274","1","18-Jan-2021","GDR","5022903","February 14, 2023-KB5022903 (Monthly Rollup)","http://support.microsoft.com/kb/5022903","No LDR Only available","No LDR Only available","No LDR Only available"," ","23-02Rollup"
"Ndisimplatform.sys","Hyper-V_Net","6.2.9200.16384","1","11-Oct-2022","GDR","5022903","February 14, 2023-KB5022903 (Monthly Rollup)","http://support.microsoft.com/kb/5022903","No LDR Only available","No LDR Only available","No LDR Only available","rEX","23-02Rollup"
"Vmms.exe","Hyper-V_Net","6.2.9200.24012","1","09-Nov-2022","GDR","5022903","February 14, 2023-KB5022903 (Monthly Rollup)","http://support.microsoft.com/kb/5022903","No LDR Only available","No LDR Only available","No LDR Only available"," ","23-02Rollup"
"Winnat.sys","Hyper-V_Net","6.2.9200.23483","1","10-Sep-2021","GDR","5022903","February 14, 2023-KB5022903 (Monthly Rollup)","http://support.microsoft.com/kb/5022903","No LDR Only available","No LDR Only available","No LDR Only available"," ","23-02Rollup"
"pvhdparser.sys","Hyper-V_Net","6.2.9200.1","1","08-Nov-2022","GDR","5022348","January 10, 2023-KB5022348 (Monthly Rollup)","http://support.microsoft.com/kb/5022348","No LDR Only available","No LDR Only available","No LDR Only available"," ","23-01Rollup"
"Wmisvc.dll","Hyper-V_Net","6.2.9200.23115","1","12-Jul-2020","GDR","5022903","February 14, 2023-KB5022903 (Monthly Rollup)","http://support.microsoft.com/kb/5022903","No LDR Only available","No LDR Only available","No LDR Only available"," ","23-02Rollup"
"Vmbus.sys","Hyper-V_Net","6.3.9600.18398","1","10-Jan-2023","GDR","5022903","February 14, 2023-KB5022903 (Monthly Rollup)","http://support.microsoft.com/kb/5022903","No LDR Only available","No LDR Only available","No LDR Only available","rEX","23-02Rollup"
"5001401","Win2012_21_04_SSU_KB","KBOnlyVersion","0","13-Apr-2021","GDR","5001401","KB5001401: Servicing stack update for Windows Server 2012: April 13, 2021","http://support.microsoft.com/kb/5001401","No LDR Only available","No LDR Only available","No LDR Only available"," ","No Rollup"
"2756872","Win2012_12_10_rollup_KB"," ","0","23.09.2012","GDR","2756872 (v1.0)","Windows 8 Client and Windows Server 2012 General Availability Update Rollup","http://support.microsoft.com/kb/2756872","No LDR Only available","No LDR Only available","No LDR Only available"," ","12-10Rollup"
"2770917","Win2012_12_11_rollup_KB"," ","0","14.10.2012","GDR","2770917 (v1.0)","Windows 8 and Windows Server 2012 update rollup: November 2012","http://support.microsoft.com/kb/2770917","No LDR Only available","No LDR Only available","No LDR Only available"," ","12-11Rollup"
"2779768","Win2012_12_12_rollup_KB"," ","0","09.11.2012","GDR","2779768 (v1.1)","Windows 8 and Windows Server 2012 update rollup: December 2012","http://support.microsoft.com/kb/2779768","No LDR Only available","No LDR Only available","No LDR Only available"," ","12-12Rollup"
"2785094","Win2012_13_01_rollup_KB"," ","0","29.11.2012","GDR","2785094 (v1.2)","Windows 8 and Windows Server 2012 update rollup: January 2013","http://support.microsoft.com/kb/2785094","No LDR Only available","No LDR Only available","No LDR Only available"," ","13-01Rollup"
"2795944","Win2012_13_02_rollup_KB"," ","0","11.01.2013","GDR","2795944 (v1.1)","Windows 8 and Windows Server 2012 update rollup: February 2013","http://support.microsoft.com/kb/2795944","No LDR Only available","No LDR Only available","No LDR Only available"," ","13-02Rollup"
"2811660","Win2012_13_03_rollup_KB"," ","0","04.02.2013","GDR","2811660 (v1.0)","Windows 8 and Windows Server 2012 update rollup: March 2013","http://support.microsoft.com/kb/2811660","No LDR Only available","No LDR Only available","No LDR Only available"," ","13-03Rollup"
"2822241","Win2012_13_04_rollup_KB"," ","0","05.03.2013","GDR","2822241 (v1.0)","Windows 8 and Windows Server 2012 update rollup: April 2013","http://support.microsoft.com/kb/2822241","No LDR Only available","No LDR Only available","No LDR Only available"," ","13-04Rollup"
"2836988","Win2012_13_05_rollup_KB"," ","0","11.04.2013","GDR","2836988 (v1.0)","Windows 8 and Windows Server 2012 update rollup: May 2013","http://support.microsoft.com/kb/2836988","No LDR Only available","No LDR Only available","No LDR Only available"," ","13-05Rollup"
"2845533","Win2012_13_06_rollup_KB"," ","0","07.05.2013","GDR","2845533 (v1.2)","Windows RT, Windows 8, and Windows Server 2012 update rollup: June 2013","http://support.microsoft.com/kb/2845533","No LDR Only available","No LDR Only available","No LDR Only available"," ","13-06Rollup"
"2855336","Win2012_13_07_rollup_KB"," ","0","02.06.2013","GDR","2855336 (v1.0)","Windows RT, Windows 8, and Windows Server 2012 update rollup: July 2013","http://support.microsoft.com/kb/2855336","No LDR Only available","No LDR Only available","No LDR Only available"," ","13-07Rollup"
"2862768","Win2012_13_08_rollup_KB"," ","0","02.07.2013","GDR","2862768 (v1.0)","Windows RT, Windows 8, and Windows Server 2012 update rollup: August 2013","http://support.microsoft.com/kb/2862768","No LDR Only available","No LDR Only available","No LDR Only available"," ","13-08Rollup"
"2876415","Win2012_13_09_rollup_KB"," ","0","02.08.2013","GDR","2876415 (v1.0)","Windows RT, Windows 8, and Windows Server 2012 update rollup: September 2013","http://support.microsoft.com/kb/2876415","No LDR Only available","No LDR Only available","No LDR Only available"," ","13-09Rollup"
"2883201","Win2012_13_10_rollup_KB"," ","0","02.09.2013","GDR","2883201 (v1.0)","Windows RT, Windows 8, and Windows Server 2012 update rollup: October 2013","http://support.microsoft.com/kb/2883201","No LDR Only available","No LDR Only available","No LDR Only available"," ","13-10Rollup"
"2889784","Win2012_13_11_rollup_KB"," ","0","02.10.2013","GDR","2889784 (v1.0)","Windows RT, Windows 8, and Windows Server 2012 update rollup: November 2013","http://support.microsoft.com/kb/2889784","No LDR Only available","No LDR Only available","No LDR Only available"," ","13-11Rollup"
"2903938","Win2012_13_12_rollup_KB"," ","0","02.11.2013","GDR","2903938 (v1.0)","Windows RT, Windows 8, and Windows Server 2012 update rollup: December 2013","http://support.microsoft.com/kb/2903938","No LDR Only available","No LDR Only available","No LDR Only available"," ","13-12Rollup"
"2911101","Win2012_14_01_rollup_KB"," ","0","02.12.2013","GDR","2911101 (v1.0)","Windows RT, Windows 8, and Windows Server 2012 update rollup: January 2014","http://support.microsoft.com/kb/2911101","No LDR Only available","No LDR Only available","No LDR Only available"," ","14-01Rollup"
"2919393","Win2012_14_02_rollup_KB"," ","0","02.01.2014","GDR","2919393 (v1.0)","Windows RT, Windows 8, and Windows Server 2012 update rollup: February 2014","http://support.microsoft.com/kb/2919393","No LDR Only available","No LDR Only available","No LDR Only available"," ","14-02Rollup"
"2928678","Win2012_14_03_rollup_KB"," ","0","02.02.2014","GDR","2928678 (v1.0)","Windows RT, Windows 8, and Windows Server 2012 update rollup: March 2014","http://support.microsoft.com/kb/2928678","No LDR Only available","No LDR Only available","No LDR Only available"," ","14-03Rollup"
"2934016","Win2012_14_04_rollup_KB"," ","0","02.03.2014","GDR","2934016 (v1.0)","Windows RT, Windows 8, and Windows Server 2012 update rollup: April 2014","http://support.microsoft.com/kb/2934016","No LDR Only available","No LDR Only available","No LDR Only available"," ","14-04Rollup"
"2955163","Win2012_14_05_rollup_KB"," ","0","02.04.2014","GDR","2955163 (v1.0)","Windows RT, Windows 8, and Windows Server 2012 update rollup: May 2014","http://support.microsoft.com/kb/2955163","No LDR Only available","No LDR Only available","No LDR Only available"," ","14-05Rollup"
"2962407","Win2012_14_06_rollup_KB"," ","0","02.05.2014","GDR","2962407 (v1.0)","Windows RT, Windows 8, and Windows Server 2012 update rollup: June 2014","http://support.microsoft.com/kb/2962407","No LDR Only available","No LDR Only available","No LDR Only available"," ","14-06Rollup"
"2967916","Win2012_14_07_rollup_KB"," ","0","02.06.2014","GDR","2967916 (v1.0)","July 2014 update rollup for Windows RT, Windows 8, and Windows Server 2012","http://support.microsoft.com/kb/2967916","No LDR Only available","No LDR Only available","No LDR Only available"," ","14-07Rollup"
"2975331","Win2012_14_08_rollup_KB"," ","0","12.08.2014","GDR","2975331 (v1.0)","August 2014 update rollup for Windows RT, Windows 8, and Windows Server 2012","http://support.microsoft.com/kb/2975331","No LDR Only available","No LDR Only available","No LDR Only available"," ","14-08Rollup"
"2984005","Win2012_14_09_rollup_KB"," ","0","10.09.2014","GDR","2984005 (v2.0)","September 2014 update rollup for Windows RT, Windows 8, and Windows Server 2012","http://support.microsoft.com/kb/2984005","No LDR Only available","No LDR Only available","No LDR Only available"," ","14-09Rollup"
"2995387","Win2012_14_10_rollup_KB"," ","0","15.10.2014","GDR","2995387 (v2.0)","October 2014 update rollup for Windows RT, Windows 8, and Windows Server 2012","http://support.microsoft.com/kb/2995387","No LDR Only available","No LDR Only available","No LDR Only available"," ","14-10Rollup"
"3000853","Win2012_14_11_rollup_KB"," ","0","15.11.2014","GDR","3000853 (v2.0)","November 2014 update rollup for Windows RT, Windows 8, and Windows Server 2012","http://support.microsoft.com/kb/3000853","No LDR Only available","No LDR Only available","No LDR Only available"," ","14-11Rollup"
"3013767","Win2012_14_12_rollup_KB"," ","0","10.12.2014","GDR","3013767 (v2.0)","December 2014 update rollup for Windows RT, Windows 8, and Windows Server 2012","http://support.microsoft.com/kb/3013767","No LDR Only available","No LDR Only available","No LDR Only available"," ","14-12Rollup"
"3156416","Win2012_16_05_rollup_KB"," ","0","17.05.2016","GDR","3156416 (v1.0)","May 2016 update rollup for Windows Server 2012","http://support.microsoft.com/kb/3156416","No LDR Only available","No LDR Only available","No LDR Only available"," ","16-05Rollup"
"3161609","Win2012_16_06_rollup_KB"," ","0","21.06.2016","GDR","3161609 (v1.0)","June 2016 update rollup for Windows Server 2012","http://support.microsoft.com/kb/3161609","No LDR Only available","No LDR Only available","No LDR Only available"," ","16-06Rollup"
"3172615","Win2012_16_07_rollup_KB"," ","0","19.07.2016","GDR","3172615 (v1.0)","July 2016 update rollup for Windows Server 2012","http://support.microsoft.com/kb/3172615","No LDR Only available","No LDR Only available","No LDR Only available"," ","16-07Rollup"
"3179575","Win2012_16_08_rollup_KB"," ","0","16.08.2016","GDR","3179575 (v1.0)","August 2016 update rollup for Windows Server 2012","http://support.microsoft.com/kb/3179575","No LDR Only available","No LDR Only available","No LDR Only available"," ","16-08Rollup"
"5022903","Win2012_23-02_B_rollup_KB"," ","0","14-Feb-2023","GDR","5022903","February 14, 2023-KB5022903 (Monthly Rollup)","http://support.microsoft.com/kb/5022903","No LDR Only available","No LDR Only available","No LDR Only available"," ","23-02Rollup"
