"Binary","Component","Version","Prio","Published","Branch","Article","Title","Link","LDROnlyKB","LDROnlyTitle","LDROnlyLink","Comment","RollupInfo"
"Netlogon.dll","Dom_NETLOGON","6.2.20348.1487","0","03-Feb-2023","GDR","5022842","February 14, 2023-KB5022842 (OS Build 20348.1547)","http://support.microsoft.com/kb/5022842","No LDR Only available","No LDR Only available","No LDR Only available"," ","23-02Rollup"
"LogonCli.dll","Dom_NETLOGON","6.2.20348.1194","0","03-Feb-2023","GDR","5022842","February 14, 2023-KB5022842 (OS Build 20348.1547)","http://support.microsoft.com/kb/5022842","No LDR Only available","No LDR Only available","No LDR Only available"," ","23-02Rollup"
"Winlogon.exe","Dom_WINLOGON","6.2.20348.1547","0","03-Feb-2023","GDR","5022842","February 14, 2023-KB5022842 (OS Build 20348.1547)","http://support.microsoft.com/kb/5022842","No LDR Only available","No LDR Only available","No LDR Only available"," ","23-02Rollup"
"Kerberos.dll","Dom_KERBEROS","6.2.20348.1547","0","03-Feb-2023","GDR","5022842","February 14, 2023-KB5022842 (OS Build 20348.1547)","http://support.microsoft.com/kb/5022842","No LDR Only available","No LDR Only available","No LDR Only available"," ","23-02Rollup"
"Msv1_0.dll","Dom_NTLM","6.2.20348.1487","1","03-Feb-2023","GDR","5022842","February 14, 2023-KB5022842 (OS Build 20348.1547)","http://support.microsoft.com/kb/5022842","No LDR Only available","No LDR Only available","No LDR Only available"," ","23-02Rollup"
"Wldap32.dll","Dom_LDAPClient","6.2.20348.1487","0","03-Feb-2023","GDR","5022842","February 14, 2023-KB5022842 (OS Build 20348.1547)","http://support.microsoft.com/kb/5022842","No LDR Only available","No LDR Only available","No LDR Only available"," ","23-02Rollup"
"Lsass.exe","Dom_LSA","6.2.20348.1194","0","03-Feb-2023","GDR","5022842","February 14, 2023-KB5022842 (OS Build 20348.1547)","http://support.microsoft.com/kb/5022842","No LDR Only available","No LDR Only available","No LDR Only available"," ","23-02Rollup"
"Lsasrv.dll","Dom_LSA","6.2.20348.1547","0","03-Feb-2023","GDR","5022842","February 14, 2023-KB5022842 (OS Build 20348.1547)","http://support.microsoft.com/kb/5022842","No LDR Only available","No LDR Only available","No LDR Only available"," ","23-02Rollup"
"Ksecdd.sys","Dom_LSA","6.2.20348.1194","0","03-Feb-2023","GDR","5022842","February 14, 2023-KB5022842 (OS Build 20348.1547)","http://support.microsoft.com/kb/5022842","No LDR Only available","No LDR Only available","No LDR Only available"," ","23-02Rollup"
"Ksecpkg.sys","Dom_LSA","6.2.20348.1547","0","03-Feb-2023","GDR","5022842","February 14, 2023-KB5022842 (OS Build 20348.1547)","http://support.microsoft.com/kb/5022842","No LDR Only available","No LDR Only available","No LDR Only available"," ","23-02Rollup"
"Secur32.dll","Dom_LSA","6.2.20348.1487","0","03-Feb-2023","GDR","5022842","February 14, 2023-KB5022842 (OS Build 20348.1547)","http://support.microsoft.com/kb/5022842","No LDR Only available","No LDR Only available","No LDR Only available"," ","23-02Rollup"
"Sspicli.dll","Dom_LSA","6.2.20348.1194","0","03-Feb-2023","GDR","5022842","February 14, 2023-KB5022842 (OS Build 20348.1547)","http://support.microsoft.com/kb/5022842","No LDR Only available","No LDR Only available","No LDR Only available"," ","23-02Rollup"
"Sspisrv.dll","Dom_LSA","6.2.20348.1194","0","03-Feb-2023","GDR","5022842","February 14, 2023-KB5022842 (OS Build 20348.1547)","http://support.microsoft.com/kb/5022842","No LDR Only available","No LDR Only available","No LDR Only available"," ","23-02Rollup"
"Schannel.dll","Dom_LSA","6.2.20348.1547","0","03-Feb-2023","GDR","5022842","February 14, 2023-KB5022842 (OS Build 20348.1547)","http://support.microsoft.com/kb/5022842","No LDR Only available","No LDR Only available","No LDR Only available"," ","23-02Rollup"
"dpapisvr.dll","Dom_LSA","6.2.20348.1","0","","RTM","5022842","","","","","","",""
"Scesrv.dll","Dom_SecAuditAndConfig","6.2.20348.1129","1","03-Feb-2023","GDR","5022842","February 14, 2023-KB5022842 (OS Build 20348.1547)","http://support.microsoft.com/kb/5022842","No LDR Only available","No LDR Only available","No LDR Only available"," ","23-02Rollup"
"AclUI.dll","Dom_SecAuditAndConfig","6.2.20348.380","1","03-Feb-2023","GDR","5022842","February 14, 2023-KB5022842 (OS Build 20348.1547)","http://support.microsoft.com/kb/5022842","No LDR Only available","No LDR Only available","No LDR Only available"," ","23-02Rollup"
"Winscard.dll","Dom_SC_Provider","6.2.20348.1","1","","RTM","5022842","","","","","","",""
"Basecsp.dll","Dom_SC_Provider","6.2.20348.1","1","","RTM","5022842","","","","","","",""
"Scksp.dll","Dom_SC_Provider","6.2.20348.1","1","","RTM","5022842","","","","","","",""
"ScardSvr.dll","Dom_SC_Srv","6.2.20348.1487","1","03-Feb-2023","GDR","5022842","February 14, 2023-KB5022842 (OS Build 20348.1547)","http://support.microsoft.com/kb/5022842","No LDR Only available","No LDR Only available","No LDR Only available"," ","23-02Rollup"
"Scfilter.sys","Dom_SC_Srv","6.2.20348.1","1","","RTM","5022842","","","","","","",""
"Certprop.dll","Dom_SC_Srv","6.2.20348.1","1","","RTM","5022842","","","","","","",""
"Crypt32.dll","Dom_CRYPTO","6.2.20348.1194","1","03-Feb-2023","GDR","5022842","February 14, 2023-KB5022842 (OS Build 20348.1547)","http://support.microsoft.com/kb/5022842","No LDR Only available","No LDR Only available","No LDR Only available"," ","23-02Rollup"
"Cryptsvc.dll","Dom_CRYPTO","6.2.20348.1","1","","RTM","5022842","","","","","","",""
"Cryptnet.dll","Dom_CRYPTO","6.2.20348.1","1","","RTM","5022842","","","","","","",""
"Wintrust.dll","Dom_CRYPTO","6.2.20348.1487","1","03-Feb-2023","GDR","5022842","February 14, 2023-KB5022842 (OS Build 20348.1547)","http://support.microsoft.com/kb/5022842","No LDR Only available","No LDR Only available","No LDR Only available"," ","23-02Rollup"
"Cryptdll.dll","Dom_CRYPTO","6.2.20348.1","1","","RTM","5022842","","","","","","",""
"Cryptcatsvc.dll","Dom_CRYPTO","6.2.20348.1","1","","RTM","5022842","","","","","","",""
"Dimsroam.dll","Dom_DIMS","6.2.20348.1006","1","03-Feb-2023","GDR","5022842","February 14, 2023-KB5022842 (OS Build 20348.1547)","http://support.microsoft.com/kb/5022842","No LDR Only available","No LDR Only available","No LDR Only available"," ","23-02Rollup"
"Dimsjob.dll","Dom_DIMS","6.2.20348.1","1","","RTM","5022842","","","","","","",""
"Adprovider.dll","Dom_DIMS","6.2.20348.1006","1","03-Feb-2023","GDR","5022842","February 14, 2023-KB5022842 (OS Build 20348.1547)","http://support.microsoft.com/kb/5022842","No LDR Only available","No LDR Only available","No LDR Only available"," ","23-02Rollup"
"Capiprovider.dll","Dom_DIMS","6.2.20348.1006","1","03-Feb-2023","GDR","5022842","February 14, 2023-KB5022842 (OS Build 20348.1547)","http://support.microsoft.com/kb/5022842","No LDR Only available","No LDR Only available","No LDR Only available"," ","23-02Rollup"
"Cngprovider.dll","Dom_DIMS","6.2.20348.1006","1","03-Feb-2023","GDR","5022842","February 14, 2023-KB5022842 (OS Build 20348.1547)","http://support.microsoft.com/kb/5022842","No LDR Only available","No LDR Only available","No LDR Only available"," ","23-02Rollup"
"Dpapiprovider.dll","Dom_DIMS","6.2.20348.1006","1","03-Feb-2023","GDR","5022842","February 14, 2023-KB5022842 (OS Build 20348.1547)","http://support.microsoft.com/kb/5022842","No LDR Only available","No LDR Only available","No LDR Only available"," ","23-02Rollup"
"Wincredprovider.dll","Dom_DIMS","6.2.20348.1006","1","03-Feb-2023","GDR","5022842","February 14, 2023-KB5022842 (OS Build 20348.1547)","http://support.microsoft.com/kb/5022842","No LDR Only available","No LDR Only available","No LDR Only available"," ","23-02Rollup"
"Gpapi.dll","Dom_GPSVC","6.2.20348.1006","1","13-Sep-2022","GDR","5022842","February 14, 2023-KB5022842 (OS Build 20348.1547)","http://support.microsoft.com/kb/5022842","No LDR Only available","No LDR Only available","No LDR Only available","rEX","23-02Rollup"
"Gpsvc.dll","Dom_GPSVC","6.2.20348.1547","1","03-Feb-2023","GDR","5022842","February 14, 2023-KB5022842 (OS Build 20348.1547)","http://support.microsoft.com/kb/5022842","No LDR Only available","No LDR Only available","No LDR Only available"," ","23-02Rollup"
"Gpmgmt.dll","Dom_GPSVC","6.2.20348.1129","1","03-Feb-2023","GDR","5022842","February 14, 2023-KB5022842 (OS Build 20348.1547)","http://support.microsoft.com/kb/5022842","No LDR Only available","No LDR Only available","No LDR Only available"," ","23-02Rollup"
"Gprsop.dll","Dom_GPSVC","6.2.20348.380","1","03-Feb-2023","GDR","5022842","February 14, 2023-KB5022842 (OS Build 20348.1547)","http://support.microsoft.com/kb/5022842","No LDR Only available","No LDR Only available","No LDR Only available"," ","23-02Rollup"
"Userenv.dll","Dom_GPSVC","6.2.20348.1","1","","RTM","5022842","","","","","","",""
"Gpprnext.dll","Dom_GPExt","6.2.20348.1","1","","RTM","5022842","","","","","","",""
"Appmgmts.dll","Dom_GPExt","6.2.20348.1","1","","RTM","5022842","","","","","","",""
"Gpprefcl.dll","Dom_GPP","6.2.20348.1249","1","03-Feb-2023","GDR","5022842","February 14, 2023-KB5022842 (OS Build 20348.1547)","http://support.microsoft.com/kb/5022842","No LDR Only available","No LDR Only available","No LDR Only available"," ","23-02Rollup"
"Gpme.dll","Dom_GPP","6.2.20348.1070","1","03-Feb-2023","GDR","5022842","February 14, 2023-KB5022842 (OS Build 20348.1547)","http://support.microsoft.com/kb/5022842","No LDR Only available","No LDR Only available","No LDR Only available"," ","23-02Rollup"
"Gppref.dll","Dom_GPP","6.2.20348.1366","1","13-Dec-2022","GDR","5022842","February 14, 2023-KB5022842 (OS Build 20348.1547)","http://support.microsoft.com/kb/5022842","No LDR Only available","No LDR Only available","No LDR Only available","rEX","23-02Rollup"
"Gpprefbr.dll","Dom_GPP","6.2.20348.1487","1","10-Jan-2023","GDR","5022842","February 14, 2023-KB5022842 (OS Build 20348.1547)","http://support.microsoft.com/kb/5022842","No LDR Only available","No LDR Only available","No LDR Only available","rEX","23-02Rollup"
"Gpprefcn.dll","Dom_GPP","6.2.20348.1129","1","03-Feb-2023","GDR","5022842","February 14, 2023-KB5022842 (OS Build 20348.1547)","http://support.microsoft.com/kb/5022842","No LDR Only available","No LDR Only available","No LDR Only available"," ","23-02Rollup"
"Gpregistrybrowser.dll","Dom_GPP","6.2.20348.1070","1","03-Feb-2023","GDR","5022842","February 14, 2023-KB5022842 (OS Build 20348.1547)","http://support.microsoft.com/kb/5022842","No LDR Only available","No LDR Only available","No LDR Only available"," ","23-02Rollup"
"Propshts.dll","Dom_GPP","6.2.20348.1129","1","03-Feb-2023","GDR","5022842","February 14, 2023-KB5022842 (OS Build 20348.1547)","http://support.microsoft.com/kb/5022842","No LDR Only available","No LDR Only available","No LDR Only available"," ","23-02Rollup"
"Repdrvfs.dll","Core_WMI","6.2.20348.1547","0","03-Feb-2023","GDR","5022842","February 14, 2023-KB5022842 (OS Build 20348.1547)","http://support.microsoft.com/kb/5022842","No LDR Only available","No LDR Only available","No LDR Only available"," ","23-02Rollup"
"Profprov.dll","Dom_ProfProc","6.2.20348.1","1","","RTM","5022842","","","","","","",""
"Profsvc.dll","Dom_ProfProc","6.2.20348.1547","1","03-Feb-2023","GDR","5022842","February 14, 2023-KB5022842 (OS Build 20348.1547)","http://support.microsoft.com/kb/5022842","No LDR Only available","No LDR Only available","No LDR Only available"," ","23-02Rollup"
"Fdeploy.dll","Dom_FolderRedir","6.2.20348.1","1","","RTM","5022842","","","","","","",""
"Csc.sys","Net_CSC_Offline","6.2.20348.946","1","03-Feb-2023","GDR","5022842","February 14, 2023-KB5022842 (OS Build 20348.1547)","http://support.microsoft.com/kb/5022842","No LDR Only available","No LDR Only available","No LDR Only available"," ","23-02Rollup"
"Cscapi.dll","Net_CSC_Offline","6.2.20348.1","1","","RTM","5022842","","","","","","",""
"Cscdll.dll","Net_CSC_Offline","6.2.20348.1","1","","RTM","5022842","","","","","","",""
"Cscsvc.dll","Net_CSC_Offline","6.2.20348.1070","1","03-Feb-2023","GDR","5022842","February 14, 2023-KB5022842 (OS Build 20348.1547)","http://support.microsoft.com/kb/5022842","No LDR Only available","No LDR Only available","No LDR Only available"," ","23-02Rollup"
"Cscmig.dll","Net_CSC_Offline","6.2.20348.946","1","03-Feb-2023","GDR","5022842","February 14, 2023-KB5022842 (OS Build 20348.1547)","http://support.microsoft.com/kb/5022842","No LDR Only available","No LDR Only available","No LDR Only available"," ","23-02Rollup"
"Cscui.dll","Net_CSC_Offline","6.2.20348.1","1","","RTM","5022842","","","","","","",""
"Esent.dll","Dom_ESENT","6.2.20348.1487","0","03-Feb-2023","GDR","5022842","February 14, 2023-KB5022842 (OS Build 20348.1547)","http://support.microsoft.com/kb/5022842","No LDR Only available","No LDR Only available","No LDR Only available"," ","23-02Rollup"
"Ntdsai.dll","Dom_NTDSAI","6.2.20348.1547","0","03-Feb-2023","GDR","5022842","February 14, 2023-KB5022842 (OS Build 20348.1547)","http://support.microsoft.com/kb/5022842","No LDR Only available","No LDR Only available","No LDR Only available"," ","23-02Rollup"
"Ntdsutil.exe","Dom_NTDSAI","6.2.20348.1487","0","03-Feb-2023","GDR","5022842","February 14, 2023-KB5022842 (OS Build 20348.1547)","http://support.microsoft.com/kb/5022842","No LDR Only available","No LDR Only available","No LDR Only available"," ","23-02Rollup"
"Samsrv.dll","Dom_SAMSRV","6.2.20348.1194","0","03-Feb-2023","GDR","5022842","February 14, 2023-KB5022842 (OS Build 20348.1547)","http://support.microsoft.com/kb/5022842","No LDR Only available","No LDR Only available","No LDR Only available"," ","23-02Rollup"
"Samlib.dll","Dom_SAMSRV","6.2.20348.1194","0","18-Oct-2022","GDR","5022842","February 14, 2023-KB5022842 (OS Build 20348.1547)","http://support.microsoft.com/kb/5022842","No LDR Only available","No LDR Only available","No LDR Only available","rEX","23-02Rollup"
"Kdcsvc.dll","Dom_KDCSVC","6.2.20348.1547","0","03-Feb-2023","GDR","5022842","February 14, 2023-KB5022842 (OS Build 20348.1547)","http://support.microsoft.com/kb/5022842","No LDR Only available","No LDR Only available","No LDR Only available"," ","23-02Rollup"
"Dfsrs.exe","Dom_DFS-R","6.2.20348.502","0","03-Feb-2023","GDR","5022842","February 14, 2023-KB5022842 (OS Build 20348.1547)","http://support.microsoft.com/kb/5022842","No LDR Only available","No LDR Only available","No LDR Only available"," ","23-02Rollup"
"Dfsrress.dll","Dom_DFS-R","6.2.20348.380","0","03-Feb-2023","GDR","5022842","February 14, 2023-KB5022842 (OS Build 20348.1547)","http://support.microsoft.com/kb/5022842","No LDR Only available","No LDR Only available","No LDR Only available"," ","23-02Rollup"
"Dfsrro.sys","Dom_DFS-R","6.2.20348.1","0","","RTM","5022842","","","","","","",""
"Microsoft.identityserver.service.dll","Dom_ADFS","6.2.20348.1547","0","03-Feb-2023","GDR","5022842","February 14, 2023-KB5022842 (OS Build 20348.1547)","http://support.microsoft.com/kb/5022842","No LDR Only available","No LDR Only available","No LDR Only available"," ","23-02Rollup"
"Microsoft.identityserver.webhost.dll","Dom_ADFS","6.2.20348.1","0","","RTM","5022842","","","","","","",""
"Microsoft.identityserver.web.dll","Dom_ADFS","6.2.20348.1194","0","03-Feb-2023","GDR","5022842","February 14, 2023-KB5022842 (OS Build 20348.1547)","http://support.microsoft.com/kb/5022842","No LDR Only available","No LDR Only available","No LDR Only available"," ","23-02Rollup"
"Microsoft.identityserver.dll","Dom_ADFS","6.2.20348.1547","0","03-Feb-2023","GDR","5022842","February 14, 2023-KB5022842 (OS Build 20348.1547)","http://support.microsoft.com/kb/5022842","No LDR Only available","No LDR Only available","No LDR Only available"," ","23-02Rollup"
"Microsoft.identityserver.proxyservice.exe","Dom_ADFS","6.2.20348.1","0","","RTM","5022842","","","","","","",""
"5022842","Win2022_23-02_B_rollup_KB"," ","0","14-Feb-2023","GDR","5022842","February 14, 2023-KB5022842 (OS Build 20348.1547)","http://support.microsoft.com/kb/5022842","No LDR Only available","No LDR Only available","No LDR Only available"," ","23-02Rollup"
