"Binary","Component","Version","Prio","Published","Branch","Article","Title","Link","LDROnlyKB","LDROnlyTitle","LDROnlyLink","Comment","RollupInfo"
"Ntoskrnl.exe","Core_Kernel","6.2.14393.5717","0","03-Feb-2023","GDR","5022838","February 14, 2023-KB5022838 (OS Build 14393.5717)","http://support.microsoft.com/kb/5022838","No LDR Only available","No LDR Only available","No LDR Only available"," ","23-02Rollup"
"Ntkrnlpa.exe","Core_Kernel","6.2.14393.0","0","","RTM","5022838","","","","","","",""
"Crashdmp.sys","Core_Kernel","6.2.14393.351","0","14-Oct-2016","GDR","5022838","February 14, 2023-KB5022838 (OS Build 14393.5717)","http://support.microsoft.com/kb/5022838","No LDR Only available","No LDR Only available","No LDR Only available"," ","23-02Rollup"
"Ntdll.dll","Core_Kernel","6.2.14393.5427","0","30-Sep-2022","GDR","5022838","February 14, 2023-KB5022838 (OS Build 14393.5717)","http://support.microsoft.com/kb/5022838","No LDR Only available","No LDR Only available","No LDR Only available"," ","23-02Rollup"
"Hal.dll","Core_Kernel","6.2.14393.5501","0","10-Jan-2023","GDR","5022838","February 14, 2023-KB5022838 (OS Build 14393.5717)","http://support.microsoft.com/kb/5022838","No LDR Only available","No LDR Only available","No LDR Only available","rEX","23-02Rollup"
"Fltmgr.sys","Core_Kernel","6.2.14393.5192","0","11-Jun-2022","GDR","5022838","February 14, 2023-KB5022838 (OS Build 14393.5717)","http://support.microsoft.com/kb/5022838","No LDR Only available","No LDR Only available","No LDR Only available"," ","23-02Rollup"
"win32k.sys","Core_Kernel","6.2.14393.4169","0","08-Nov-2022","GDR","5022838","February 14, 2023-KB5022838 (OS Build 14393.5717)","http://support.microsoft.com/kb/5022838","No LDR Only available","No LDR Only available","No LDR Only available","rEX","23-02Rollup"
"Ntfs.sys","Core_FileSystem","6.2.14393.5501","0","03-Nov-2022","GDR","5022838","February 14, 2023-KB5022838 (OS Build 14393.5717)","http://support.microsoft.com/kb/5022838","No LDR Only available","No LDR Only available","No LDR Only available"," ","23-02Rollup"
"dedup.sys","Core_FileSystem","6.2.14393.2828","0","16-Feb-2019","GDR","5022838","February 14, 2023-KB5022838 (OS Build 14393.5717)","http://support.microsoft.com/kb/5022838","No LDR Only available","No LDR Only available","No LDR Only available"," ","23-02Rollup"
"Msiscsi.sys","Core_DiskSystem","6.2.14393.4225","0","27-Jan-2021","GDR","5022838","February 14, 2023-KB5022838 (OS Build 14393.5717)","http://support.microsoft.com/kb/5022838","No LDR Only available","No LDR Only available","No LDR Only available"," ","23-02Rollup"
"Iscsitgt.dll","Core_DiskSystem","6.2.14393.4169","0","07-Jan-2021","GDR","5022838","February 14, 2023-KB5022838 (OS Build 14393.5717)","http://support.microsoft.com/kb/5022838","No LDR Only available","No LDR Only available","No LDR Only available"," ","23-02Rollup"
"Storport.sys","Core_DiskSystem","6.2.14393.4825","0","03-Dec-2021","GDR","5022838","February 14, 2023-KB5022838 (OS Build 14393.5717)","http://support.microsoft.com/kb/5022838","No LDR Only available","No LDR Only available","No LDR Only available"," ","23-02Rollup"
"Repdrvfs.dll","Core_WMI","6.2.14393.5006","0","02-Mar-2022","GDR","5022838","February 14, 2023-KB5022838 (OS Build 14393.5717)","http://support.microsoft.com/kb/5022838","No LDR Only available","No LDR Only available","No LDR Only available"," ","23-02Rollup"
"Mpio.sys","Core_MPIO","6.2.14393.4169","0","07-Jan-2021","GDR","5022838","February 14, 2023-KB5022838 (OS Build 14393.5717)","http://support.microsoft.com/kb/5022838","No LDR Only available","No LDR Only available","No LDR Only available"," ","23-02Rollup"
"Msdsm.sys","Core_MPIO","6.2.14393.4169","0","07-Jan-2021","GDR","5022838","February 14, 2023-KB5022838 (OS Build 14393.5717)","http://support.microsoft.com/kb/5022838","No LDR Only available","No LDR Only available","No LDR Only available"," ","23-02Rollup"
"Advapi32.dll","Core_Apps","6.2.14393.5427","0","11-Oct-2022","GDR","5022838","February 14, 2023-KB5022838 (OS Build 14393.5717)","http://support.microsoft.com/kb/5022838","No LDR Only available","No LDR Only available","No LDR Only available","rEX","23-02Rollup"
"Vssapi.dll","Core_VSS","6.2.14393.4169","1","07-Jan-2021","GDR","5022838","February 14, 2023-KB5022838 (OS Build 14393.5717)","http://support.microsoft.com/kb/5022838","No LDR Only available","No LDR Only available","No LDR Only available"," ","23-02Rollup"
"Vsstrace.dll","Core_VSS","6.2.14393.4169","1","07-Jan-2021","GDR","5022838","February 14, 2023-KB5022838 (OS Build 14393.5717)","http://support.microsoft.com/kb/5022838","No LDR Only available","No LDR Only available","No LDR Only available"," ","23-02Rollup"
"vsssvc.exe","Core_VSS","6.2.14393.0","1","","RTM","5022838","","","","","","",""
"Swprv.dll","Core_VSS","6.2.14393.4169","1","07-Jan-2021","GDR","5022838","February 14, 2023-KB5022838 (OS Build 14393.5717)","http://support.microsoft.com/kb/5022838","No LDR Only available","No LDR Only available","No LDR Only available"," ","23-02Rollup"
"spp.dll","Core_VSS","6.2.14393.4169","1","07-Jan-2021","GDR","5022838","February 14, 2023-KB5022838 (OS Build 14393.5717)","http://support.microsoft.com/kb/5022838","No LDR Only available","No LDR Only available","No LDR Only available"," ","23-02Rollup"
"wbengine.exe","Core_VSS","6.2.14393.4169","1","07-Jan-2021","GDR","5022838","February 14, 2023-KB5022838 (OS Build 14393.5717)","http://support.microsoft.com/kb/5022838","No LDR Only available","No LDR Only available","No LDR Only available"," ","23-02Rollup"
"blbsrv.dll","Core_VSS","6.2.14393.4169","1","07-Jan-2021","GDR","5022838","February 14, 2023-KB5022838 (OS Build 14393.5717)","http://support.microsoft.com/kb/5022838","No LDR Only available","No LDR Only available","No LDR Only available"," ","23-02Rollup"
"Volsnap.sys","Cluster_Volsnap","6.2.14393.1794","0","08-Oct-2017","GDR","5022838","February 14, 2023-KB5022838 (OS Build 14393.5717)","http://support.microsoft.com/kb/5022838","No LDR Only available","No LDR Only available","No LDR Only available"," ","23-02Rollup"
"pci.sys","Core_Sys","6.2.14393.4530","1","05-Jul-2021","GDR","5022838","February 14, 2023-KB5022838 (OS Build 14393.5717)","http://support.microsoft.com/kb/5022838","No LDR Only available","No LDR Only available","No LDR Only available"," ","23-02Rollup"
"Termdd.sys","Core_Sys","6.2.14393.0","1","","RTM","5022838","","","","","","",""
"Volmgr.sys","Core_Sys","6.2.14393.4350","1","08-Apr-2021","GDR","5022838","February 14, 2023-KB5022838 (OS Build 14393.5717)","http://support.microsoft.com/kb/5022838","No LDR Only available","No LDR Only available","No LDR Only available"," ","23-02Rollup"
"Crypt32.dll","Dom_CRYPTO","6.2.14393.5427","1","30-Sep-2022","GDR","5022838","February 14, 2023-KB5022838 (OS Build 14393.5717)","http://support.microsoft.com/kb/5022838","No LDR Only available","No LDR Only available","No LDR Only available"," ","23-02Rollup"
"Cryptsvc.dll","Dom_CRYPTO","6.2.14393.0","1","","RTM","5022838","","","","","","",""
"Cryptnet.dll","Dom_CRYPTO","6.2.14393.2035","1","10-Jan-2018","GDR","5022838","February 14, 2023-KB5022838 (OS Build 14393.5717)","http://support.microsoft.com/kb/5022838","No LDR Only available","No LDR Only available","No LDR Only available"," ","23-02Rollup"
"Wintrust.dll","Dom_CRYPTO","6.2.14393.5427","1","30-Sep-2022","GDR","5022838","February 14, 2023-KB5022838 (OS Build 14393.5717)","http://support.microsoft.com/kb/5022838","No LDR Only available","No LDR Only available","No LDR Only available"," ","23-02Rollup"
"Cryptdll.dll","Dom_CRYPTO","6.2.14393.2969","1","03-May-2019","GDR","5022838","February 14, 2023-KB5022838 (OS Build 14393.5717)","http://support.microsoft.com/kb/5022838","No LDR Only available","No LDR Only available","No LDR Only available"," ","23-02Rollup"
"Cryptcatsvc.dll","Dom_CRYPTO","6.2.14393.3930","1","01-Sep-2020","GDR","5022838","February 14, 2023-KB5022838 (OS Build 14393.5717)","http://support.microsoft.com/kb/5022838","No LDR Only available","No LDR Only available","No LDR Only available"," ","23-02Rollup"
"Tzres.dll","Core_TimeZone","6.2.14393.5582","1","01-Dec-2022","GDR","5022838","February 14, 2023-KB5022838 (OS Build 14393.5717)","http://support.microsoft.com/kb/5022838","No LDR Only available","No LDR Only available","No LDR Only available"," ","23-02Rollup"
"5005698","Win2016RS1_21_09_SSU_KB"," ","0","14-Sep-2021","GDR","5005698","KB5005698: Servicing stack update for Windows 10, version 1607: September 14, 2021","http://support.microsoft.com/kb/5005698","No LDR Only available","No LDR Only available","No LDR Only available"," ","No Rollup"
"5022838","Win2016RS1_23-02_B_rollup_KB"," ","0","14-Feb-2023","GDR","5022838","February 14, 2023-KB5022838 (OS Build 14393.5717)","http://support.microsoft.com/kb/5022838","No LDR Only available","No LDR Only available","No LDR Only available"," ","23-02Rollup"
