"Binary","Component","Version","Prio","Published","Branch","Article","Title","Link","LDROnlyKB","LDROnlyTitle","LDROnlyLink","Comment","RollupInfo"
"Clussvc.exe","Cluster_Core","6.2.10240.0","0","","RTM","5022858","","","","","","",""
"ClusWMI.dll","Cluster_Core","6.2.10240.0","0","","RTM","5022858","","","","","","",""
"Rhs.exe","Cluster_Core","6.2.10240.0","0","","RTM","5022858","","","","","","",""
"Clusres.dll","Cluster_Core","6.2.10240.0","0","","RTM","5022858","","","","","","",""
"Clusres2.dll","Cluster_Core","6.2.10240.0","0","","RTM","5022858","","","","","","",""
"Netft.sys","Cluster_Core","6.2.10240.0","0","","RTM","5022858","","","","","","",""
"Clusauthmgr.dll","Cluster_Core","6.2.10240.0","0","","RTM","5022858","","","","","","",""
"Witness.dll","Cluster_Core","6.2.10240.0","0","","RTM","5022858","","","","","","",""
"Csvflt.sys","Cluster_CSV","6.2.10240.0","0","","RTM","5022858","","","","","","",""
"Csvfs.sys","Cluster_CSV","6.2.10240.0","0","","RTM","5022858","","","","","","",""
"Csvfilter.sys","Cluster_CSV","6.2.10240.0","0","","RTM","5022858","","","","","","",""
"Vhdmp.sys","Cluster_CSV","6.2.10240.19387","0","03-Aug-2022","GDR","5022858","February 14, 2023-KB5022858 (OS Build 10240.19747)","http://support.microsoft.com/kb/5022858","No LDR Only available","No LDR Only available","No LDR Only available"," ","23-02Rollup"
"Svhdxflt.sys","Cluster_CSV","6.2.10240.0","0","","RTM","5022858","","","","","","",""
"Clusdisk.sys","Cluster_Disk","6.2.10240.0","0","","RTM","5022858","","","","","","",""
"Volsnap.sys","Cluster_Volsnap","6.2.10240.0","0","","RTM","5022858","","","","","","",""
"Cprepsrv.exe","Cluster_Validation","6.2.10240.0","1","","RTM","5022858","","","","","","",""
"Failoverclusters.agent.interop.dll","Cluster_Validation","6.2.10240.0","1","","RTM","5022858","","","","","","",""
"Microsoft.failoverclusters.framework.dll","Cluster_Validation","6.2.10240.0","1","","RTM","5022858","","","","","","",""
"Mpio.sys","Core_MPIO","6.2.10240.0","0","","RTM","5022858","","","","","","",""
"Msdsm.sys","Core_MPIO","6.2.10240.0","0","","RTM","5022858","","","","","","",""
"Storport.sys","Core_DiskSystem","6.2.10240.19145","0","03-Dec-2021","GDR","5022858","February 14, 2023-KB5022858 (OS Build 10240.19747)","http://support.microsoft.com/kb/5022858","No LDR Only available","No LDR Only available","No LDR Only available"," ","23-02Rollup"
"5001399","Win2016_21_04_SSU_KB"," ","0","13-Apr-2021","GDR","5001399","KB5001399: Servicing stack update for Windows 10: April 13, 2021","http://support.microsoft.com/kb/5001399","No LDR Only available","No LDR Only available","No LDR Only available"," ","No Rollup"
"5022858","Win2016_23-02_B_rollup_KB"," ","0","14-Feb-2023","GDR","5022858","February 14, 2023-KB5022858 (OS Build 10240.19747)","http://support.microsoft.com/kb/5022858","No LDR Only available","No LDR Only available","No LDR Only available"," ","23-02Rollup"
