"Binary","Component","Version","Prio","Published","Branch","Article","Title","Link","LDROnlyKB","LDROnlyTitle","LDROnlyLink","Comment","RollupInfo"
"Robocopy.exe","Net_Applications","6.2.19041.1266","1","2-Nov-2021","GDR","5007186","November 9, 2021-KB5007186 (OS Builds 19041.1348, 19042.1348, and 19043.1348)","http://support.microsoft.com/kb/5007186","No LDR Only available","No LDR Only available","No LDR Only available"," ","21-11Rollup"
"srv.sys","Net_SMB_Server","6.2.19041.1202","0","2-Nov-2021","GDR","5007186","November 9, 2021-KB5007186 (OS Builds 19041.1348, 19042.1348, and 19043.1348)","http://support.microsoft.com/kb/5007186","No LDR Only available","No LDR Only available","No LDR Only available"," ","21-11Rollup"
"srv2.sys","Net_SMB_Server","6.2.19041.1202","0","2-Nov-2021","GDR","5007186","November 9, 2021-KB5007186 (OS Builds 19041.1348, 19042.1348, and 19043.1348)","http://support.microsoft.com/kb/5007186","No LDR Only available","No LDR Only available","No LDR Only available"," ","21-11Rollup"
"srvnet.sys","Net_SMB_Server","6.2.19041.1052","0","2-Nov-2021","GDR","5007186","November 9, 2021-KB5007186 (OS Builds 19041.1348, 19042.1348, and 19043.1348)","http://support.microsoft.com/kb/5007186","No LDR Only available","No LDR Only available","No LDR Only available"," ","21-11Rollup"
"Srvsvc.dll","Net_SMB_Server","6.2.19041.1151","0","2-Nov-2021","GDR","5007186","November 9, 2021-KB5007186 (OS Builds 19041.1348, 19042.1348, and 19043.1348)","http://support.microsoft.com/kb/5007186","No LDR Only available","No LDR Only available","No LDR Only available"," ","21-11Rollup"
"Mrxsmb.sys","Net_SMB_Client","6.2.19041.1320","0","2-Nov-2021","GDR","5007186","November 9, 2021-KB5007186 (OS Builds 19041.1348, 19042.1348, and 19043.1348)","http://support.microsoft.com/kb/5007186","No LDR Only available","No LDR Only available","No LDR Only available"," ","21-11Rollup"
"Mrxsmb10.sys","Net_SMB_Client","6.2.19041.488","0","2-Nov-2021","GDR","5007186","November 9, 2021-KB5007186 (OS Builds 19041.1348, 19042.1348, and 19043.1348)","http://support.microsoft.com/kb/5007186","No LDR Only available","No LDR Only available","No LDR Only available"," ","21-11Rollup"
"Mrxsmb20.sys","Net_SMB_Client","6.2.19041.1320","0","2-Nov-2021","GDR","5007186","November 9, 2021-KB5007186 (OS Builds 19041.1348, 19042.1348, and 19043.1348)","http://support.microsoft.com/kb/5007186","No LDR Only available","No LDR Only available","No LDR Only available"," ","21-11Rollup"
"Rdbss.sys","Net_SMB_Client","6.2.19041.1237","0","2-Nov-2021","GDR","5007186","November 9, 2021-KB5007186 (OS Builds 19041.1348, 19042.1348, and 19043.1348)","http://support.microsoft.com/kb/5007186","No LDR Only available","No LDR Only available","No LDR Only available"," ","21-11Rollup"
"Netbt.sys","Net_SMB_Client","6.2.19041.572","0","2-Nov-2021","GDR","5007186","November 9, 2021-KB5007186 (OS Builds 19041.1348, 19042.1348, and 19043.1348)","http://support.microsoft.com/kb/5007186","No LDR Only available","No LDR Only available","No LDR Only available"," ","21-11Rollup"
"Mup.sys","Net_SMB_Client","6.2.19041.844","0","2-Nov-2021","GDR","5007186","November 9, 2021-KB5007186 (OS Builds 19041.1348, 19042.1348, and 19043.1348)","http://support.microsoft.com/kb/5007186","No LDR Only available","No LDR Only available","No LDR Only available"," ","21-11Rollup"
"wkssvc.dll","Net_SMB_Client","6.2.19041.1202","0","2-Nov-2021","GDR","5007186","November 9, 2021-KB5007186 (OS Builds 19041.1348, 19042.1348, and 19043.1348)","http://support.microsoft.com/kb/5007186","No LDR Only available","No LDR Only available","No LDR Only available"," ","21-11Rollup"
"Mpr.dll","Net_SMB_Client","6.2.19041.546","0","2-Nov-2021","GDR","5007186","November 9, 2021-KB5007186 (OS Builds 19041.1348, 19042.1348, and 19043.1348)","http://support.microsoft.com/kb/5007186","No LDR Only available","No LDR Only available","No LDR Only available"," ","21-11Rollup"
"NtLanman.dll","Net_SMB_Client","6.2.19041.1151","0","2-Nov-2021","GDR","5007186","November 9, 2021-KB5007186 (OS Builds 19041.1348, 19042.1348, and 19043.1348)","http://support.microsoft.com/kb/5007186","No LDR Only available","No LDR Only available","No LDR Only available"," ","21-11Rollup"
"Tcpip.sys","Net_Protocol","6.2.19041.1320","0","2-Nov-2021","GDR","5007186","November 9, 2021-KB5007186 (OS Builds 19041.1348, 19042.1348, and 19043.1348)","http://support.microsoft.com/kb/5007186","No LDR Only available","No LDR Only available","No LDR Only available"," ","21-11Rollup"
"Afd.sys","Net_Protocol","6.2.19041.1320","0","2-Nov-2021","GDR","5007186","November 9, 2021-KB5007186 (OS Builds 19041.1348, 19042.1348, and 19043.1348)","http://support.microsoft.com/kb/5007186","No LDR Only available","No LDR Only available","No LDR Only available"," ","21-11Rollup"
"Netio.sys","Net_Protocol","6.2.19041.1110","0","2-Nov-2021","GDR","5007186","November 9, 2021-KB5007186 (OS Builds 19041.1348, 19042.1348, and 19043.1348)","http://support.microsoft.com/kb/5007186","No LDR Only available","No LDR Only available","No LDR Only available"," ","21-11Rollup"
"Ndis.sys","Net_Protocol","6.2.19041.1320","0","2-Nov-2021","GDR","5007186","November 9, 2021-KB5007186 (OS Builds 19041.1348, 19042.1348, and 19043.1348)","http://support.microsoft.com/kb/5007186","No LDR Only available","No LDR Only available","No LDR Only available"," ","21-11Rollup"
"Tdx.sys","Net_Protocol","6.2.19041.1237","0","2-Nov-2021","GDR","5007186","November 9, 2021-KB5007186 (OS Builds 19041.1348, 19042.1348, and 19043.1348)","http://support.microsoft.com/kb/5007186","No LDR Only available","No LDR Only available","No LDR Only available"," ","21-11Rollup"
"Iphlpapi.dll","Net_Protocol","6.2.19041.546","0","2-Nov-2021","GDR","5007186","November 9, 2021-KB5007186 (OS Builds 19041.1348, 19042.1348, and 19043.1348)","http://support.microsoft.com/kb/5007186","No LDR Only available","No LDR Only available","No LDR Only available"," ","21-11Rollup"
"Dhcpcore6.dll","Net_IPv6","6.2.19041.546","1","2-Nov-2021","GDR","5007186","November 9, 2021-KB5007186 (OS Builds 19041.1348, 19042.1348, and 19043.1348)","http://support.microsoft.com/kb/5007186","No LDR Only available","No LDR Only available","No LDR Only available"," ","21-11Rollup"
"Dhcpcsvc6.dll","Net_IPv6","6.2.19041.546","1","2-Nov-2021","GDR","5007186","November 9, 2021-KB5007186 (OS Builds 19041.1348, 19042.1348, and 19043.1348)","http://support.microsoft.com/kb/5007186","No LDR Only available","No LDR Only available","No LDR Only available"," ","21-11Rollup"
"Nlasvc.dll","Net_NLA","6.2.19041.1151","0","2-Nov-2021","GDR","5007186","November 9, 2021-KB5007186 (OS Builds 19041.1348, 19042.1348, and 19043.1348)","http://support.microsoft.com/kb/5007186","No LDR Only available","No LDR Only available","No LDR Only available"," ","21-11Rollup"
"Ncsi.dll","Net_NLA","6.2.19041.1151","0","2-Nov-2021","GDR","5007186","November 9, 2021-KB5007186 (OS Builds 19041.1348, 19042.1348, and 19043.1348)","http://support.microsoft.com/kb/5007186","No LDR Only available","No LDR Only available","No LDR Only available"," ","21-11Rollup"
"Nlaapi.dll","Net_NLA","6.2.19041.1151","0","21-Sep-21","GDR","5007186","November 9, 2021-KB5007186 (OS Builds 19041.1348, 19042.1348, and 19043.1348)","http://support.microsoft.com/kb/5007186","No LDR Only available","No LDR Only available","No LDR Only available"," ","21-11Rollup"
"Dns.exe","Net_DNS_Srv","6.2.19041.1288","0","2-Nov-2021","GDR","5007186","November 9, 2021-KB5007186 (OS Builds 19041.1348, 19042.1348, and 19043.1348)","http://support.microsoft.com/kb/5007186","No LDR Only available","No LDR Only available","No LDR Only available"," ","21-11Rollup"
"Dhcpssvc.dll","Net_DHCP_Srv","6.2.19041.1023","0","2-Nov-2021","GDR","5007186","November 9, 2021-KB5007186 (OS Builds 19041.1348, 19042.1348, and 19043.1348)","http://support.microsoft.com/kb/5007186","No LDR Only available","No LDR Only available","No LDR Only available"," ","21-11Rollup"
"Dfssvc.exe","Net_DFS-N_Srv","6.2.19041.1081","0","2-Nov-2021","GDR","5007186","November 9, 2021-KB5007186 (OS Builds 19041.1348, 19042.1348, and 19043.1348)","http://support.microsoft.com/kb/5007186","No LDR Only available","No LDR Only available","No LDR Only available"," ","21-11Rollup"
"Nfssvc.exe","Net_NFS_Srv","6.2.19041.1151","0","2-Nov-2021","GDR","5007186","November 9, 2021-KB5007186 (OS Builds 19041.1348, 19042.1348, and 19043.1348)","http://support.microsoft.com/kb/5007186","No LDR Only available","No LDR Only available","No LDR Only available"," ","21-11Rollup"
"Nfssvr.sys","Net_NFS_Srv","6.2.19041.1151","0","2-Nov-2021","GDR","5007186","November 9, 2021-KB5007186 (OS Builds 19041.1348, 19042.1348, and 19043.1348)","http://support.microsoft.com/kb/5007186","No LDR Only available","No LDR Only available","No LDR Only available"," ","21-11Rollup"
"Msnfsflt.sys","Net_NFS_Srv","6.2.19041.1151","0","2-Nov-2021","GDR","5007186","November 9, 2021-KB5007186 (OS Builds 19041.1348, 19042.1348, and 19043.1348)","http://support.microsoft.com/kb/5007186","No LDR Only available","No LDR Only available","No LDR Only available"," ","21-11Rollup"
"portmap.sys","Net_NFS_Srv","6.2.19041.928","0","2-Nov-2021","GDR","5007186","November 9, 2021-KB5007186 (OS Builds 19041.1348, 19042.1348, and 19043.1348)","http://support.microsoft.com/kb/5007186","No LDR Only available","No LDR Only available","No LDR Only available"," ","21-11Rollup"
"rpcxdr.sys","Net_NFS_Srv","6.2.19041.1165","0","2-Nov-2021","GDR","5007186","November 9, 2021-KB5007186 (OS Builds 19041.1348, 19042.1348, and 19043.1348)","http://support.microsoft.com/kb/5007186","No LDR Only available","No LDR Only available","No LDR Only available"," ","21-11Rollup"
"Csc.sys","Net_CSC_Offline","6.2.19041.1202","1","2-Nov-2021","GDR","5007186","November 9, 2021-KB5007186 (OS Builds 19041.1348, 19042.1348, and 19043.1348)","http://support.microsoft.com/kb/5007186","No LDR Only available","No LDR Only available","No LDR Only available"," ","21-11Rollup"
"Cscapi.dll","Net_CSC_Offline","6.2.19041.546","1","2-Nov-2021","GDR","5007186","November 9, 2021-KB5007186 (OS Builds 19041.1348, 19042.1348, and 19043.1348)","http://support.microsoft.com/kb/5007186","No LDR Only available","No LDR Only available","No LDR Only available"," ","21-11Rollup"
"Cscdll.dll","Net_CSC_Offline","6.2.19041.546","1","2-Nov-2021","GDR","5007186","November 9, 2021-KB5007186 (OS Builds 19041.1348, 19042.1348, and 19043.1348)","http://support.microsoft.com/kb/5007186","No LDR Only available","No LDR Only available","No LDR Only available"," ","21-11Rollup"
"Cscsvc.dll","Net_CSC_Offline","6.2.19041.985","1","2-Nov-2021","GDR","5007186","November 9, 2021-KB5007186 (OS Builds 19041.1348, 19042.1348, and 19043.1348)","http://support.microsoft.com/kb/5007186","No LDR Only available","No LDR Only available","No LDR Only available"," ","21-11Rollup"
"Cscmig.dll","Net_CSC_Offline","6.2.19041.1202","1","14-Sep-21","GDR","5007186","November 9, 2021-KB5007186 (OS Builds 19041.1348, 19042.1348, and 19043.1348)","http://support.microsoft.com/kb/5007186","No LDR Only available","No LDR Only available","No LDR Only available"," ","21-11Rollup"
"Mrxdav.sys","Net_WebDAV","6.2.19041.1266","1","2-Nov-2021","GDR","5007186","November 9, 2021-KB5007186 (OS Builds 19041.1348, 19042.1348, and 19043.1348)","http://support.microsoft.com/kb/5007186","No LDR Only available","No LDR Only available","No LDR Only available"," ","21-11Rollup"
"Webclnt.dll","Net_WebDAV","6.2.19041.1266","1","2-Nov-2021","GDR","5007186","November 9, 2021-KB5007186 (OS Builds 19041.1348, 19042.1348, and 19043.1348)","http://support.microsoft.com/kb/5007186","No LDR Only available","No LDR Only available","No LDR Only available"," ","21-11Rollup"
"Davclnt.dll","Net_WebDAV","6.2.19041.546","1","2-Nov-2021","GDR","5007186","November 9, 2021-KB5007186 (OS Builds 19041.1348, 19042.1348, and 19043.1348)","http://support.microsoft.com/kb/5007186","No LDR Only available","No LDR Only available","No LDR Only available"," ","21-11Rollup"
"Shell32.dll","Net_WebDAV","6.2.19041.1320","1","2-Nov-2021","GDR","5007186","November 9, 2021-KB5007186 (OS Builds 19041.1348, 19042.1348, and 19043.1348)","http://support.microsoft.com/kb/5007186","No LDR Only available","No LDR Only available","No LDR Only available"," ","21-11Rollup"
"Winhttp.dll","Net_WebDAV","6.2.19041.1320","1","2-Nov-2021","GDR","5007186","November 9, 2021-KB5007186 (OS Builds 19041.1348, 19042.1348, and 19043.1348)","http://support.microsoft.com/kb/5007186","No LDR Only available","No LDR Only available","No LDR Only available"," ","21-11Rollup"
"Dfsc.sys","Net_DFS-N_Client","6.2.19041.844","0","2-Nov-2021","GDR","5007186","November 9, 2021-KB5007186 (OS Builds 19041.1348, 19042.1348, and 19043.1348)","http://support.microsoft.com/kb/5007186","No LDR Only available","No LDR Only available","No LDR Only available"," ","21-11Rollup"
"Dhcpcore.dll","Net_DHCP_Client","6.2.19041.546","1","2-Nov-2021","GDR","5007186","November 9, 2021-KB5007186 (OS Builds 19041.1348, 19042.1348, and 19043.1348)","http://support.microsoft.com/kb/5007186","No LDR Only available","No LDR Only available","No LDR Only available"," ","21-11Rollup"
"Dhcpcsvc.dll","Net_DHCP_Client","6.2.19041.546","1","2-Nov-2021","GDR","5007186","November 9, 2021-KB5007186 (OS Builds 19041.1348, 19042.1348, and 19043.1348)","http://support.microsoft.com/kb/5007186","No LDR Only available","No LDR Only available","No LDR Only available"," ","21-11Rollup"
"Nfsclnt.exe","Net_NFS_Client","6.2.19041.1320","1","2-Nov-2021","GDR","5007186","November 9, 2021-KB5007186 (OS Builds 19041.1348, 19042.1348, and 19043.1348)","http://support.microsoft.com/kb/5007186","No LDR Only available","No LDR Only available","No LDR Only available"," ","21-11Rollup"
"Nfsrdr.sys","Net_NFS_Client","6.2.19041.1320","1","2-Nov-2021","GDR","5007186","November 9, 2021-KB5007186 (OS Builds 19041.1348, 19042.1348, and 19043.1348)","http://support.microsoft.com/kb/5007186","No LDR Only available","No LDR Only available","No LDR Only available"," ","21-11Rollup"
"dnsapi.dll","Net_DNS_Client","6.2.19041.1320","1","2-Nov-2021","GDR","5007186","November 9, 2021-KB5007186 (OS Builds 19041.1348, 19042.1348, and 19043.1348)","http://support.microsoft.com/kb/5007186","No LDR Only available","No LDR Only available","No LDR Only available"," ","21-11Rollup"
"dnsrslvr.dll","Net_DNS_Client","6.2.19041.1320","1","2-Nov-2021","GDR","5007186","November 9, 2021-KB5007186 (OS Builds 19041.1348, 19042.1348, and 19043.1348)","http://support.microsoft.com/kb/5007186","No LDR Only available","No LDR Only available","No LDR Only available"," ","21-11Rollup"
"Dnscacheugc.exe","Net_DNS_Client","6.2.19041.572","1","2-Nov-2021","GDR","5007186","November 9, 2021-KB5007186 (OS Builds 19041.1348, 19042.1348, and 19043.1348)","http://support.microsoft.com/kb/5007186","No LDR Only available","No LDR Only available","No LDR Only available"," ","21-11Rollup"
"Rpcss.dll","Net_RPC","6.2.19041.1320","1","2-Nov-2021","GDR","5007186","November 9, 2021-KB5007186 (OS Builds 19041.1348, 19042.1348, and 19043.1348)","http://support.microsoft.com/kb/5007186","No LDR Only available","No LDR Only available","No LDR Only available"," ","21-11Rollup"
"Rpcrt4.dll","Net_RPC","6.2.19041.1288","1","2-Nov-2021","GDR","5007186","November 9, 2021-KB5007186 (OS Builds 19041.1348, 19042.1348, and 19043.1348)","http://support.microsoft.com/kb/5007186","No LDR Only available","No LDR Only available","No LDR Only available"," ","21-11Rollup"
"Bfe.dll","Net_Ipsec_BFE","6.2.19041.1348","1","2-Nov-2021","GDR","5007186","November 9, 2021-KB5007186 (OS Builds 19041.1348, 19042.1348, and 19043.1348)","http://support.microsoft.com/kb/5007186","No LDR Only available","No LDR Only available","No LDR Only available"," ","21-11Rollup"
"Ikeext.dll","Net_Ipsec_BFE","6.2.19041.1348","1","2-Nov-2021","GDR","5007186","November 9, 2021-KB5007186 (OS Builds 19041.1348, 19042.1348, and 19043.1348)","http://support.microsoft.com/kb/5007186","No LDR Only available","No LDR Only available","No LDR Only available"," ","21-11Rollup"
"Fwpuclnt.dll","Net_Ipsec_BFE","6.2.19041.1348","1","14-Nov-21","GDR","5007186","November 9, 2021-KB5007186 (OS Builds 19041.1348, 19042.1348, and 19043.1348)","http://support.microsoft.com/kb/5007186","No LDR Only available","No LDR Only available","No LDR Only available"," ","21-11Rollup"
"Iphlpsvc.dll","Net_DirectAccess_Client","6.2.19041.1348","1","2-Nov-2021","GDR","5007186","November 9, 2021-KB5007186 (OS Builds 19041.1348, 19042.1348, and 19043.1348)","http://support.microsoft.com/kb/5007186","No LDR Only available","No LDR Only available","No LDR Only available"," ","21-11Rollup"
"Netcorehc.dll","Net_DirectAccess_Client","6.2.19041.746","1","2-Nov-2021","GDR","5007186","November 9, 2021-KB5007186 (OS Builds 19041.1348, 19042.1348, and 19043.1348)","http://support.microsoft.com/kb/5007186","No LDR Only available","No LDR Only available","No LDR Only available"," ","21-11Rollup"
"Rdpcore.dll","Net_DirectAccess_Client","6.2.19041.746","1","2-Nov-2021","GDR","5007186","November 9, 2021-KB5007186 (OS Builds 19041.1348, 19042.1348, and 19043.1348)","http://support.microsoft.com/kb/5007186","No LDR Only available","No LDR Only available","No LDR Only available"," ","21-11Rollup"
"dot3svc.dll","Net_IEEE802.1x","6.2.19041.1081","1","2-Nov-2021","GDR","5007186","November 9, 2021-KB5007186 (OS Builds 19041.1348, 19042.1348, and 19043.1348)","http://support.microsoft.com/kb/5007186","No LDR Only available","No LDR Only available","No LDR Only available"," ","21-11Rollup"
"Rastls.dll","Net_IEEE802.1x","6.2.19041.1320","1","2-Nov-2021","GDR","5007186","November 9, 2021-KB5007186 (OS Builds 19041.1348, 19042.1348, and 19043.1348)","http://support.microsoft.com/kb/5007186","No LDR Only available","No LDR Only available","No LDR Only available"," ","21-11Rollup"
"wlansvc.dll","Net_WLAN_Client","6.2.19041.1266","1","2-Nov-2021","GDR","5007186","November 9, 2021-KB5007186 (OS Builds 19041.1348, 19042.1348, and 19043.1348)","http://support.microsoft.com/kb/5007186","No LDR Only available","No LDR Only available","No LDR Only available"," ","21-11Rollup"
"wlanmsm.dll","Net_WLAN_Client","6.2.19041.1266","1","2-Nov-2021","GDR","5007186","November 9, 2021-KB5007186 (OS Builds 19041.1348, 19042.1348, and 19043.1348)","http://support.microsoft.com/kb/5007186","No LDR Only available","No LDR Only available","No LDR Only available"," ","21-11Rollup"
"wlanapi.dll","Net_WLAN_Client","6.2.19041.1266","1","2-Nov-2021","GDR","5007186","November 9, 2021-KB5007186 (OS Builds 19041.1348, 19042.1348, and 19043.1348)","http://support.microsoft.com/kb/5007186","No LDR Only available","No LDR Only available","No LDR Only available"," ","21-11Rollup"
"wlansec.dll","Net_WLAN_Client","6.2.19041.1266","1","2-Nov-2021","GDR","5007186","November 9, 2021-KB5007186 (OS Builds 19041.1348, 19042.1348, and 19043.1348)","http://support.microsoft.com/kb/5007186","No LDR Only available","No LDR Only available","No LDR Only available"," ","21-11Rollup"
"wlansvcpal.dll","Net_WLAN_Client","6.2.19041.1266","1","2-Nov-2021","GDR","5007186","November 9, 2021-KB5007186 (OS Builds 19041.1348, 19042.1348, and 19043.1348)","http://support.microsoft.com/kb/5007186","No LDR Only available","No LDR Only available","No LDR Only available"," ","21-11Rollup"
"wlanhlp.dll","Net_WLAN_Client","6.2.19041.1266","1","21-Sep-21","GDR","5007186","November 9, 2021-KB5007186 (OS Builds 19041.1348, 19042.1348, and 19043.1348)","http://support.microsoft.com/kb/5007186","No LDR Only available","No LDR Only available","No LDR Only available"," ","21-11Rollup"
"Netcfgx.dll","Net_Config","6.2.19041.746","1","2-Nov-2021","GDR","5007186","November 9, 2021-KB5007186 (OS Builds 19041.1348, 19042.1348, and 19043.1348)","http://support.microsoft.com/kb/5007186","No LDR Only available","No LDR Only available","No LDR Only available"," ","21-11Rollup"
"WorkFolders.exe","Net_WorkFolders","6.2.19041.1202","1","2-Nov-2021","GDR","5007186","November 9, 2021-KB5007186 (OS Builds 19041.1348, 19042.1348, and 19043.1348)","http://support.microsoft.com/kb/5007186","No LDR Only available","No LDR Only available","No LDR Only available"," ","21-11Rollup"
"WorkFoldersshell.dll","Net_WorkFolders","6.2.19041.1202","1","2-Nov-2021","GDR","5007186","November 9, 2021-KB5007186 (OS Builds 19041.1348, 19042.1348, and 19043.1348)","http://support.microsoft.com/kb/5007186","No LDR Only available","No LDR Only available","No LDR Only available"," ","21-11Rollup"
"WorkFolderssvc.dll","Net_WorkFolders","6.2.19041.1202","1","2-Nov-2021","GDR","5007186","November 9, 2021-KB5007186 (OS Builds 19041.1348, 19042.1348, and 19043.1348)","http://support.microsoft.com/kb/5007186","No LDR Only available","No LDR Only available","No LDR Only available"," ","21-11Rollup"
"WorkFolderscontrol.dll","Net_WorkFolders","6.2.19041.1202","1","2-Nov-2021","GDR","5007186","November 9, 2021-KB5007186 (OS Builds 19041.1348, 19042.1348, and 19043.1348)","http://support.microsoft.com/kb/5007186","No LDR Only available","No LDR Only available","No LDR Only available"," ","21-11Rollup"
"Syncsharesvc.dll","Net_WorkFolders","6.2.19041.1202","1","2-Nov-2021","GDR","5007186","November 9, 2021-KB5007186 (OS Builds 19041.1348, 19042.1348, and 19043.1348)","http://support.microsoft.com/kb/5007186","No LDR Only available","No LDR Only available","No LDR Only available"," ","21-11Rollup"
"Syncsharesrv.dll","Net_WorkFolders","6.2.19041.1202","1","2-Nov-2021","GDR","5007186","November 9, 2021-KB5007186 (OS Builds 19041.1348, 19042.1348, and 19043.1348)","http://support.microsoft.com/kb/5007186","No LDR Only available","No LDR Only available","No LDR Only available"," ","21-11Rollup"
"Syncsharettlib.dll","Net_WorkFolders","6.2.19041.1202","1","2-Nov-2021","GDR","5007186","November 9, 2021-KB5007186 (OS Builds 19041.1348, 19042.1348, and 19043.1348)","http://support.microsoft.com/kb/5007186","No LDR Only available","No LDR Only available","No LDR Only available"," ","21-11Rollup"
"Syncsharettsvc.exe","Net_WorkFolders","6.2.19041.1202","1","2-Nov-2021","GDR","5007186","November 9, 2021-KB5007186 (OS Builds 19041.1348, 19042.1348, and 19043.1348)","http://support.microsoft.com/kb/5007186","No LDR Only available","No LDR Only available","No LDR Only available"," ","21-11Rollup"
"WebIo.dll","Net_BranchCache","6.2.19041.1320","1","2-Nov-2021","GDR","5007186","November 9, 2021-KB5007186 (OS Builds 19041.1348, 19042.1348, and 19043.1348)","http://support.microsoft.com/kb/5007186","No LDR Only available","No LDR Only available","No LDR Only available"," ","21-11Rollup"
"Pacer.sys","Net_QoS","6.2.19041.546","1","2-Nov-2021","GDR","5007186","November 9, 2021-KB5007186 (OS Builds 19041.1348, 19042.1348, and 19043.1348)","http://support.microsoft.com/kb/5007186","No LDR Only available","No LDR Only available","No LDR Only available"," ","21-11Rollup"
"MpsSvc.dll","Net_Firewall","6.2.19041.1288","1","2-Nov-2021","GDR","5007186","November 9, 2021-KB5007186 (OS Builds 19041.1348, 19042.1348, and 19043.1348)","http://support.microsoft.com/kb/5007186","No LDR Only available","No LDR Only available","No LDR Only available"," ","21-11Rollup"
"qmgr.dll","Net_BiTS","7.8.19041.1266","1","2-Nov-2021","GDR","5007186","November 9, 2021-KB5007186 (OS Builds 19041.1348, 19042.1348, and 19043.1348)","http://support.microsoft.com/kb/5007186","No LDR Only available","No LDR Only available","No LDR Only available"," ","21-11Rollup"
"Netlogon.dll","Dom_NETLOGON","6.2.19041.1266","0","2-Nov-2021","GDR","5007186","November 9, 2021-KB5007186 (OS Builds 19041.1348, 19042.1348, and 19043.1348)","http://support.microsoft.com/kb/5007186","No LDR Only available","No LDR Only available","No LDR Only available"," ","21-11Rollup"
"LogonCli.dll","Dom_NETLOGON","6.2.19041.610","0","2-Nov-2021","GDR","5007186","November 9, 2021-KB5007186 (OS Builds 19041.1348, 19042.1348, and 19043.1348)","http://support.microsoft.com/kb/5007186","No LDR Only available","No LDR Only available","No LDR Only available"," ","21-11Rollup"
"Winlogon.exe","Dom_WINLOGON","6.2.19041.1320","0","2-Nov-2021","GDR","5007186","November 9, 2021-KB5007186 (OS Builds 19041.1348, 19042.1348, and 19043.1348)","http://support.microsoft.com/kb/5007186","No LDR Only available","No LDR Only available","No LDR Only available"," ","21-11Rollup"
"Kerberos.dll","Dom_KERBEROS","6.2.19041.1348","0","2-Nov-2021","GDR","5007186","November 9, 2021-KB5007186 (OS Builds 19041.1348, 19042.1348, and 19043.1348)","http://support.microsoft.com/kb/5007186","No LDR Only available","No LDR Only available","No LDR Only available"," ","21-11Rollup"
"Msv1_0.dll","Dom_NTLM","6.2.19041.1320","1","2-Nov-2021","GDR","5007186","November 9, 2021-KB5007186 (OS Builds 19041.1348, 19042.1348, and 19043.1348)","http://support.microsoft.com/kb/5007186","No LDR Only available","No LDR Only available","No LDR Only available"," ","21-11Rollup"
"Wldap32.dll","Dom_LDAPClient","6.2.19041.546","0","2-Nov-2021","GDR","5007186","November 9, 2021-KB5007186 (OS Builds 19041.1348, 19042.1348, and 19043.1348)","http://support.microsoft.com/kb/5007186","No LDR Only available","No LDR Only available","No LDR Only available"," ","21-11Rollup"
"Lsass.exe","Dom_LSA","6.2.19041.1266","0","2-Nov-2021","GDR","5007186","November 9, 2021-KB5007186 (OS Builds 19041.1348, 19042.1348, and 19043.1348)","http://support.microsoft.com/kb/5007186","No LDR Only available","No LDR Only available","No LDR Only available"," ","21-11Rollup"
"Lsasrv.dll","Dom_LSA","6.2.19041.1348","0","2-Nov-2021","GDR","5007186","November 9, 2021-KB5007186 (OS Builds 19041.1348, 19042.1348, and 19043.1348)","http://support.microsoft.com/kb/5007186","No LDR Only available","No LDR Only available","No LDR Only available"," ","21-11Rollup"
"Ksecdd.sys","Dom_LSA","6.2.19041.1266","0","2-Nov-2021","GDR","5007186","November 9, 2021-KB5007186 (OS Builds 19041.1348, 19042.1348, and 19043.1348)","http://support.microsoft.com/kb/5007186","No LDR Only available","No LDR Only available","No LDR Only available"," ","21-11Rollup"
"Ksecpkg.sys","Dom_LSA","6.2.19041.1288","0","2-Nov-2021","GDR","5007186","November 9, 2021-KB5007186 (OS Builds 19041.1348, 19042.1348, and 19043.1348)","http://support.microsoft.com/kb/5007186","No LDR Only available","No LDR Only available","No LDR Only available"," ","21-11Rollup"
"Secur32.dll","Dom_LSA","6.2.19041.546","0","2-Nov-2021","GDR","5007186","November 9, 2021-KB5007186 (OS Builds 19041.1348, 19042.1348, and 19043.1348)","http://support.microsoft.com/kb/5007186","No LDR Only available","No LDR Only available","No LDR Only available"," ","21-11Rollup"
"Sspicli.dll","Dom_LSA","6.2.19041.1266","0","21-Sep-21","GDR","5007186","November 9, 2021-KB5007186 (OS Builds 19041.1348, 19042.1348, and 19043.1348)","http://support.microsoft.com/kb/5007186","No LDR Only available","No LDR Only available","No LDR Only available"," ","21-11Rollup"
"Sspisrv.dll","Dom_LSA","6.2.19041.1266","0","2-Nov-2021","GDR","5007186","November 9, 2021-KB5007186 (OS Builds 19041.1348, 19042.1348, and 19043.1348)","http://support.microsoft.com/kb/5007186","No LDR Only available","No LDR Only available","No LDR Only available"," ","21-11Rollup"
"Schannel.dll","Dom_LSA","6.2.19041.789","0","2-Nov-2021","GDR","5007186","November 9, 2021-KB5007186 (OS Builds 19041.1348, 19042.1348, and 19043.1348)","http://support.microsoft.com/kb/5007186","No LDR Only available","No LDR Only available","No LDR Only available"," ","21-11Rollup"
"Scesrv.dll","Dom_SecAuditAndConfig","6.2.19041.488","1","2-Nov-2021","GDR","5007186","November 9, 2021-KB5007186 (OS Builds 19041.1348, 19042.1348, and 19043.1348)","http://support.microsoft.com/kb/5007186","No LDR Only available","No LDR Only available","No LDR Only available"," ","21-11Rollup"
"Winscard.dll","Dom_SC_Provider","6.2.19041.844","1","2-Nov-2021","GDR","5007186","November 9, 2021-KB5007186 (OS Builds 19041.1348, 19042.1348, and 19043.1348)","http://support.microsoft.com/kb/5007186","No LDR Only available","No LDR Only available","No LDR Only available"," ","21-11Rollup"
"ScardSvr.dll","Dom_SC_Srv","6.2.19041.844","1","2-Nov-2021","GDR","5007186","November 9, 2021-KB5007186 (OS Builds 19041.1348, 19042.1348, and 19043.1348)","http://support.microsoft.com/kb/5007186","No LDR Only available","No LDR Only available","No LDR Only available"," ","21-11Rollup"
"Scfilter.sys","Dom_SC_Srv","6.2.19041.844","1","2-Nov-2021","GDR","5007186","November 9, 2021-KB5007186 (OS Builds 19041.1348, 19042.1348, and 19043.1348)","http://support.microsoft.com/kb/5007186","No LDR Only available","No LDR Only available","No LDR Only available"," ","21-11Rollup"
"Certprop.dll","Dom_SC_Srv","6.2.19041.844","1","2-Nov-2021","GDR","5007186","November 9, 2021-KB5007186 (OS Builds 19041.1348, 19042.1348, and 19043.1348)","http://support.microsoft.com/kb/5007186","No LDR Only available","No LDR Only available","No LDR Only available"," ","21-11Rollup"
"Crypt32.dll","Dom_CRYPTO","6.2.19041.1320","1","2-Nov-2021","GDR","5007186","November 9, 2021-KB5007186 (OS Builds 19041.1348, 19042.1348, and 19043.1348)","http://support.microsoft.com/kb/5007186","No LDR Only available","No LDR Only available","No LDR Only available"," ","21-11Rollup"
"Cryptnet.dll","Dom_CRYPTO","6.2.19041.906","1","2-Nov-2021","GDR","5007186","November 9, 2021-KB5007186 (OS Builds 19041.1348, 19042.1348, and 19043.1348)","http://support.microsoft.com/kb/5007186","No LDR Only available","No LDR Only available","No LDR Only available"," ","21-11Rollup"
"Wintrust.dll","Dom_CRYPTO","6.2.19041.1266","1","2-Nov-2021","GDR","5007186","November 9, 2021-KB5007186 (OS Builds 19041.1348, 19042.1348, and 19043.1348)","http://support.microsoft.com/kb/5007186","No LDR Only available","No LDR Only available","No LDR Only available"," ","21-11Rollup"
"Cryptdll.dll","Dom_CRYPTO","6.2.19041.546","1","2-Nov-2021","GDR","5007186","November 9, 2021-KB5007186 (OS Builds 19041.1348, 19042.1348, and 19043.1348)","http://support.microsoft.com/kb/5007186","No LDR Only available","No LDR Only available","No LDR Only available"," ","21-11Rollup"
"Cryptcatsvc.dll","Dom_CRYPTO","6.2.19041.508","1","2-Nov-2021","GDR","5007186","November 9, 2021-KB5007186 (OS Builds 19041.1348, 19042.1348, and 19043.1348)","http://support.microsoft.com/kb/5007186","No LDR Only available","No LDR Only available","No LDR Only available"," ","21-11Rollup"
"Dimsroam.dll","Dom_DIMS","6.2.19041.906","1","2-Nov-2021","GDR","5007186","November 9, 2021-KB5007186 (OS Builds 19041.1348, 19042.1348, and 19043.1348)","http://support.microsoft.com/kb/5007186","No LDR Only available","No LDR Only available","No LDR Only available"," ","21-11Rollup"
"Adprovider.dll","Dom_DIMS","6.2.19041.906","1","2-Nov-2021","GDR","5007186","November 9, 2021-KB5007186 (OS Builds 19041.1348, 19042.1348, and 19043.1348)","http://support.microsoft.com/kb/5007186","No LDR Only available","No LDR Only available","No LDR Only available"," ","21-11Rollup"
"Capiprovider.dll","Dom_DIMS","6.2.19041.906","1","2-Nov-2021","GDR","5007186","November 9, 2021-KB5007186 (OS Builds 19041.1348, 19042.1348, and 19043.1348)","http://support.microsoft.com/kb/5007186","No LDR Only available","No LDR Only available","No LDR Only available"," ","21-11Rollup"
"Cngprovider.dll","Dom_DIMS","6.2.19041.906","1","2-Nov-2021","GDR","5007186","November 9, 2021-KB5007186 (OS Builds 19041.1348, 19042.1348, and 19043.1348)","http://support.microsoft.com/kb/5007186","No LDR Only available","No LDR Only available","No LDR Only available"," ","21-11Rollup"
"Dpapiprovider.dll","Dom_DIMS","6.2.19041.906","1","2-Nov-2021","GDR","5007186","November 9, 2021-KB5007186 (OS Builds 19041.1348, 19042.1348, and 19043.1348)","http://support.microsoft.com/kb/5007186","No LDR Only available","No LDR Only available","No LDR Only available"," ","21-11Rollup"
"Wincredprovider.dll","Dom_DIMS","6.2.19041.906","1","2-Nov-2021","GDR","5007186","November 9, 2021-KB5007186 (OS Builds 19041.1348, 19042.1348, and 19043.1348)","http://support.microsoft.com/kb/5007186","No LDR Only available","No LDR Only available","No LDR Only available"," ","21-11Rollup"
"Gpapi.dll","Dom_GPSVC","6.2.19041.1151","1","21-Sep-21","GDR","5007186","November 9, 2021-KB5007186 (OS Builds 19041.1348, 19042.1348, and 19043.1348)","http://support.microsoft.com/kb/5007186","No LDR Only available","No LDR Only available","No LDR Only available"," ","21-11Rollup"
"Gpsvc.dll","Dom_GPSVC","6.2.19041.1151","1","2-Nov-2021","GDR","5007186","November 9, 2021-KB5007186 (OS Builds 19041.1348, 19042.1348, and 19043.1348)","http://support.microsoft.com/kb/5007186","No LDR Only available","No LDR Only available","No LDR Only available"," ","21-11Rollup"
"Gpmgmt.dll","Dom_GPSVC","6.2.19041.746","1","2-Nov-2021","GDR","5007186","November 9, 2021-KB5007186 (OS Builds 19041.1348, 19042.1348, and 19043.1348)","http://support.microsoft.com/kb/5007186","No LDR Only available","No LDR Only available","No LDR Only available"," ","21-11Rollup"
"Gprsop.dll","Dom_GPSVC","6.2.19041.572","1","2-Nov-2021","GDR","5007186","November 9, 2021-KB5007186 (OS Builds 19041.1348, 19042.1348, and 19043.1348)","http://support.microsoft.com/kb/5007186","No LDR Only available","No LDR Only available","No LDR Only available"," ","21-11Rollup"
"Userenv.dll","Dom_GPSVC","6.2.19041.572","1","2-Nov-2021","GDR","5007186","November 9, 2021-KB5007186 (OS Builds 19041.1348, 19042.1348, and 19043.1348)","http://support.microsoft.com/kb/5007186","No LDR Only available","No LDR Only available","No LDR Only available"," ","21-11Rollup"
"Appmgmts.dll","Dom_GPExt","6.2.19041.572","1","2-Nov-2021","GDR","5007186","November 9, 2021-KB5007186 (OS Builds 19041.1348, 19042.1348, and 19043.1348)","http://support.microsoft.com/kb/5007186","No LDR Only available","No LDR Only available","No LDR Only available"," ","21-11Rollup"
"Gpprefcl.dll","Dom_GPP","6.2.19041.388","1","2-Nov-2021","GDR","5007186","November 9, 2021-KB5007186 (OS Builds 19041.1348, 19042.1348, and 19043.1348)","http://support.microsoft.com/kb/5007186","No LDR Only available","No LDR Only available","No LDR Only available"," ","21-11Rollup"
"Gpme.dll","Dom_GPP","6.2.19041.572","1","2-Nov-2021","GDR","5007186","November 9, 2021-KB5007186 (OS Builds 19041.1348, 19042.1348, and 19043.1348)","http://support.microsoft.com/kb/5007186","No LDR Only available","No LDR Only available","No LDR Only available"," ","21-11Rollup"
"Gppref.dll","Dom_GPP","6.2.19041.746","1","2-Nov-2021","GDR","5007186","November 9, 2021-KB5007186 (OS Builds 19041.1348, 19042.1348, and 19043.1348)","http://support.microsoft.com/kb/5007186","No LDR Only available","No LDR Only available","No LDR Only available"," ","21-11Rollup"
"Gpprefbr.dll","Dom_GPP","6.2.19041.746","1","2-Nov-2021","GDR","5007186","November 9, 2021-KB5007186 (OS Builds 19041.1348, 19042.1348, and 19043.1348)","http://support.microsoft.com/kb/5007186","No LDR Only available","No LDR Only available","No LDR Only available"," ","21-11Rollup"
"Gpprefcn.dll","Dom_GPP","6.2.19041.746","1","2-Nov-2021","GDR","5007186","November 9, 2021-KB5007186 (OS Builds 19041.1348, 19042.1348, and 19043.1348)","http://support.microsoft.com/kb/5007186","No LDR Only available","No LDR Only available","No LDR Only available"," ","21-11Rollup"
"Gpregistrybrowser.dll","Dom_GPP","6.2.19041.746","1","2-Nov-2021","GDR","5007186","November 9, 2021-KB5007186 (OS Builds 19041.1348, 19042.1348, and 19043.1348)","http://support.microsoft.com/kb/5007186","No LDR Only available","No LDR Only available","No LDR Only available"," ","21-11Rollup"
"Propshts.dll","Dom_GPP","6.2.19041.1202","1","14-Sep-21","GDR","5007186","November 9, 2021-KB5007186 (OS Builds 19041.1348, 19042.1348, and 19043.1348)","http://support.microsoft.com/kb/5007186","No LDR Only available","No LDR Only available","No LDR Only available"," ","21-11Rollup"
"Profsvc.dll","Dom_ProfProc","6.2.19041.1266","1","2-Nov-2021","GDR","5007186","November 9, 2021-KB5007186 (OS Builds 19041.1348, 19042.1348, and 19043.1348)","http://support.microsoft.com/kb/5007186","No LDR Only available","No LDR Only available","No LDR Only available"," ","21-11Rollup"
"Esent.dll","Dom_ESENT","6.2.19041.1266","0","2-Nov-2021","GDR","5007186","November 9, 2021-KB5007186 (OS Builds 19041.1348, 19042.1348, and 19043.1348)","http://support.microsoft.com/kb/5007186","No LDR Only available","No LDR Only available","No LDR Only available"," ","21-11Rollup"
"Ntdsai.dll","Dom_NTDSAI","6.2.19041.1348","0","2-Nov-2021","GDR","5007186","November 9, 2021-KB5007186 (OS Builds 19041.1348, 19042.1348, and 19043.1348)","http://support.microsoft.com/kb/5007186","No LDR Only available","No LDR Only available","No LDR Only available"," ","21-11Rollup"
"Ntdsutil.exe","Dom_NTDSAI","6.2.19041.844","0","2-Nov-2021","GDR","5007186","November 9, 2021-KB5007186 (OS Builds 19041.1348, 19042.1348, and 19043.1348)","http://support.microsoft.com/kb/5007186","No LDR Only available","No LDR Only available","No LDR Only available"," ","21-11Rollup"
"Samsrv.dll","Dom_SAMSRV","6.2.19041.1348","0","2-Nov-2021","GDR","5007186","November 9, 2021-KB5007186 (OS Builds 19041.1348, 19042.1348, and 19043.1348)","http://support.microsoft.com/kb/5007186","No LDR Only available","No LDR Only available","No LDR Only available"," ","21-11Rollup"
"Samlib.dll","Dom_SAMSRV","6.2.19041.1348","0","2-Nov-2021","GDR","5007186","November 9, 2021-KB5007186 (OS Builds 19041.1348, 19042.1348, and 19043.1348)","http://support.microsoft.com/kb/5007186","No LDR Only available","No LDR Only available","No LDR Only available"," ","21-11Rollup"
"Kdcsvc.dll","Dom_KDCSVC","6.2.19041.1348","0","2-Nov-2021","GDR","5007186","November 9, 2021-KB5007186 (OS Builds 19041.1348, 19042.1348, and 19043.1348)","http://support.microsoft.com/kb/5007186","No LDR Only available","No LDR Only available","No LDR Only available"," ","21-11Rollup"
"Dfsrs.exe","Dom_DFS-R","6.2.19041.1266","0","2-Nov-2021","GDR","5007186","November 9, 2021-KB5007186 (OS Builds 19041.1348, 19042.1348, and 19043.1348)","http://support.microsoft.com/kb/5007186","No LDR Only available","No LDR Only available","No LDR Only available"," ","21-11Rollup"
"Dfsrress.dll","Dom_DFS-R","6.2.19041.662","0","2-Nov-2021","GDR","5007186","November 9, 2021-KB5007186 (OS Builds 19041.1348, 19042.1348, and 19043.1348)","http://support.microsoft.com/kb/5007186","No LDR Only available","No LDR Only available","No LDR Only available"," ","21-11Rollup"
"Microsoft.identityserver.service.dll","Dom_ADFS","6.2.19041.1288","0","2-Nov-2021","GDR","5007186","November 9, 2021-KB5007186 (OS Builds 19041.1348, 19042.1348, and 19043.1348)","http://support.microsoft.com/kb/5007186","No LDR Only available","No LDR Only available","No LDR Only available"," ","21-11Rollup"
"Microsoft.identityserver.web.dll","Dom_ADFS","6.2.19041.1320","0","2-Nov-2021","GDR","5007186","November 9, 2021-KB5007186 (OS Builds 19041.1348, 19042.1348, and 19043.1348)","http://support.microsoft.com/kb/5007186","No LDR Only available","No LDR Only available","No LDR Only available"," ","21-11Rollup"
"Microsoft.identityserver.dll","Dom_ADFS","6.2.19041.1110","0","2-Nov-2021","GDR","5007186","November 9, 2021-KB5007186 (OS Builds 19041.1348, 19042.1348, and 19043.1348)","http://support.microsoft.com/kb/5007186","No LDR Only available","No LDR Only available","No LDR Only available"," ","21-11Rollup"
"Clussvc.exe","Cluster_Core","6.2.19041.1320","0","2-Nov-2021","GDR","5007186","November 9, 2021-KB5007186 (OS Builds 19041.1348, 19042.1348, and 19043.1348)","http://support.microsoft.com/kb/5007186","No LDR Only available","No LDR Only available","No LDR Only available"," ","21-11Rollup"
"ClusWMI.dll","Cluster_Core","6.2.19041.1202","0","2-Nov-2021","GDR","5007186","November 9, 2021-KB5007186 (OS Builds 19041.1348, 19042.1348, and 19043.1348)","http://support.microsoft.com/kb/5007186","No LDR Only available","No LDR Only available","No LDR Only available"," ","21-11Rollup"
"Rhs.exe","Cluster_Core","6.2.19041.1202","0","2-Nov-2021","GDR","5007186","November 9, 2021-KB5007186 (OS Builds 19041.1348, 19042.1348, and 19043.1348)","http://support.microsoft.com/kb/5007186","No LDR Only available","No LDR Only available","No LDR Only available"," ","21-11Rollup"
"Clusres.dll","Cluster_Core","6.2.19041.1266","0","2-Nov-2021","GDR","5007186","November 9, 2021-KB5007186 (OS Builds 19041.1348, 19042.1348, and 19043.1348)","http://support.microsoft.com/kb/5007186","No LDR Only available","No LDR Only available","No LDR Only available"," ","21-11Rollup"
"Clusres2.dll","Cluster_Core","6.2.19041.1202","0","2-Nov-2021","GDR","5007186","November 9, 2021-KB5007186 (OS Builds 19041.1348, 19042.1348, and 19043.1348)","http://support.microsoft.com/kb/5007186","No LDR Only available","No LDR Only available","No LDR Only available"," ","21-11Rollup"
"Netft.sys","Cluster_Core","6.2.19041.1320","0","2-Nov-2021","GDR","5007186","November 9, 2021-KB5007186 (OS Builds 19041.1348, 19042.1348, and 19043.1348)","http://support.microsoft.com/kb/5007186","No LDR Only available","No LDR Only available","No LDR Only available"," ","21-11Rollup"
"Csvfs.sys","Cluster_CSV","6.2.19041.546","0","2-Nov-2021","GDR","5007186","November 9, 2021-KB5007186 (OS Builds 19041.1348, 19042.1348, and 19043.1348)","http://support.microsoft.com/kb/5007186","No LDR Only available","No LDR Only available","No LDR Only available"," ","21-11Rollup"
"Vhdmp.sys","Cluster_CSV","6.2.19041.1266","0","2-Nov-2021","GDR","5007186","November 9, 2021-KB5007186 (OS Builds 19041.1348, 19042.1348, and 19043.1348)","http://support.microsoft.com/kb/5007186","No LDR Only available","No LDR Only available","No LDR Only available"," ","21-11Rollup"
"Svhdxflt.sys","Cluster_CSV","6.2.19041.928","0","2-Nov-2021","GDR","5007186","November 9, 2021-KB5007186 (OS Builds 19041.1348, 19042.1348, and 19043.1348)","http://support.microsoft.com/kb/5007186","No LDR Only available","No LDR Only available","No LDR Only available"," ","21-11Rollup"
"Volsnap.sys","Cluster_Volsnap","6.2.19041.488","0","2-Nov-2021","GDR","5007186","November 9, 2021-KB5007186 (OS Builds 19041.1348, 19042.1348, and 19043.1348)","http://support.microsoft.com/kb/5007186","No LDR Only available","No LDR Only available","No LDR Only available"," ","21-11Rollup"
"Cprepsrv.exe","Cluster_Validation","6.2.19041.1202","1","2-Nov-2021","GDR","5007186","November 9, 2021-KB5007186 (OS Builds 19041.1348, 19042.1348, and 19043.1348)","http://support.microsoft.com/kb/5007186","No LDR Only available","No LDR Only available","No LDR Only available"," ","21-11Rollup"
"Failoverclusters.agent.interop.dll","Cluster_Validation","6.2.19041.662","1","2-Nov-2021","GDR","5007186","November 9, 2021-KB5007186 (OS Builds 19041.1348, 19042.1348, and 19043.1348)","http://support.microsoft.com/kb/5007186","No LDR Only available","No LDR Only available","No LDR Only available"," ","21-11Rollup"
"Ntoskrnl.exe","Core_Kernel","6.2.19041.1348","0","2-Nov-2021","GDR","5007186","November 9, 2021-KB5007186 (OS Builds 19041.1348, 19042.1348, and 19043.1348)","http://support.microsoft.com/kb/5007186","No LDR Only available","No LDR Only available","No LDR Only available"," ","21-11Rollup"
"Ntdll.dll","Core_Kernel","6.2.19041.1288","0","2-Nov-2021","GDR","5007186","November 9, 2021-KB5007186 (OS Builds 19041.1348, 19042.1348, and 19043.1348)","http://support.microsoft.com/kb/5007186","No LDR Only available","No LDR Only available","No LDR Only available"," ","21-11Rollup"
"Hal.dll","Core_Kernel","6.2.19041.1151","0","2-Nov-2021","GDR","5007186","November 9, 2021-KB5007186 (OS Builds 19041.1348, 19042.1348, and 19043.1348)","http://support.microsoft.com/kb/5007186","No LDR Only available","No LDR Only available","No LDR Only available"," ","21-11Rollup"
"Fltmgr.sys","Core_Kernel","6.2.19041.1151","0","2-Nov-2021","GDR","5007186","November 9, 2021-KB5007186 (OS Builds 19041.1348, 19042.1348, and 19043.1348)","http://support.microsoft.com/kb/5007186","No LDR Only available","No LDR Only available","No LDR Only available"," ","21-11Rollup"
"win32k.sys","Core_Kernel","6.2.19041.1320","0","2-Nov-2021","GDR","5007186","November 9, 2021-KB5007186 (OS Builds 19041.1348, 19042.1348, and 19043.1348)","http://support.microsoft.com/kb/5007186","No LDR Only available","No LDR Only available","No LDR Only available"," ","21-11Rollup"
"Ntfs.sys","Core_FileSystem","6.2.19041.1348","0","2-Nov-2021","GDR","5007186","November 9, 2021-KB5007186 (OS Builds 19041.1348, 19042.1348, and 19043.1348)","http://support.microsoft.com/kb/5007186","No LDR Only available","No LDR Only available","No LDR Only available"," ","21-11Rollup"
"dedup.sys","Core_FileSystem","6.2.19041.1202","0","2-Nov-2021","GDR","5007186","November 9, 2021-KB5007186 (OS Builds 19041.1348, 19042.1348, and 19043.1348)","http://support.microsoft.com/kb/5007186","No LDR Only available","No LDR Only available","No LDR Only available"," ","21-11Rollup"
"Msiscsi.sys","Core_DiskSystem","6.2.19041.1151","0","2-Nov-2021","GDR","5007186","November 9, 2021-KB5007186 (OS Builds 19041.1348, 19042.1348, and 19043.1348)","http://support.microsoft.com/kb/5007186","No LDR Only available","No LDR Only available","No LDR Only available"," ","21-11Rollup"
"Iscsitgt.dll","Core_DiskSystem","6.2.19041.746","0","2-Nov-2021","GDR","5007186","November 9, 2021-KB5007186 (OS Builds 19041.1348, 19042.1348, and 19043.1348)","http://support.microsoft.com/kb/5007186","No LDR Only available","No LDR Only available","No LDR Only available"," ","21-11Rollup"
"Storport.sys","Core_DiskSystem","6.2.19041.1320","0","2-Nov-2021","GDR","5007186","November 9, 2021-KB5007186 (OS Builds 19041.1348, 19042.1348, and 19043.1348)","http://support.microsoft.com/kb/5007186","No LDR Only available","No LDR Only available","No LDR Only available"," ","21-11Rollup"
"Repdrvfs.dll","Core_WMI","6.2.19041.1266","0","2-Nov-2021","GDR","5007186","November 9, 2021-KB5007186 (OS Builds 19041.1348, 19042.1348, and 19043.1348)","http://support.microsoft.com/kb/5007186","No LDR Only available","No LDR Only available","No LDR Only available"," ","21-11Rollup"
"Mpio.sys","Core_MPIO","6.2.19041.789","0","2-Nov-2021","GDR","5007186","November 9, 2021-KB5007186 (OS Builds 19041.1348, 19042.1348, and 19043.1348)","http://support.microsoft.com/kb/5007186","No LDR Only available","No LDR Only available","No LDR Only available"," ","21-11Rollup"
"Advapi32.dll","Core_Apps","6.2.19041.1052","0","2-Nov-2021","GDR","5007186","November 9, 2021-KB5007186 (OS Builds 19041.1348, 19042.1348, and 19043.1348)","http://support.microsoft.com/kb/5007186","No LDR Only available","No LDR Only available","No LDR Only available"," ","21-11Rollup"
"Vssapi.dll","Core_VSS","6.2.19041.1320","1","2-Nov-2021","GDR","5007186","November 9, 2021-KB5007186 (OS Builds 19041.1348, 19042.1348, and 19043.1348)","http://support.microsoft.com/kb/5007186","No LDR Only available","No LDR Only available","No LDR Only available"," ","21-11Rollup"
"Vsstrace.dll","Core_VSS","6.2.19041.546","1","2-Nov-2021","GDR","5007186","November 9, 2021-KB5007186 (OS Builds 19041.1348, 19042.1348, and 19043.1348)","http://support.microsoft.com/kb/5007186","No LDR Only available","No LDR Only available","No LDR Only available"," ","21-11Rollup"
"Swprv.dll","Core_VSS","6.2.19041.1320","1","2-Nov-2021","GDR","5007186","November 9, 2021-KB5007186 (OS Builds 19041.1348, 19042.1348, and 19043.1348)","http://support.microsoft.com/kb/5007186","No LDR Only available","No LDR Only available","No LDR Only available"," ","21-11Rollup"
"spp.dll","Core_VSS","6.2.19041.746","1","2-Nov-2021","GDR","5007186","November 9, 2021-KB5007186 (OS Builds 19041.1348, 19042.1348, and 19043.1348)","http://support.microsoft.com/kb/5007186","No LDR Only available","No LDR Only available","No LDR Only available"," ","21-11Rollup"
"wbengine.exe","Core_VSS","6.2.19041.746","1","2-Nov-2021","GDR","5007186","November 9, 2021-KB5007186 (OS Builds 19041.1348, 19042.1348, and 19043.1348)","http://support.microsoft.com/kb/5007186","No LDR Only available","No LDR Only available","No LDR Only available"," ","21-11Rollup"
"blbsrv.dll","Core_VSS","6.2.19041.746","1","2-Nov-2021","GDR","5007186","November 9, 2021-KB5007186 (OS Builds 19041.1348, 19042.1348, and 19043.1348)","http://support.microsoft.com/kb/5007186","No LDR Only available","No LDR Only available","No LDR Only available"," ","21-11Rollup"
"pci.sys","Core_Sys","6.2.19041.1202","1","2-Nov-2021","GDR","5007186","November 9, 2021-KB5007186 (OS Builds 19041.1348, 19042.1348, and 19043.1348)","http://support.microsoft.com/kb/5007186","No LDR Only available","No LDR Only available","No LDR Only available"," ","21-11Rollup"
"Volmgr.sys","Core_Sys","6.2.19041.928","1","2-Nov-2021","GDR","5007186","November 9, 2021-KB5007186 (OS Builds 19041.1348, 19042.1348, and 19043.1348)","http://support.microsoft.com/kb/5007186","No LDR Only available","No LDR Only available","No LDR Only available"," ","21-11Rollup"
"Tzres.dll","Core_TimeZone","6.2.19041.906","1","2-Nov-2021","GDR","5007186","November 9, 2021-KB5007186 (OS Builds 19041.1348, 19042.1348, and 19043.1348)","http://support.microsoft.com/kb/5007186","No LDR Only available","No LDR Only available","No LDR Only available"," ","21-11Rollup"
"Vmswitch.sys","Hyper-V_Net","6.2.19041.1348","1","2-Nov-2021","GDR","5007186","November 9, 2021-KB5007186 (OS Builds 19041.1348, 19042.1348, and 19043.1348)","http://support.microsoft.com/kb/5007186","No LDR Only available","No LDR Only available","No LDR Only available"," ","21-11Rollup"
"Ndisimplatform.sys","Hyper-V_Net","6.2.19041.546","1","2-Nov-2021","GDR","5007186","November 9, 2021-KB5007186 (OS Builds 19041.1348, 19042.1348, and 19043.1348)","http://support.microsoft.com/kb/5007186","No LDR Only available","No LDR Only available","No LDR Only available"," ","21-11Rollup"
"Vmms.exe","Hyper-V_Net","6.2.19041.1320","1","2-Nov-2021","GDR","5007186","November 9, 2021-KB5007186 (OS Builds 19041.1348, 19042.1348, and 19043.1348)","http://support.microsoft.com/kb/5007186","No LDR Only available","No LDR Only available","No LDR Only available"," ","21-11Rollup"
"Winnat.sys","Hyper-V_Net","6.2.19041.1320","1","2-Nov-2021","GDR","5007186","November 9, 2021-KB5007186 (OS Builds 19041.1348, 19042.1348, and 19043.1348)","http://support.microsoft.com/kb/5007186","No LDR Only available","No LDR Only available","No LDR Only available"," ","21-11Rollup"
"Wmisvc.dll","Hyper-V_Net","6.2.19041.844","1","2-Nov-2021","GDR","5007186","November 9, 2021-KB5007186 (OS Builds 19041.1348, 19042.1348, and 19043.1348)","http://support.microsoft.com/kb/5007186","No LDR Only available","No LDR Only available","No LDR Only available"," ","21-11Rollup"
"Vmbus.sys","Hyper-V_Net","6.2.19041.1110","1","2-Nov-2021","GDR","5007186","November 9, 2021-KB5007186 (OS Builds 19041.1348, 19042.1348, and 19043.1348)","http://support.microsoft.com/kb/5007186","No LDR Only available","No LDR Only available","No LDR Only available"," ","21-11Rollup"
"Rasapi32.dll","HNV_Net","6.2.19041.1320","1","2-Nov-2021","GDR","5007186","November 9, 2021-KB5007186 (OS Builds 19041.1348, 19042.1348, and 19043.1348)","http://support.microsoft.com/kb/5007186","No LDR Only available","No LDR Only available","No LDR Only available"," ","21-11Rollup"
"Vmwp.exe","Hyper-V_app","6.2.19041.1320","1","21-Sep-21","GDR","5007186","November 9, 2021-KB5007186 (OS Builds 19041.1348, 19042.1348, and 19043.1348)","http://support.microsoft.com/kb/5007186","No LDR Only available","No LDR Only available","No LDR Only available"," ","21-11Rollup"
"Rdpshell.exe","RDS_remote_App","6.2.19041.1266","0","2-Nov-2021","GDR","5007186","November 9, 2021-KB5007186 (OS Builds 19041.1348, 19042.1348, and 19043.1348)","http://support.microsoft.com/kb/5007186","No LDR Only available","No LDR Only available","No LDR Only available"," ","21-11Rollup"
"Rdsdwmdr.dll","RDS_remote_App","6.2.19041.1348","0","2-Nov-2021","GDR","5007186","November 9, 2021-KB5007186 (OS Builds 19041.1348, 19042.1348, and 19043.1348)","http://support.microsoft.com/kb/5007186","No LDR Only available","No LDR Only available","No LDR Only available"," ","21-11Rollup"
"Tscfgwmi.dll","RDS_remote_App","6.2.19041.964","0","2-Nov-2021","GDR","5007186","November 9, 2021-KB5007186 (OS Builds 19041.1348, 19042.1348, and 19043.1348)","http://support.microsoft.com/kb/5007186","No LDR Only available","No LDR Only available","No LDR Only available"," ","21-11Rollup"
"Audioeng.dll","RDS_devRdr","6.2.19041.1320","1","2-Nov-2021","GDR","5007186","November 9, 2021-KB5007186 (OS Builds 19041.1348, 19042.1348, and 19043.1348)","http://support.microsoft.com/kb/5007186","No LDR Only available","No LDR Only available","No LDR Only available"," ","21-11Rollup"
"Audiokse.dll","RDS_devRdr","6.2.19041.1320","1","21-Sep-21","GDR","5007186","November 9, 2021-KB5007186 (OS Builds 19041.1348, 19042.1348, and 19043.1348)","http://support.microsoft.com/kb/5007186","No LDR Only available","No LDR Only available","No LDR Only available"," ","21-11Rollup"
"Audioses.dll","RDS_devRdr","6.2.19041.1023","1","2-Nov-2021","GDR","5007186","November 9, 2021-KB5007186 (OS Builds 19041.1348, 19042.1348, and 19043.1348)","http://support.microsoft.com/kb/5007186","No LDR Only available","No LDR Only available","No LDR Only available"," ","21-11Rollup"
"Audiosrv.dll","RDS_devRdr","6.2.19041.1320","1","2-Nov-2021","GDR","5007186","November 9, 2021-KB5007186 (OS Builds 19041.1348, 19042.1348, and 19043.1348)","http://support.microsoft.com/kb/5007186","No LDR Only available","No LDR Only available","No LDR Only available"," ","21-11Rollup"
"Vmrdvcore.dll","RDS_vHost","6.2.19041.964","0","2-Nov-2021","GDR","5007186","November 9, 2021-KB5007186 (OS Builds 19041.1348, 19042.1348, and 19043.1348)","http://support.microsoft.com/kb/5007186","No LDR Only available","No LDR Only available","No LDR Only available"," ","21-11Rollup"
"dxgkrnl.sys","RDS_host","6.2.19041.1320","1","2-Nov-2021","GDR","5007186","November 9, 2021-KB5007186 (OS Builds 19041.1348, 19042.1348, and 19043.1348)","http://support.microsoft.com/kb/5007186","No LDR Only available","No LDR Only available","No LDR Only available"," ","21-11Rollup"
"sessenv.dll","RDS_host","6.2.19041.964","1","2-Nov-2021","GDR","5007186","November 9, 2021-KB5007186 (OS Builds 19041.1348, 19042.1348, and 19043.1348)","http://support.microsoft.com/kb/5007186","No LDR Only available","No LDR Only available","No LDR Only available"," ","21-11Rollup"
"Localspl.dll","Print_Spool","6.2.19041.1288","0","2-Nov-2021","GDR","5007186","November 9, 2021-KB5007186 (OS Builds 19041.1348, 19042.1348, and 19043.1348)","http://support.microsoft.com/kb/5007186","No LDR Only available","No LDR Only available","No LDR Only available"," ","21-11Rollup"
"Win32spl.dll","Print_Spool","6.2.19041.1320","0","2-Nov-2021","GDR","5007186","November 9, 2021-KB5007186 (OS Builds 19041.1348, 19042.1348, and 19043.1348)","http://support.microsoft.com/kb/5007186","No LDR Only available","No LDR Only available","No LDR Only available"," ","21-11Rollup"
"Spoolss.dll","Print_Spool","6.2.19041.1288","0","2-Nov-2021","GDR","5007186","November 9, 2021-KB5007186 (OS Builds 19041.1348, 19042.1348, and 19043.1348)","http://support.microsoft.com/kb/5007186","No LDR Only available","No LDR Only available","No LDR Only available"," ","21-11Rollup"
"Spoolsv.exe","Print_Spool","6.2.19041.1288","0","2-Nov-2021","GDR","5007186","November 9, 2021-KB5007186 (OS Builds 19041.1348, 19042.1348, and 19043.1348)","http://support.microsoft.com/kb/5007186","No LDR Only available","No LDR Only available","No LDR Only available"," ","21-11Rollup"
"Winspool.drv","Print_Spool","6.2.19041.1288","0","2-Nov-2021","GDR","5007186","November 9, 2021-KB5007186 (OS Builds 19041.1348, 19042.1348, and 19043.1348)","http://support.microsoft.com/kb/5007186","No LDR Only available","No LDR Only available","No LDR Only available"," ","21-11Rollup"
"Ntprint.exe","Print_App","6.2.19041.1288","0","2-Nov-2021","GDR","5007186","November 9, 2021-KB5007186 (OS Builds 19041.1348, 19042.1348, and 19043.1348)","http://support.microsoft.com/kb/5007186","No LDR Only available","No LDR Only available","No LDR Only available"," ","21-11Rollup"
"Printui.dll","Print_App","6.2.19041.1237","0","2-Nov-2021","GDR","5007186","November 9, 2021-KB5007186 (OS Builds 19041.1348, 19042.1348, and 19043.1348)","http://support.microsoft.com/kb/5007186","No LDR Only available","No LDR Only available","No LDR Only available"," ","21-11Rollup"
"Printfilterpipelineprxy.dll","Print_App","6.2.19041.867","0","2-Nov-2021","GDR","5007186","November 9, 2021-KB5007186 (OS Builds 19041.1348, 19042.1348, and 19043.1348)","http://support.microsoft.com/kb/5007186","No LDR Only available","No LDR Only available","No LDR Only available"," ","21-11Rollup"
"Printfilterpipelinesvc.exe","Print_App","6.2.19041.867","0","2-Nov-2021","GDR","5007186","November 9, 2021-KB5007186 (OS Builds 19041.1348, 19042.1348, and 19043.1348)","http://support.microsoft.com/kb/5007186","No LDR Only available","No LDR Only available","No LDR Only available"," ","21-11Rollup"
"Printbrm.exe","Print_App","6.2.19041.450","0","2-Nov-2021","GDR","5007186","November 9, 2021-KB5007186 (OS Builds 19041.1348, 19042.1348, and 19043.1348)","http://support.microsoft.com/kb/5007186","No LDR Only available","No LDR Only available","No LDR Only available"," ","21-11Rollup"
"splwow64.exe","Print_App","6.2.19041.1288","0","2-Nov-2021","GDR","5007186","November 9, 2021-KB5007186 (OS Builds 19041.1348, 19042.1348, and 19043.1348)","http://support.microsoft.com/kb/5007186","No LDR Only available","No LDR Only available","No LDR Only available"," ","21-11Rollup"
"Mshtml.dll","IE_Client","11.0.19041.1320","0","2-Nov-2021","GDR","5007186","November 9, 2021-KB5007186 (OS Builds 19041.1348, 19042.1348, and 19043.1348)","http://support.microsoft.com/kb/5007186","No LDR Only available","No LDR Only available","No LDR Only available"," ","21-11Rollup"
"5007186","Win20162004_21-11_B_rollup_KB"," ","0","09-Nov-2021","GDR","5007186","November 9, 2021-KB5007186 (OS Builds 19041.1348, 19042.1348, and 19043.1348)","http://support.microsoft.com/kb/5007186","KB only","KB only","KB only"," ","21-11Rollup"
