"Binary","Component","Version","Prio","Published","Branch","Article","Title","Link","LDROnlyKB","LDROnlyTitle","LDROnlyLink","Comment","RollupInfo"
"Swprv.dll","Core_VSS","6.2.22000.653","1","14-Jun-2022","GDR","5017383","September 20, 2022-KB5017383 (OS Build 22000.1042) Preview","http://support.microsoft.com/kb/5017383","No LDR Only available","No LDR Only available","No LDR Only available"," ","22-09Rollup"
"Nlaapi.dll","Net_NLA","6.2.22000.708","0","09-Aug-2022","GDR","5017383","September 20, 2022-KB5017383 (OS Build 22000.1042) Preview","http://support.microsoft.com/kb/5017383","No LDR Only available","No LDR Only available","No LDR Only available"," ","22-09Rollup"
"Mrxdav.sys","Net_WebDAV","6.2.22000.653","1","09-Aug-2022","GDR","5017383","September 20, 2022-KB5017383 (OS Build 22000.1042) Preview","http://support.microsoft.com/kb/5017383","No LDR Only available","No LDR Only available","No LDR Only available"," ","22-09Rollup"
"Ntprint.exe","Print_App","6.2.22000.653","0","09-Aug-2022","GDR","5017383","September 20, 2022-KB5017383 (OS Build 22000.1042) Preview","http://support.microsoft.com/kb/5017383","No LDR Only available","No LDR Only available","No LDR Only available"," ","22-09Rollup"
"Winnat.sys","Hyper-V_Net","6.2.22000.653","1","26-Aug-2022","GDR","5017383","September 20, 2022-KB5017383 (OS Build 22000.1042) Preview","http://support.microsoft.com/kb/5017383","No LDR Only available","No LDR Only available","No LDR Only available"," ","22-09Rollup"
"Webclnt.dll","Net_WebDAV","6.2.22000.653","1","13-Sep-2022","GDR","5017383","September 20, 2022-KB5017383 (OS Build 22000.1042) Preview","http://support.microsoft.com/kb/5017383","No LDR Only available","No LDR Only available","No LDR Only available"," ","22-09Rollup"
"wlanapi.dll","Net_WLAN_Client","6.2.22000.832","1","13-Sep-2022","GDR","5017383","September 20, 2022-KB5017383 (OS Build 22000.1042) Preview","http://support.microsoft.com/kb/5017383","No LDR Only available","No LDR Only available","No LDR Only available"," ","22-09Rollup"
