"Binary","Component","Version","Prio","Published","Branch","Article","Title","Link","LDROnlyKB","LDROnlyTitle","LDROnlyLink","Comment","RollupInfo"
"Ntoskrnl.exe","Core_Kernel","6.2.10240.19747","0","31-Jan-2023","GDR","5022858","February 14, 2023-KB5022858 (OS Build 10240.19747)","http://support.microsoft.com/kb/5022858","No LDR Only available","No LDR Only available","No LDR Only available"," ","23-02Rollup"
"Ntkrnlpa.exe","Core_Kernel","6.2.10240.0","0","","RTM","5022858","","","","","","",""
"Crashdmp.sys","Core_Kernel","6.2.10240.0","0","","RTM","5022858","","","","","","",""
"Ntfs.sys","Core_FileSystem","6.2.10240.19507","0","03-Oct-2022","GDR","5022858","February 14, 2023-KB5022858 (OS Build 10240.19747)","http://support.microsoft.com/kb/5022858","No LDR Only available","No LDR Only available","No LDR Only available"," ","23-02Rollup"
"dedup.sys","Core_FileSystem","6.2.10240.0","0","","RTM","5022858","","","","","","",""
"Robocopy.exe","Net_Applications","6.2.10240.0","1","","RTM","5022858","","","","","","",""
"srv.sys","Net_SMB_Server","6.2.10240.19747","0","30-Jan-2023","GDR","5022858","February 14, 2023-KB5022858 (OS Build 10240.19747)","http://support.microsoft.com/kb/5022858","No LDR Only available","No LDR Only available","No LDR Only available"," ","23-02Rollup"
"srv2.sys","Net_SMB_Server","6.2.10240.19747","0","30-Jan-2023","GDR","5022858","February 14, 2023-KB5022858 (OS Build 10240.19747)","http://support.microsoft.com/kb/5022858","No LDR Only available","No LDR Only available","No LDR Only available"," ","23-02Rollup"
"srvnet.sys","Net_SMB_Server","6.2.10240.19297","0","02-May-2022","GDR","5022858","February 14, 2023-KB5022858 (OS Build 10240.19747)","http://support.microsoft.com/kb/5022858","No LDR Only available","No LDR Only available","No LDR Only available"," ","23-02Rollup"
"Srvsvc.dll","Net_SMB_Server","6.2.10240.19507","0","03-Oct-2022","GDR","5022858","February 14, 2023-KB5022858 (OS Build 10240.19747)","http://support.microsoft.com/kb/5022858","No LDR Only available","No LDR Only available","No LDR Only available"," ","23-02Rollup"
"Mrxsmb.sys","Net_SMB_Client","6.2.10240.19265","0","30-Mar-2022","GDR","5022858","February 14, 2023-KB5022858 (OS Build 10240.19747)","http://support.microsoft.com/kb/5022858","No LDR Only available","No LDR Only available","No LDR Only available"," ","23-02Rollup"
"Mrxsmb10.sys","Net_SMB_Client","6.2.10240.19265","0","30-Mar-2022","GDR","5022858","February 14, 2023-KB5022858 (OS Build 10240.19747)","http://support.microsoft.com/kb/5022858","No LDR Only available","No LDR Only available","No LDR Only available"," ","23-02Rollup"
"Mrxsmb20.sys","Net_SMB_Client","6.2.10240.19265","0","30-Mar-2022","GDR","5022858","February 14, 2023-KB5022858 (OS Build 10240.19747)","http://support.microsoft.com/kb/5022858","No LDR Only available","No LDR Only available","No LDR Only available"," ","23-02Rollup"
"Rdbss.sys","Net_SMB_Client","6.2.10240.19060","0","11-Sep-2021","GDR","5022858","February 14, 2023-KB5022858 (OS Build 10240.19747)","http://support.microsoft.com/kb/5022858","No LDR Only available","No LDR Only available","No LDR Only available"," ","23-02Rollup"
"Netbt.sys","Net_SMB_Client","6.2.10240.18725","0","29-Sep-2020","GDR","5022858","February 14, 2023-KB5022858 (OS Build 10240.19747)","http://support.microsoft.com/kb/5022858","No LDR Only available","No LDR Only available","No LDR Only available"," ","23-02Rollup"
"Mup.sys","Net_SMB_Client","6.2.10240.0","0","","RTM","5022858","","","","","","",""
"wkssvc.dll","Net_SMB_Client","6.2.10240.19507","0","03-Oct-2022","GDR","5022858","February 14, 2023-KB5022858 (OS Build 10240.19747)","http://support.microsoft.com/kb/5022858","No LDR Only available","No LDR Only available","No LDR Only available"," ","23-02Rollup"
"Mpr.dll","Net_SMB_Client","6.2.10240.18158","0","06-Mar-2019","GDR","5022858","February 14, 2023-KB5022858 (OS Build 10240.19747)","http://support.microsoft.com/kb/5022858","No LDR Only available","No LDR Only available","No LDR Only available"," ","23-02Rollup"
"NtLanman.dll","Net_SMB_Client","6.2.10240.18158","0","05-Mar-2019","GDR","5022858","February 14, 2023-KB5022858 (OS Build 10240.19747)","http://support.microsoft.com/kb/5022858","No LDR Only available","No LDR Only available","No LDR Only available"," ","23-02Rollup"
"Tcpip.sys","Net_Protocol","6.2.10240.19507","0","03-Oct-2022","GDR","5022858","February 14, 2023-KB5022858 (OS Build 10240.19747)","http://support.microsoft.com/kb/5022858","No LDR Only available","No LDR Only available","No LDR Only available"," ","23-02Rollup"
"Afd.sys","Net_Protocol","6.2.10240.19325","0","08-Jun-2022","GDR","5022858","February 14, 2023-KB5022858 (OS Build 10240.19747)","http://support.microsoft.com/kb/5022858","No LDR Only available","No LDR Only available","No LDR Only available"," ","23-02Rollup"
"Netio.sys","Net_Protocol","6.2.10240.19003","0","05-Jul-2021","GDR","5022858","February 14, 2023-KB5022858 (OS Build 10240.19747)","http://support.microsoft.com/kb/5022858","No LDR Only available","No LDR Only available","No LDR Only available"," ","23-02Rollup"
"Ndis.sys","Net_Protocol","6.2.10240.19235","0","01-Mar-2022","GDR","5022858","February 14, 2023-KB5022858 (OS Build 10240.19747)","http://support.microsoft.com/kb/5022858","No LDR Only available","No LDR Only available","No LDR Only available"," ","23-02Rollup"
"Netiohlp.dll","Net_Protocol","6.2.10240.0","0","","RTM","5022858","","","","","","",""
"Tdx.sys","Net_Protocol","6.2.10240.19060","0","11-Sep-2021","GDR","5022858","February 14, 2023-KB5022858 (OS Build 10240.19747)","http://support.microsoft.com/kb/5022858","No LDR Only available","No LDR Only available","No LDR Only available"," ","23-02Rollup"
"Iphlpapi.dll","Net_Protocol","6.2.10240.0","0","","RTM","5022858","","","","","","",""
"Tunnel.sys","Net_IPv6","6.2.10240.16412","1","29-Jul-2015","GDR","5022858","February 14, 2023-KB5022858 (OS Build 10240.19747)","http://support.microsoft.com/kb/5022858","No LDR Only available","No LDR Only available","No LDR Only available"," ","23-02Rollup"
"Dhcpcore6.dll","Net_IPv6","6.2.10240.18696","1","01-Sep-2020","GDR","5022858","February 14, 2023-KB5022858 (OS Build 10240.19747)","http://support.microsoft.com/kb/5022858","No LDR Only available","No LDR Only available","No LDR Only available"," ","23-02Rollup"
"Dhcpcsvc6.dll","Net_IPv6","6.2.10240.18696","1","01-Sep-2020","GDR","5022858","February 14, 2023-KB5022858 (OS Build 10240.19747)","http://support.microsoft.com/kb/5022858","No LDR Only available","No LDR Only available","No LDR Only available"," ","23-02Rollup"
"Nlasvc.dll","Net_NLA","6.2.10240.18638","0","08-Jul-2020","GDR","5022858","February 14, 2023-KB5022858 (OS Build 10240.19747)","http://support.microsoft.com/kb/5022858","No LDR Only available","No LDR Only available","No LDR Only available"," ","23-02Rollup"
"Ncsi.dll","Net_NLA","6.2.10240.17738","0","01-Jan-2018","GDR","5022858","February 14, 2023-KB5022858 (OS Build 10240.19747)","http://support.microsoft.com/kb/5022858","No LDR Only available","No LDR Only available","No LDR Only available"," ","23-02Rollup"
"Nlaapi.dll","Net_NLA","6.2.10240.17738","0","01-Jan-2018","GDR","5022858","February 14, 2023-KB5022858 (OS Build 10240.19747)","http://support.microsoft.com/kb/5022858","No LDR Only available","No LDR Only available","No LDR Only available"," ","23-02Rollup"
"Msv1_0.dll","Dom_NTLM","6.2.10240.19685","1","05-Jan-2023","GDR","5022858","February 14, 2023-KB5022858 (OS Build 10240.19747)","http://support.microsoft.com/kb/5022858","No LDR Only available","No LDR Only available","No LDR Only available"," ","23-02Rollup"
"Dns.exe","Net_DNS_Srv","6.2.10240.0","0","","RTM","5022858","","","","","","",""
"Dhcpssvc.dll","Net_DHCP_Srv","6.2.10240.0","0","","RTM","5022858","","","","","","",""
"Dfssvc.exe","Net_DFS-N_Srv","6.2.10240.0","0","","RTM","5022858","","","","","","",""
"Nfssvc.exe","Net_NFS_Srv","6.2.10240.0","0","","RTM","5022858","","","","","","",""
"Nfssvr.sys","Net_NFS_Srv","6.2.10240.0","0","","RTM","5022858","","","","","","",""
"Msnfsflt.sys","Net_NFS_Srv","6.2.10240.0","0","","RTM","5022858","","","","","","",""
"portmap.sys","Net_NFS_Srv","6.2.10240.0","0","","RTM","5022858","","","","","","",""
"rpcxdr.sys","Net_NFS_Srv","6.2.10240.19360","0","28-Jun-2022","GDR","5022858","February 14, 2023-KB5022858 (OS Build 10240.19747)","http://support.microsoft.com/kb/5022858","No LDR Only available","No LDR Only available","No LDR Only available"," ","23-02Rollup"
"Nlb.sys","Net_NLB_Srv","6.2.10240.0","0","","RTM","5022858","","","","","","",""
"Csc.sys","Net_CSC_Offline","6.2.10240.17946","1","07-Aug-2018","GDR","5022858","February 14, 2023-KB5022858 (OS Build 10240.19747)","http://support.microsoft.com/kb/5022858","No LDR Only available","No LDR Only available","No LDR Only available"," ","23-02Rollup"
"Cscapi.dll","Net_CSC_Offline","6.2.10240.0","1","","RTM","5022858","","","","","","",""
"Cscdll.dll","Net_CSC_Offline","6.2.10240.0","1","","RTM","5022858","","","","","","",""
"Cscsvc.dll","Net_CSC_Offline","6.2.10240.19235","1","01-Mar-2022","GDR","5022858","February 14, 2023-KB5022858 (OS Build 10240.19747)","http://support.microsoft.com/kb/5022858","No LDR Only available","No LDR Only available","No LDR Only available"," ","23-02Rollup"
"Cscmig.dll","Net_CSC_Offline","6.2.10240.18818","1","07-Jan-2021","GDR","5022858","February 14, 2023-KB5022858 (OS Build 10240.19747)","http://support.microsoft.com/kb/5022858","No LDR Only available","No LDR Only available","No LDR Only available"," ","23-02Rollup"
"Cscui.dll","Net_CSC_Offline","6.2.10240.19235","1","01-Mar-2022","GDR","5022858","February 14, 2023-KB5022858 (OS Build 10240.19747)","http://support.microsoft.com/kb/5022858","No LDR Only available","No LDR Only available","No LDR Only available"," ","23-02Rollup"
"Mrxdav.sys","Net_WebDAV","6.2.10240.17146","1","29-Sep-2016","GDR","5022858","February 14, 2023-KB5022858 (OS Build 10240.19747)","http://support.microsoft.com/kb/5022858","No LDR Only available","No LDR Only available","No LDR Only available"," ","23-02Rollup"
"Webclnt.dll","Net_WebDAV","6.2.10240.0","1","","RTM","5022858","","","","","","",""
"Davclnt.dll","Net_WebDAV","6.2.10240.0","1","","RTM","5022858","","","","","","",""
"Shell32.dll","Net_WebDAV","6.2.10240.19747","1","30-Jan-2023","GDR","5022858","February 14, 2023-KB5022858 (OS Build 10240.19747)","http://support.microsoft.com/kb/5022858","No LDR Only available","No LDR Only available","No LDR Only available"," ","23-02Rollup"
"Winhttp.dll","Net_WebDAV","6.2.10240.18132","1","05-Feb-2019","GDR","5022858","February 14, 2023-KB5022858 (OS Build 10240.19747)","http://support.microsoft.com/kb/5022858","No LDR Only available","No LDR Only available","No LDR Only available"," ","23-02Rollup"
"Dfsc.sys","Net_DFS-N_Client","6.2.10240.19747","0","30-Jan-2023","GDR","5022858","February 14, 2023-KB5022858 (OS Build 10240.19747)","http://support.microsoft.com/kb/5022858","No LDR Only available","No LDR Only available","No LDR Only available"," ","23-02Rollup"
"Dhcpcore.dll","Net_DHCP_Client","6.2.10240.19507","1","03-Oct-2022","GDR","5022858","February 14, 2023-KB5022858 (OS Build 10240.19747)","http://support.microsoft.com/kb/5022858","No LDR Only available","No LDR Only available","No LDR Only available"," ","23-02Rollup"
"Dhcpcsvc.dll","Net_DHCP_Client","6.2.10240.19507","1","03-Oct-2022","GDR","5022858","February 14, 2023-KB5022858 (OS Build 10240.19747)","http://support.microsoft.com/kb/5022858","No LDR Only available","No LDR Only available","No LDR Only available"," ","23-02Rollup"
"Gpprefcl.dll","Dom_GPP","6.2.10240.19567","1","03-Nov-2022","GDR","5022858","February 14, 2023-KB5022858 (OS Build 10240.19747)","http://support.microsoft.com/kb/5022858","No LDR Only available","No LDR Only available","No LDR Only available"," ","23-02Rollup"
"Gpme.dll","Dom_GPP","6.2.10240.0","1","","RTM","5022858","","","","","","",""
"Gppref.dll","Dom_GPP","6.2.10240.0","1","","RTM","5022858","","","","","","",""
"Gpprefbr.dll","Dom_GPP","6.2.10240.0","1","","RTM","5022858","","","","","","",""
"Gpprefcn.dll","Dom_GPP","6.2.10240.0","1","","RTM","5022858","","","","","","",""
"Gpregistrybrowser.dll","Dom_GPP","6.2.10240.0","1","","RTM","5022858","","","","","","",""
"Propshts.dll","Dom_GPP","6.2.10240.0","1","","RTM","5022858","","","","","","",""
"Profprov.dll","Dom_ProfProc","6.2.10240.0","1","","RTM","5022858","","","","","","",""
"Profsvc.dll","Dom_ProfProc","6.2.10240.19177","1","04-Jan-2022","GDR","5022858","February 14, 2023-KB5022858 (OS Build 10240.19747)","http://support.microsoft.com/kb/5022858","No LDR Only available","No LDR Only available","No LDR Only available"," ","23-02Rollup"
"Kerberos.dll","Dom_KERBEROS","6.2.10240.19747","0","30-Jan-2023","GDR","5022858","February 14, 2023-KB5022858 (OS Build 10240.19747)","http://support.microsoft.com/kb/5022858","No LDR Only available","No LDR Only available","No LDR Only available"," ","23-02Rollup"
"Nfsclnt.exe","Net_NFS_Client","6.2.10240.16384","1","09-Jul-2015","GDR","5022858","February 14, 2023-KB5022858 (OS Build 10240.19747)","http://support.microsoft.com/kb/5022858","No LDR Only available","No LDR Only available","No LDR Only available"," ","23-02Rollup"
"Nfsnp.dll","Net_NFS_Client","6.2.10240.16384","1","09-Jul-2015","GDR","5022858","February 14, 2023-KB5022858 (OS Build 10240.19747)","http://support.microsoft.com/kb/5022858","No LDR Only available","No LDR Only available","No LDR Only available"," ","23-02Rollup"
"Nfsrdr.sys","Net_NFS_Client","6.2.10240.16384","1","09-Jul-2015","GDR","5022858","February 14, 2023-KB5022858 (OS Build 10240.19747)","http://support.microsoft.com/kb/5022858","No LDR Only available","No LDR Only available","No LDR Only available"," ","23-02Rollup"
"Psxdll.dll","Net_Posix","6.2.10240.0","1","","RTM","5022858","","","","","","",""
"Psxdllsvr.dll","Net_Posix","6.2.10240.0","1","","RTM","5022858","","","","","","",""
"Psxss.exe","Net_Posix","6.2.10240.0","1","","RTM","5022858","","","","","","",""
"Posix.exe","Net_Posix","6.2.10240.0","1","","RTM","5022858","","","","","","",""
"dnsapi.dll","Net_DNS_Client","6.2.10240.18906","1","08-Apr-2021","GDR","5022858","February 14, 2023-KB5022858 (OS Build 10240.19747)","http://support.microsoft.com/kb/5022858","No LDR Only available","No LDR Only available","No LDR Only available"," ","23-02Rollup"
"dnsrslvr.dll","Net_DNS_Client","6.2.10240.18906","1","08-Apr-2021","GDR","5022858","February 14, 2023-KB5022858 (OS Build 10240.19747)","http://support.microsoft.com/kb/5022858","No LDR Only available","No LDR Only available","No LDR Only available"," ","23-02Rollup"
"Dnscacheugc.exe","Net_DNS_Client","6.2.10240.0","1","","RTM","5022858","","","","","","",""
"Rpcss.dll","Net_RPC","6.2.10240.19685","1","05-Jan-2023","GDR","5022858","February 14, 2023-KB5022858 (OS Build 10240.19747)","http://support.microsoft.com/kb/5022858","No LDR Only available","No LDR Only available","No LDR Only available"," ","23-02Rollup"
"Rpchttp.dll","Net_RPC","6.2.10240.17643","1","18-Sep-2017","GDR","5022858","February 14, 2023-KB5022858 (OS Build 10240.19747)","http://support.microsoft.com/kb/5022858","No LDR Only available","No LDR Only available","No LDR Only available"," ","23-02Rollup"
"Rpcrt4.dll","Net_RPC","6.2.10240.19685","1","05-Jan-2023","GDR","5022858","February 14, 2023-KB5022858 (OS Build 10240.19747)","http://support.microsoft.com/kb/5022858","No LDR Only available","No LDR Only available","No LDR Only available"," ","23-02Rollup"
"Bfe.dll","Net_Ipsec_BFE","6.2.10240.18394","1","23-Oct-2019","GDR","5022858","February 14, 2023-KB5022858 (OS Build 10240.19747)","http://support.microsoft.com/kb/5022858","No LDR Only available","No LDR Only available","No LDR Only available"," ","23-02Rollup"
"Ikeext.dll","Net_Ipsec_BFE","6.2.10240.19747","1","30-Jan-2023","GDR","5022858","February 14, 2023-KB5022858 (OS Build 10240.19747)","http://support.microsoft.com/kb/5022858","No LDR Only available","No LDR Only available","No LDR Only available"," ","23-02Rollup"
"Fwpuclnt.dll","Net_Ipsec_BFE","6.2.10240.18394","1","23-Oct-2019","GDR","5022858","February 14, 2023-KB5022858 (OS Build 10240.19747)","http://support.microsoft.com/kb/5022858","No LDR Only available","No LDR Only available","No LDR Only available"," ","23-02Rollup"
"Iphlpsvc.dll","Net_DirectAccess_Client","6.2.10240.19119","1","01-Nov-2021","GDR","5022858","February 14, 2023-KB5022858 (OS Build 10240.19747)","http://support.microsoft.com/kb/5022858","No LDR Only available","No LDR Only available","No LDR Only available"," ","23-02Rollup"
"Iphlpsvcmigplugin.dll","Net_DirectAccess_Client","6.2.10240.18818","1","07-Jan-2021","GDR","5022858","February 14, 2023-KB5022858 (OS Build 10240.19747)","http://support.microsoft.com/kb/5022858","No LDR Only available","No LDR Only available","No LDR Only available"," ","23-02Rollup"
"Netcorehc.dll","Net_DirectAccess_Client","6.2.10240.18818","1","07-Jan-2021","GDR","5022858","February 14, 2023-KB5022858 (OS Build 10240.19747)","http://support.microsoft.com/kb/5022858","No LDR Only available","No LDR Only available","No LDR Only available"," ","23-02Rollup"
"Daotpcredentialprovider.dll","Net_DirectAccess_Client","6.2.10240.17073","1","16-Aug-2016","GDR","5022858","February 14, 2023-KB5022858 (OS Build 10240.19747)","http://support.microsoft.com/kb/5022858","No LDR Only available","No LDR Only available","No LDR Only available"," ","23-02Rollup"
"Rdpcore.dll","Net_DirectAccess_Client","6.2.10240.19235","1","01-Mar-2022","GDR","5022858","February 14, 2023-KB5022858 (OS Build 10240.19747)","http://support.microsoft.com/kb/5022858","No LDR Only available","No LDR Only available","No LDR Only available"," ","23-02Rollup"
"Damgmt.dll","Net_DirectAccess_Srv","6.2.10240.0","1","","RTM","5022858","","","","","","",""
"Ramgmtui.exe","Net_DirectAccess_Srv","6.2.10240.0","1","","RTM","5022858","","","","","","",""
"Ramgmtsvc.dll","Net_DirectAccess_Srv","6.2.10240.0","1","","RTM","5022858","","","","","","",""
"Rasclusterres.dll","Net_DirectAccess_Srv","6.2.10240.0","1","","RTM","5022858","","","","","","",""
"Raserverpsprovider.dll","Net_DirectAccess_Srv","6.2.10240.0","1","","RTM","5022858","","","","","","",""
"dot3svc.dll","Net_IEEE802.1x","6.2.10240.17738","1","01-Jan-2018","GDR","5022858","February 14, 2023-KB5022858 (OS Build 10240.19747)","http://support.microsoft.com/kb/5022858","No LDR Only available","No LDR Only available","No LDR Only available"," ","23-02Rollup"
"Rastls.dll","Net_IEEE802.1x","6.2.10240.19747","1","30-Jan-2023","GDR","5022858","February 14, 2023-KB5022858 (OS Build 10240.19747)","http://support.microsoft.com/kb/5022858","No LDR Only available","No LDR Only available","No LDR Only available"," ","23-02Rollup"
"wlansvc.dll","Net_WLAN_Client","6.2.10240.19507","1","03-Oct-2022","GDR","5022858","February 14, 2023-KB5022858 (OS Build 10240.19747)","http://support.microsoft.com/kb/5022858","No LDR Only available","No LDR Only available","No LDR Only available"," ","23-02Rollup"
"wlanmsm.dll","Net_WLAN_Client","6.2.10240.19297","1","02-May-2022","GDR","5022858","February 14, 2023-KB5022858 (OS Build 10240.19747)","http://support.microsoft.com/kb/5022858","No LDR Only available","No LDR Only available","No LDR Only available"," ","23-02Rollup"
"wlanapi.dll","Net_WLAN_Client","6.2.10240.19060","1","11-Sep-2021","GDR","5022858","February 14, 2023-KB5022858 (OS Build 10240.19747)","http://support.microsoft.com/kb/5022858","No LDR Only available","No LDR Only available","No LDR Only available"," ","23-02Rollup"
"wlansec.dll","Net_WLAN_Client","6.2.10240.19297","1","02-May-2022","GDR","5022858","February 14, 2023-KB5022858 (OS Build 10240.19747)","http://support.microsoft.com/kb/5022858","No LDR Only available","No LDR Only available","No LDR Only available"," ","23-02Rollup"
"wlansvcpal.dll","Net_WLAN_Client","6.2.10240.16384","1","09-Jul-2015","GDR","5022858","February 14, 2023-KB5022858 (OS Build 10240.19747)","http://support.microsoft.com/kb/5022858","No LDR Only available","No LDR Only available","No LDR Only available"," ","23-02Rollup"
"wlanhlp.dll","Net_WLAN_Client","6.2.10240.16384","1","09-Jul-2015","GDR","5022858","February 14, 2023-KB5022858 (OS Build 10240.19747)","http://support.microsoft.com/kb/5022858","No LDR Only available","No LDR Only available","No LDR Only available"," ","23-02Rollup"
"Netcfgx.dll","Net_Config","6.2.10240.18967","1","05-Jun-2021","GDR","5022858","February 14, 2023-KB5022858 (OS Build 10240.19747)","http://support.microsoft.com/kb/5022858","No LDR Only available","No LDR Only available","No LDR Only available"," ","23-02Rollup"
"Rasapi32.dll","HNV_Net","6.2.10240.18874","1","26-Feb-2021","GDR","5022858","February 14, 2023-KB5022858 (OS Build 10240.19747)","http://support.microsoft.com/kb/5022858","No LDR Only available","No LDR Only available","No LDR Only available"," ","23-02Rollup"
"Mprapi.dll","HNV_Net","6.2.10240.19235","1","01-Mar-2022","GDR","5022858","February 14, 2023-KB5022858 (OS Build 10240.19747)","http://support.microsoft.com/kb/5022858","No LDR Only available","No LDR Only available","No LDR Only available"," ","23-02Rollup"
"WebIo.dll","Net_BranchCache","6.2.10240.17643","1","18-Sep-2017","GDR","5022858","February 14, 2023-KB5022858 (OS Build 10240.19747)","http://support.microsoft.com/kb/5022858","No LDR Only available","No LDR Only available","No LDR Only available"," ","23-02Rollup"
"Smbhash.exe","Net_BranchCache","6.2.10240.0","1","","RTM","5022858","","","","","","",""
"Pacer.sys","Net_QoS","6.2.10240.19235","1","01-Mar-2022","GDR","5022858","February 14, 2023-KB5022858 (OS Build 10240.19747)","http://support.microsoft.com/kb/5022858","No LDR Only available","No LDR Only available","No LDR Only available"," ","23-02Rollup"
"Mpsdrv.sys","Net_Firewall","6.2.10240.17976","1","05-Sep-2018","GDR","5022858","February 14, 2023-KB5022858 (OS Build 10240.19747)","http://support.microsoft.com/kb/5022858","No LDR Only available","No LDR Only available","No LDR Only available"," ","23-02Rollup"
"MpsSvc.dll","Net_Firewall","6.2.10240.19235","1","01-Mar-2022","GDR","5022858","February 14, 2023-KB5022858 (OS Build 10240.19747)","http://support.microsoft.com/kb/5022858","No LDR Only available","No LDR Only available","No LDR Only available"," ","23-02Rollup"
"qmgr.dll","Net_BiTS","7.8.10240.19235","1","01-Mar-2022","GDR","5022858","February 14, 2023-KB5022858 (OS Build 10240.19747)","http://support.microsoft.com/kb/5022858","No LDR Only available","No LDR Only available","No LDR Only available"," ","23-02Rollup"
"rasmans.dll","Net_VPN","6.2.10240.19444","1","06-Sep-2022","GDR","5022858","February 14, 2023-KB5022858 (OS Build 10240.19747)","http://support.microsoft.com/kb/5022858","No LDR Only available","No LDR Only available","No LDR Only available"," ","23-02Rollup"
"Vmswitch.sys","Hyper-V_Net","6.2.10240.19507","1","03-Oct-2022","GDR","5022858","February 14, 2023-KB5022858 (OS Build 10240.19747)","http://support.microsoft.com/kb/5022858","No LDR Only available","No LDR Only available","No LDR Only available"," ","23-02Rollup"
"Mslbfoprovider.sys","Hyper-V_Net","6.2.10240.0","1","","RTM","5022858","","","","","","",""
"Wnv.sys","Hyper-V_Net","6.2.10240.19507","1","03-Oct-2022","GDR","5022858","February 14, 2023-KB5022858 (OS Build 10240.19747)","http://support.microsoft.com/kb/5022858","No LDR Only available","No LDR Only available","No LDR Only available"," ","23-02Rollup"
"Vmsntfy.dll","Hyper-V_Net","6.2.10240.18818","1","07-Jan-2021","GDR","5022858","February 14, 2023-KB5022858 (OS Build 10240.19747)","http://support.microsoft.com/kb/5022858","No LDR Only available","No LDR Only available","No LDR Only available"," ","23-02Rollup"
"Ndisimplatform.sys","Hyper-V_Net","6.2.10240.18818","1","07-Jan-2021","GDR","5022858","February 14, 2023-KB5022858 (OS Build 10240.19747)","http://support.microsoft.com/kb/5022858","No LDR Only available","No LDR Only available","No LDR Only available"," ","23-02Rollup"
"Vmms.exe","Hyper-V_Net","6.2.10240.19624","1","30-Nov-2022","GDR","5022858","February 14, 2023-KB5022858 (OS Build 10240.19747)","http://support.microsoft.com/kb/5022858","No LDR Only available","No LDR Only available","No LDR Only available"," ","23-02Rollup"
"Winnat.sys","Hyper-V_Net","6.2.10240.19086","1","04-Oct-2021","GDR","5022858","February 14, 2023-KB5022858 (OS Build 10240.19747)","http://support.microsoft.com/kb/5022858","No LDR Only available","No LDR Only available","No LDR Only available"," ","23-02Rollup"
"pvhdparser.sys","Hyper-V_Net","6.2.10240.17738","1","01-Jan-2018","GDR","5022858","February 14, 2023-KB5022858 (OS Build 10240.19747)","http://support.microsoft.com/kb/5022858","No LDR Only available","No LDR Only available","No LDR Only available"," ","23-02Rollup"
"Wmisvc.dll","Hyper-V_Net","6.2.10240.18666","1","05-Aug-2020","GDR","5022858","February 14, 2023-KB5022858 (OS Build 10240.19747)","http://support.microsoft.com/kb/5022858","No LDR Only available","No LDR Only available","No LDR Only available"," ","23-02Rollup"
"Vmbus.sys","Hyper-V_Net","6.2.10240.17738","1","01-Jan-2018","GDR","5022858","February 14, 2023-KB5022858 (OS Build 10240.19747)","http://support.microsoft.com/kb/5022858","No LDR Only available","No LDR Only available","No LDR Only available"," ","23-02Rollup"
"WorkFolders.exe","Net_WorkFolders","6.2.10240.16384","1","09-Jul-2015","GDR","5022858","February 14, 2023-KB5022858 (OS Build 10240.19747)","http://support.microsoft.com/kb/5022858","No LDR Only available","No LDR Only available","No LDR Only available"," ","23-02Rollup"
"WorkFoldersshell.dll","Net_WorkFolders","6.2.10240.18818","1","07-Jan-2021","GDR","5022858","February 14, 2023-KB5022858 (OS Build 10240.19747)","http://support.microsoft.com/kb/5022858","No LDR Only available","No LDR Only available","No LDR Only available"," ","23-02Rollup"
"WorkFolderssvc.dll","Net_WorkFolders","6.2.10240.19265","1","29-Mar-2022","GDR","5022858","February 14, 2023-KB5022858 (OS Build 10240.19747)","http://support.microsoft.com/kb/5022858","No LDR Only available","No LDR Only available","No LDR Only available"," ","23-02Rollup"
"WorkFolderscontrol.dll","Net_WorkFolders","6.2.10240.18818","1","07-Jan-2021","GDR","5022858","February 14, 2023-KB5022858 (OS Build 10240.19747)","http://support.microsoft.com/kb/5022858","No LDR Only available","No LDR Only available","No LDR Only available"," ","23-02Rollup"
"WorkFoldersGPExt.dll","Net_WorkFolders","6.2.10240.16384","1","09-Jul-2015","GDR","5022858","February 14, 2023-KB5022858 (OS Build 10240.19747)","http://support.microsoft.com/kb/5022858","No LDR Only available","No LDR Only available","No LDR Only available"," ","23-02Rollup"
"Syncsharesvc.dll","Net_WorkFolders","6.2.10240.0","1","","RTM","5022858","","","","","","",""
"Syncsharesrv.dll","Net_WorkFolders","6.2.10240.0","1","","RTM","5022858","","","","","","",""
"Syncsharettlib.dll","Net_WorkFolders","6.2.10240.0","1","","RTM","5022858","","","","","","",""
"Syncsharettsvc.exe","Net_WorkFolders","6.2.10240.0","1","","RTM","5022858","","","","","","",""
"5001399","Win2016_21_04_SSU_KB"," ","0","13-Apr-2021","GDR","5001399","KB5001399: Servicing stack update for Windows 10: April 13, 2021","http://support.microsoft.com/kb/5001399","No LDR Only available","No LDR Only available","No LDR Only available"," ","No Rollup"
"5022858","Win2016_23-02_B_rollup_KB"," ","0","14-Feb-2023","GDR","5022858","February 14, 2023-KB5022858 (OS Build 10240.19747)","http://support.microsoft.com/kb/5022858","No LDR Only available","No LDR Only available","No LDR Only available"," ","23-02Rollup"
