"Binary","Component","Version","Prio","Published","Branch","Article","Title","Link","LDROnlyKB","LDROnlyTitle","LDROnlyLink","Comment","RollupInfo"
"Localspl.dll","Print_Spool","6.2.19041.1165","0","06-Jul-21","GDR","5005101","September 1, 2021-KB5005101 (OS Builds 19041.1202, 19042.1202, and 19043.1202) Preview","http://support.microsoft.com/kb/5005101","KB only","KB only","KB only"," ","21-08Rollup"
"Win32spl.dll","Print_Spool","6.2.19041.1165","0","13-Oct-20","GDR","5005101","September 1, 2021-KB5005101 (OS Builds 19041.1202, 19042.1202, and 19043.1202) Preview","http://support.microsoft.com/kb/5005101","KB only","KB only","KB only"," ","21-08Rollup"
"Spoolss.dll","Print_Spool","6.2.19041.1","0","06-May-20","GDR","5005101","September 1, 2021-KB5005101 (OS Builds 19041.1202, 19042.1202, and 19043.1202) Preview","http://support.microsoft.com/kb/5005101","KB only","KB only","KB only"," ","21-08Rollup"
"Spoolsv.exe","Print_Spool","6.2.19041.1165","0","06-Jul-21","GDR","5005101","September 1, 2021-KB5005101 (OS Builds 19041.1202, 19042.1202, and 19043.1202) Preview","http://support.microsoft.com/kb/5005101","KB only","KB only","KB only"," ","21-08Rollup"
"Winspool.drv","Print_Spool","6.2.19041.1023","0","25-May-21","GDR","5005101","September 1, 2021-KB5005101 (OS Builds 19041.1202, 19042.1202, and 19043.1202) Preview","http://support.microsoft.com/kb/5005101","KB only","KB only","KB only"," ","21-08Rollup"
"Ntprint.exe","Print_App","6.2.19041.1165","0","25-May-21","GDR","5005101","September 1, 2021-KB5005101 (OS Builds 19041.1202, 19042.1202, and 19043.1202) Preview","http://support.microsoft.com/kb/5005101","KB only","KB only","KB only"," ","21-08Rollup"
"Printui.dll","Print_App","6.2.19041.1","0","06-May-20","GDR","5005101","September 1, 2021-KB5005101 (OS Builds 19041.1202, 19042.1202, and 19043.1202) Preview","http://support.microsoft.com/kb/5005101","KB only","KB only","KB only"," ","21-08Rollup"
"Printcom.dll","Print_App","6.2.19041.1","0","06-May-20","GDR","5005101","September 1, 2021-KB5005101 (OS Builds 19041.1202, 19042.1202, and 19043.1202) Preview","http://support.microsoft.com/kb/5005101","KB only","KB only","KB only"," ","21-08Rollup"
"Printfilterpipelineprxy.dll","Print_App","6.2.19041.867","0","09-Mar-21","GDR","5005101","September 1, 2021-KB5005101 (OS Builds 19041.1202, 19042.1202, and 19043.1202) Preview","http://support.microsoft.com/kb/5005101","KB only","KB only","KB only"," ","21-08Rollup"
"Printfilterpipelinesvc.exe","Print_App","6.2.19041.867","0","09-Mar-21","GDR","5005101","September 1, 2021-KB5005101 (OS Builds 19041.1202, 19042.1202, and 19043.1202) Preview","http://support.microsoft.com/kb/5005101","KB only","KB only","KB only"," ","21-08Rollup"
"Printbrm.exe","Print_App","6.2.19041.450","0","11-Aug-20","GDR","5005101","September 1, 2021-KB5005101 (OS Builds 19041.1202, 19042.1202, and 19043.1202) Preview","http://support.microsoft.com/kb/5005101","KB only","KB only","KB only"," ","21-08Rollup"
"splwow64.exe","Print_App","6.2.19041.1083","0","06-Jul-21","GDR","5005101","September 1, 2021-KB5005101 (OS Builds 19041.1202, 19042.1202, and 19043.1202) Preview","http://support.microsoft.com/kb/5005101","KB only","KB only","KB only"," ","21-08Rollup"
"Mxdwdrv.dll","Print_Driver","6.2.19041.1","1","6-Sep-20","GDR","5005101","September 1, 2021-KB5005101 (OS Builds 19041.1202, 19042.1202, and 19043.1202) Preview","http://support.microsoft.com/kb/5005101","KB only","KB only","KB only"," ","21-08Rollup"
"Pcl4res.dll","Print_Driver","6.2.19041.1","1","6-Sep-20","GDR","5005101","September 1, 2021-KB5005101 (OS Builds 19041.1202, 19042.1202, and 19043.1202) Preview","http://support.microsoft.com/kb/5005101","KB only","KB only","KB only"," ","21-08Rollup"
"Pscript5.dll","Print_Driver","6.2.19041.1","1","6-Sep-20","GDR","5005101","September 1, 2021-KB5005101 (OS Builds 19041.1202, 19042.1202, and 19043.1202) Preview","http://support.microsoft.com/kb/5005101","KB only","KB only","KB only"," ","21-08Rollup"
"Unidrv.dll","Print_Driver","6.2.19041.1","1","6-Sep-20","GDR","5005101","September 1, 2021-KB5005101 (OS Builds 19041.1202, 19042.1202, and 19043.1202) Preview","http://support.microsoft.com/kb/5005101","KB only","KB only","KB only"," ","21-08Rollup"
"Unires.dll","Print_Driver","6.2.19041.1","1","6-Sep-20","GDR","5005101","September 1, 2021-KB5005101 (OS Builds 19041.1202, 19042.1202, and 19043.1202) Preview","http://support.microsoft.com/kb/5005101","KB only","KB only","KB only"," ","21-08Rollup"
"Xpssvcs.dll","Print_Driver","6.2.19041.1","1","06-May-20","GDR","5005101","September 1, 2021-KB5005101 (OS Builds 19041.1202, 19042.1202, and 19043.1202) Preview","http://support.microsoft.com/kb/5005101","KB only","KB only","KB only"," ","21-08Rollup"
"5005101","Win201621H1_21-08_C_rollup_KB"," ","0","01-Sep-2021","GDR","5005101","September 1, 2021-KB5005101 (OS Builds 19041.1202, 19042.1202, and 19043.1202) Preview","http://support.microsoft.com/kb/5005101","KB only","KB only","KB only"," ","21-08Rollup"
