"Binary","Component","Version","Prio","Published","Branch","Article","Title","Link","LDROnlyKB","LDROnlyTitle","LDROnlyLink","Comment","RollupInfo"
"Volsnap.sys","Cluster_Volsnap","6.2.19041.488","0","06-May-20","GDR","5005101","September 1, 2021-KB5005101 (OS Builds 19041.1202, 19042.1202, and 19043.1202) Preview","http://support.microsoft.com/kb/5005101","KB only","KB only","KB only"," ","21-08Rollup"
"Csvflt.sys","Cluster_CSV","6.2.19041.1","0","06-May-20","GDR","5005101","September 1, 2021-KB5005101 (OS Builds 19041.1202, 19042.1202, and 19043.1202) Preview","http://support.microsoft.com/kb/5005101","KB only","KB only","KB only"," ","21-08Rollup"
"Csvfs.sys","Cluster_CSV","6.2.19041.546","0","01-Oct-20","GDR","5005101","September 1, 2021-KB5005101 (OS Builds 19041.1202, 19042.1202, and 19043.1202) Preview","http://support.microsoft.com/kb/5005101","KB only","KB only","KB only"," ","21-08Rollup"
"Vmswitch.sys","Hyper-V_Net","6.2.19041.1202","1","01-Sep-21","GDR","5005101","September 1, 2021-KB5005101 (OS Builds 19041.1202, 19042.1202, and 19043.1202) Preview","http://support.microsoft.com/kb/5005101","KB only","KB only","KB only"," ","21-08Rollup"
"Mslbfoprovider.sys","Hyper-V_Net","6.2.19041.1","1","06-May-20","GDR","5005101","September 1, 2021-KB5005101 (OS Builds 19041.1202, 19042.1202, and 19043.1202) Preview","http://support.microsoft.com/kb/5005101","KB only","KB only","KB only"," ","21-08Rollup"
"Wnv.sys","Hyper-V_Net","6.2.19041.1","1","06-May-20","GDR","5005101","September 1, 2021-KB5005101 (OS Builds 19041.1202, 19042.1202, and 19043.1202) Preview","http://support.microsoft.com/kb/5005101","KB only","KB only","KB only"," ","21-08Rollup"
"Vmsntfy.dll","Hyper-V_Net","6.2.19041.1","1","06-May-20","GDR","5005101","September 1, 2021-KB5005101 (OS Builds 19041.1202, 19042.1202, and 19043.1202) Preview","http://support.microsoft.com/kb/5005101","KB only","KB only","KB only"," ","21-08Rollup"
"Ndisimplatform.sys","Hyper-V_Net","6.2.19041.546","1","01-Oct-20","GDR","5005101","September 1, 2021-KB5005101 (OS Builds 19041.1202, 19042.1202, and 19043.1202) Preview","http://support.microsoft.com/kb/5005101","KB only","KB only","KB only"," ","21-08Rollup"
"Vmms.exe","Hyper-V_Net","6.2.19041.1202","1","01-Sep-21","GDR","5005101","September 1, 2021-KB5005101 (OS Builds 19041.1202, 19042.1202, and 19043.1202) Preview","http://support.microsoft.com/kb/5005101","KB only","KB only","KB only"," ","21-08Rollup"
"Winnat.sys","Hyper-V_Net","6.2.19041.867","1","09-Mar-21","GDR","5005101","September 1, 2021-KB5005101 (OS Builds 19041.1202, 19042.1202, and 19043.1202) Preview","http://support.microsoft.com/kb/5005101","KB only","KB only","KB only"," ","21-08Rollup"
"pvhdparser.sys","Hyper-V_Net","6.2.19041.1","1","06-May-20","GDR","5005101","September 1, 2021-KB5005101 (OS Builds 19041.1202, 19042.1202, and 19043.1202) Preview","http://support.microsoft.com/kb/5005101","KB only","KB only","KB only"," ","21-08Rollup"
"Wmisvc.dll","Hyper-V_Net","6.2.19041.844","1","24-Feb-21","GDR","5005101","September 1, 2021-KB5005101 (OS Builds 19041.1202, 19042.1202, and 19043.1202) Preview","http://support.microsoft.com/kb/5005101","KB only","KB only","KB only"," ","21-08Rollup"
"Vmbus.sys","Hyper-V_Net","6.2.19041.1110","1","13-Jul-21","GDR","5005101","September 1, 2021-KB5005101 (OS Builds 19041.1202, 19042.1202, and 19043.1202) Preview","http://support.microsoft.com/kb/5005101","KB only","KB only","KB only"," ","21-08Rollup"
"Rasapi32.dll","HNV_Net","6.2.19041.1202","1","01-Sep-21","GDR","5005101","September 1, 2021-KB5005101 (OS Builds 19041.1202, 19042.1202, and 19043.1202) Preview","http://support.microsoft.com/kb/5005101","KB only","KB only","KB only"," ","21-08Rollup"
"Mprapi.dll","HNV_Net","6.2.19041.1","1","06-May-20","GDR","5005101","September 1, 2021-KB5005101 (OS Builds 19041.1202, 19042.1202, and 19043.1202) Preview","http://support.microsoft.com/kb/5005101","KB only","KB only","KB only"," ","21-08Rollup"
"Vmwp.exe","Hyper-V_app","6.2.19041.1202","1","01-Sep-21","GDR","5005101","September 1, 2021-KB5005101 (OS Builds 19041.1202, 19042.1202, and 19043.1202) Preview","http://support.microsoft.com/kb/5005101","KB only","KB only","KB only"," ","21-08Rollup"
"5005101","Win201621H1_21-08_C_rollup_KB"," ","0","01-Sep-2021","GDR","5005101","September 1, 2021-KB5005101 (OS Builds 19041.1202, 19042.1202, and 19043.1202) Preview","http://support.microsoft.com/kb/5005101","KB only","KB only","KB only"," ","21-08Rollup"
