"Binary","Component","Version","Prio","Published","Branch","Article","Title","Link","LDROnlyKB","LDROnlyTitle","LDROnlyLink","Comment","RollupInfo"
"Localspl.dll","Print_Spool","6.2.18362.1440","0","18-Mar-21","GDR","5001337","April 13, 2021-KB5001337 (OS Build 18363.1500)","http://support.microsoft.com/kb/5001337","KB only","KB only","KB only"," ","21-04Rollup"
"Win32spl.dll","Print_Spool","6.2.18362.1316","0","13-Oct-20","GDR","5001337","April 13, 2021-KB5001337 (OS Build 18363.1500)","http://support.microsoft.com/kb/5001337","KB only","KB only","KB only"," ","21-04Rollup"
"Spoolsv.exe","Print_Spool","6.2.18362.1316","0","08-Dec-20","GDR","5001337","April 13, 2021-KB5001337 (OS Build 18363.1500)","http://support.microsoft.com/kb/5001337","KB only","KB only","KB only"," ","21-04Rollup"
"Winspool.drv","Print_Spool","6.2.18362.1316","0","7-Mar-20","GDR","5001337","April 13, 2021-KB5001337 (OS Build 18363.1500)","http://support.microsoft.com/kb/5001337","KB only","KB only","KB only"," ","21-04Rollup"
"Ntprint.exe","Print_App","6.2.18362.1316","0","27-Jan-21","GDR","5001337","April 13, 2021-KB5001337 (OS Build 18363.1500)","http://support.microsoft.com/kb/5001337","KB only","KB only","KB only"," ","21-04Rollup"
"Printfilterpipelineprxy.dll","Print_App","6.2.18362.1440","0","18-Mar-21","GDR","5001337","April 13, 2021-KB5001337 (OS Build 18363.1500)","http://support.microsoft.com/kb/5001337","KB only","KB only","KB only"," ","21-04Rollup"
"Printfilterpipelinesvc.exe","Print_App","6.2.18362.1440","0","18-Mar-21","GDR","5001337","April 13, 2021-KB5001337 (OS Build 18363.1500)","http://support.microsoft.com/kb/5001337","KB only","KB only","KB only"," ","21-04Rollup"
"Printbrm.exe","Print_App","6.2.18362.1016","0","11-Aug-20","GDR","5001337","April 13, 2021-KB5001337 (OS Build 18363.1500)","http://support.microsoft.com/kb/5001337","KB only","KB only","KB only"," ","21-04Rollup"
"splwow64.exe","Print_App","6.2.18362.1316","0","14-Jul-20","GDR","5001337","April 13, 2021-KB5001337 (OS Build 18363.1500)","http://support.microsoft.com/kb/5001337","KB only","KB only","KB only"," ","21-04Rollup"
"Mxdwdrv.dll","Print_Driver","0.3.18362.1198","1","29-May-19","GDR","5001337","April 13, 2021-KB5001337 (OS Build 18363.1500)","http://support.microsoft.com/kb/5001337","KB only","KB only","KB only"," ","21-04Rollup"
"Pcl4res.dll","Print_Driver","6.2.18362.1","1","22-Jan-20","GDR","5001337","April 13, 2021-KB5001337 (OS Build 18363.1500)","http://support.microsoft.com/kb/5001337","KB only","KB only","KB only"," ","21-04Rollup"
"Pscript5.dll","Print_Driver","0.3.18362.1198","1","29-May-19","GDR","5001337","April 13, 2021-KB5001337 (OS Build 18363.1500)","http://support.microsoft.com/kb/5001337","KB only","KB only","KB only"," ","21-04Rollup"
"Unidrv.dll","Print_Driver","0.3.18362.1198","1","22-Jan-20","GDR","5001337","April 13, 2021-KB5001337 (OS Build 18363.1500)","http://support.microsoft.com/kb/5001337","KB only","KB only","KB only"," ","21-04Rollup"
"Unires.dll","Print_Driver","0.3.18362.1198","1","22-Jan-20","GDR","5001337","April 13, 2021-KB5001337 (OS Build 18363.1500)","http://support.microsoft.com/kb/5001337","KB only","KB only","KB only"," ","21-04Rollup"
"5001205","Win2016_1903_21-03_SSU_KB"," ","0","25-Mar-2021","GDR","5001205","KB5001205: Servicing stack update for Windows 10, version 1909: March 25, 2021","http://support.microsoft.com/kb/5001205","KB only","KB only","KB Only"," ","No Rollup"
"5001406","Win2016_1903_21-04_SSU_KB"," ","0","13-Apr-2021","GDR","5001406","KB5001406: Servicing stack update for Windows 10, version 1909: April 13, 2021","http://support.microsoft.com/kb/5001406","KB only","KB only","KB Only"," ","No Rollup"
"5001337","Win201619H1_21-04_B_rollup_KB"," ","0","13-Apr-2021","GDR","5001337","April 13, 2021-KB5001337 (OS Build 18363.1500)","http://support.microsoft.com/kb/5001337","KB only","KB only","KB only"," ","21-04Rollup"
