"Binary","Component","Version","Prio","Published","Branch","Article","Title","Link","LDROnlyKB","LDROnlyTitle","LDROnlyLink","Comment","RollupInfo"
"Ntoskrnl.exe","Core_Kernel","6.2.18362.1500","0","13-Apr-21","GDR","5001337","April 13, 2021-KB5001337 (OS Build 18363.1500)","http://support.microsoft.com/kb/5001337","KB only","KB only","KB only"," ","21-04Rollup"
"Crashdmp.sys","Core_Kernel","6.2.18362.693","0","7-Mar-20","GDR","5001337","April 13, 2021-KB5001337 (OS Build 18363.1500)","http://support.microsoft.com/kb/5001337","KB only","KB only","KB only"," ","21-04Rollup"
"Ntfs.sys","Core_FileSystem","6.2.18362.1500","0","13-Apr-21","GDR","5001337","April 13, 2021-KB5001337 (OS Build 18363.1500)","http://support.microsoft.com/kb/5001337","KB only","KB only","KB only"," ","21-04Rollup"
"dedup.sys","Core_FileSystem","6.2.18362.1","0","23-Jan-20","GDR","5001337","April 13, 2021-KB5001337 (OS Build 18363.1500)","http://support.microsoft.com/kb/5001337","KB only","KB only","KB only"," ","21-04Rollup"
"srv.sys","Net_SMB_Server","6.2.18362.900","0","11-Feb-20","GDR","5001337","April 13, 2021-KB5001337 (OS Build 18363.1500)","http://support.microsoft.com/kb/5001337","KB only","KB only","KB only"," ","21-04Rollup"
"srv2.sys","Net_SMB_Server","6.2.18362.1500","0","13-Apr-21","GDR","5001337","April 13, 2021-KB5001337 (OS Build 18363.1500)","http://support.microsoft.com/kb/5001337","KB only","KB only","KB only"," ","21-04Rollup"
"srvnet.sys","Net_SMB_Server","6.2.18362.1171","0","20-Oct-20","GDR","5001337","April 13, 2021-KB5001337 (OS Build 18363.1500)","http://support.microsoft.com/kb/5001337","KB only","KB only","KB only"," ","21-04Rollup"
"Mrxsmb.sys","Net_SMB_Client","6.2.18362.1379","0","11-Feb-21","GDR","5001337","April 13, 2021-KB5001337 (OS Build 18363.1500)","http://support.microsoft.com/kb/5001337","KB only","KB only","KB only"," ","21-04Rollup"
"Mrxsmb10.sys","Net_SMB_Client","6.2.18362.1049","0","20-Aug-20","GDR","5001337","April 13, 2021-KB5001337 (OS Build 18363.1500)","http://support.microsoft.com/kb/5001337","KB only","KB only","KB only"," ","21-04Rollup"
"Mrxsmb20.sys","Net_SMB_Client","6.2.18362.1379","0","11-Feb-21","GDR","5001337","April 13, 2021-KB5001337 (OS Build 18363.1500)","http://support.microsoft.com/kb/5001337","KB only","KB only","KB only"," ","21-04Rollup"
"Rdbss.sys","Net_SMB_Client","6.2.18362.1379","0","11-Feb-21","GDR","5001337","April 13, 2021-KB5001337 (OS Build 18363.1500)","http://support.microsoft.com/kb/5001337","KB only","KB only","KB only"," ","21-04Rollup"
"Netbt.sys","Net_SMB_Client","6.2.18362.1139","0","13-Oct-20","GDR","5001337","April 13, 2021-KB5001337 (OS Build 18363.1500)","http://support.microsoft.com/kb/5001337","KB only","KB only","KB only"," ","21-04Rollup"
"Mup.sys","Net_SMB_Client","6.2.18362.1379","0","11-Feb-21","GDR","5001337","April 13, 2021-KB5001337 (OS Build 18363.1500)","http://support.microsoft.com/kb/5001337","KB only","KB only","KB only"," ","21-04Rollup"
"wkssvc.dll","Net_SMB_Client","6.2.18362.1411","0","16-Feb-21","GDR","5001337","April 13, 2021-KB5001337 (OS Build 18363.1500)","http://support.microsoft.com/kb/5001337","KB only","KB only","KB only"," ","21-04Rollup"
"Tcpip.sys","Net_Protocol","6.2.18362.1500","0","13-Apr-21","GDR","5001337","April 13, 2021-KB5001337 (OS Build 18363.1500)","http://support.microsoft.com/kb/5001337","KB only","KB only","KB only"," ","21-04Rollup"
"Afd.sys","Net_Protocol","6.2.18362.1049","0","20-Aug-20","GDR","5001337","April 13, 2021-KB5001337 (OS Build 18363.1500)","http://support.microsoft.com/kb/5001337","KB only","KB only","KB only"," ","21-04Rollup"
"Netio.sys","Net_Protocol","6.2.18362.1474","0","25-Mar-21","GDR","5001337","April 13, 2021-KB5001337 (OS Build 18363.1500)","http://support.microsoft.com/kb/5001337","KB only","KB only","KB only"," ","21-04Rollup"
"Ndis.sys","Net_Protocol","6.2.18362.1474","0","25-Mar-21","GDR","5001337","April 13, 2021-KB5001337 (OS Build 18363.1500)","http://support.microsoft.com/kb/5001337","KB only","KB only","KB only"," ","21-04Rollup"
"Tunnel.sys","Net_IPv6","6.2.18362.476","1","11-Feb-20","GDR","5001337","April 13, 2021-KB5001337 (OS Build 18363.1500)","http://support.microsoft.com/kb/5001337","KB only","KB only","KB only"," ","21-04Rollup"
"Dhcpcore6.dll","Net_IPv6","6.2.18362.1171","1","20-Oct-20","GDR","5001337","April 13, 2021-KB5001337 (OS Build 18363.1500)","http://support.microsoft.com/kb/5001337","KB only","KB only","KB only"," ","21-04Rollup"
"Dhcpcsvc6.dll","Net_IPv6","6.2.18362.1171","1","20-Oct-20","GDR","5001337","April 13, 2021-KB5001337 (OS Build 18363.1500)","http://support.microsoft.com/kb/5001337","KB only","KB only","KB only"," ","21-04Rollup"
"Nlasvc.dll","Net_NLA","6.2.18362.959","0","14-Jul-20","GDR","5001337","April 13, 2021-KB5001337 (OS Build 18363.1500)","http://support.microsoft.com/kb/5001337","KB only","KB only","KB only"," ","21-04Rollup"
"Ncsi.dll","Net_NLA","6.2.18362.1316","0","14-Jul-20","GDR","5001337","April 13, 2021-KB5001337 (OS Build 18363.1500)","http://support.microsoft.com/kb/5001337","KB only","KB only","KB only"," ","21-04Rollup"
"Nlaapi.dll","Net_NLA","6.2.18362.959","0","14-Jul-20","GDR","5001337","April 13, 2021-KB5001337 (OS Build 18363.1500)","http://support.microsoft.com/kb/5001337","KB only","KB only","KB only"," ","21-04Rollup"
"Msv1_0.dll","Dom_NTLM","6.2.18362.1237","1","20-Nov-20","GDR","5001337","April 13, 2021-KB5001337 (OS Build 18363.1500)","http://support.microsoft.com/kb/5001337","KB only","KB only","KB only"," ","21-04Rollup"
"Dns.exe","Net_DNS_Srv","6.2.18362.1","0","23-Jan-20","GDR","5001337","April 13, 2021-KB5001337 (OS Build 18363.1500)","http://support.microsoft.com/kb/5001337","KB only","KB only","KB only"," ","21-04Rollup"
"Dhcpssvc.dll","Net_DHCP_Srv","6.2.18362.1","0","23-Jan-20","GDR","5001337","April 13, 2021-KB5001337 (OS Build 18363.1500)","http://support.microsoft.com/kb/5001337","KB only","KB only","KB only"," ","21-04Rollup"
"Nfssvc.exe","Net_NFS_Srv","6.2.18362.1","0","22-Jan-20","GDR","5001337","April 13, 2021-KB5001337 (OS Build 18363.1500)","http://support.microsoft.com/kb/5001337","KB only","KB only","KB only"," ","21-04Rollup"
"Nfssvr.sys","Net_NFS_Srv","6.2.18362.1","0","22-Jan-20","GDR","5001337","April 13, 2021-KB5001337 (OS Build 18363.1500)","http://support.microsoft.com/kb/5001337","KB only","KB only","KB only"," ","21-04Rollup"
"Msnfsflt.sys","Net_NFS_Srv","6.2.18362.1","0","23-Jan-20","GDR","5001337","April 13, 2021-KB5001337 (OS Build 18363.1500)","http://support.microsoft.com/kb/5001337","KB only","KB only","KB only"," ","21-04Rollup"
"rpcxdr.sys","Net_NFS_Srv","6.2.18362.1198","0","31-Oct-20","GDR","5001337","April 13, 2021-KB5001337 (OS Build 18363.1500)","http://support.microsoft.com/kb/5001337","KB only","KB only","KB only"," ","21-04Rollup"
"Csc.sys","Net_CSC_Offline","6.2.18362.1110","1","16-Sep-20","GDR","5001337","April 13, 2021-KB5001337 (OS Build 18363.1500)","http://support.microsoft.com/kb/5001337","KB only","KB only","KB only"," ","21-04Rollup"
"Cscsvc.dll","Net_CSC_Offline","6.2.18362.1316","1","11-Aug-20","GDR","5001337","April 13, 2021-KB5001337 (OS Build 18363.1500)","http://support.microsoft.com/kb/5001337","KB only","KB only","KB only"," ","21-04Rollup"
"Cscmig.dll","Net_CSC_Offline","6.2.18362.1316","1","16-Sep-20","GDR","5001337","April 13, 2021-KB5001337 (OS Build 18363.1500)","http://support.microsoft.com/kb/5001337","KB only","KB only","KB only"," ","21-04Rollup"
"Cscui.dll","Net_CSC_Offline","6.2.18362.628","1","28-Jan-20","GDR","5001337","April 13, 2021-KB5001337 (OS Build 18363.1500)","http://support.microsoft.com/kb/5001337","KB only","KB only","KB only"," ","21-04Rollup"
"Mrxdav.sys","Net_WebDAV","6.2.18362.387","1","26-Sep-19","GDR","5001337","April 13, 2021-KB5001337 (OS Build 18363.1500)","http://support.microsoft.com/kb/5001337","KB only","KB only","KB only"," ","21-04Rollup"
"Shell32.dll","Net_WebDAV","6.2.18362.1474","1","25-Mar-21","GDR","5001337","April 13, 2021-KB5001337 (OS Build 18363.1500)","http://support.microsoft.com/kb/5001337","KB only","KB only","KB only"," ","21-04Rollup"
"Winhttp.dll","Net_WebDAV","6.2.18362.1411","1","16-Feb-21","GDR","5001337","April 13, 2021-KB5001337 (OS Build 18363.1500)","http://support.microsoft.com/kb/5001337","KB only","KB only","KB only"," ","21-04Rollup"
"Dhcpcore.dll","Net_DHCP_Client","6.2.18362.1171","1","20-Oct-20","GDR","5001337","April 13, 2021-KB5001337 (OS Build 18363.1500)","http://support.microsoft.com/kb/5001337","KB only","KB only","KB only"," ","21-04Rollup"
"Dhcpcsvc.dll","Net_DHCP_Client","6.2.18362.1171","1","20-Oct-20","GDR","5001337","April 13, 2021-KB5001337 (OS Build 18363.1500)","http://support.microsoft.com/kb/5001337","KB only","KB only","KB only"," ","21-04Rollup"
"Gpprefcl.dll","Dom_GPP","6.2.18362.959","1","14-Jul-20","GDR","5001337","April 13, 2021-KB5001337 (OS Build 18363.1500)","http://support.microsoft.com/kb/5001337","KB only","KB only","KB only"," ","21-04Rollup"
"Gpme.dll","Dom_GPP","6.2.18362.1139","1","13-Oct-20","GDR","5001337","April 13, 2021-KB5001337 (OS Build 18363.1500)","http://support.microsoft.com/kb/5001337","KB only","KB only","KB only"," ","21-04Rollup"
"Gppref.dll","Dom_GPP","6.2.18362.1316","1","13-Oct-20","GDR","5001337","April 13, 2021-KB5001337 (OS Build 18363.1500)","http://support.microsoft.com/kb/5001337","KB only","KB only","KB only"," ","21-04Rollup"
"Gpprefbr.dll","Dom_GPP","6.2.18362.1316","1","13-Oct-20","GDR","5001337","April 13, 2021-KB5001337 (OS Build 18363.1500)","http://support.microsoft.com/kb/5001337","KB only","KB only","KB only"," ","21-04Rollup"
"Gpprefcn.dll","Dom_GPP","6.2.18362.1316","1","13-Oct-20","GDR","5001337","April 13, 2021-KB5001337 (OS Build 18363.1500)","http://support.microsoft.com/kb/5001337","KB only","KB only","KB only"," ","21-04Rollup"
"Gpregistrybrowser.dll","Dom_GPP","6.2.18362.1316","1","13-Oct-20","GDR","5001337","April 13, 2021-KB5001337 (OS Build 18363.1500)","http://support.microsoft.com/kb/5001337","KB only","KB only","KB only"," ","21-04Rollup"
"Propshts.dll","Dom_GPP","6.2.18362.1316","1","13-Oct-20","GDR","5001337","April 13, 2021-KB5001337 (OS Build 18363.1500)","http://support.microsoft.com/kb/5001337","KB only","KB only","KB only"," ","21-04Rollup"
"Profsvc.dll","Dom_ProfProc","6.2.18362.1474","1","25-Mar-21","GDR","5001337","April 13, 2021-KB5001337 (OS Build 18363.1500)","http://support.microsoft.com/kb/5001337","KB only","KB only","KB only"," ","21-04Rollup"
"Kerberos.dll","Dom_KERBEROS","6.2.18362.1350","0","27-Jan-21","GDR","5001337","April 13, 2021-KB5001337 (OS Build 18363.1500)","http://support.microsoft.com/kb/5001337","KB only","KB only","KB only"," ","21-04Rollup"
"Nfsclnt.exe","Net_NFS_Client","6.2.18362.1237","1","11-Sep-20","GDR","5001337","April 13, 2021-KB5001337 (OS Build 18363.1500)","http://support.microsoft.com/kb/5001337","KB only","KB only","KB only"," ","21-04Rollup"
"Nfsrdr.sys","Net_NFS_Client","6.2.18362.1237","1","11-Sep-20","GDR","5001337","April 13, 2021-KB5001337 (OS Build 18363.1500)","http://support.microsoft.com/kb/5001337","KB only","KB only","KB only"," ","21-04Rollup"
"dnsapi.dll","Net_DNS_Client","6.2.18362.1500","1","13-Apr-21","GDR","5001337","April 13, 2021-KB5001337 (OS Build 18363.1500)","http://support.microsoft.com/kb/5001337","KB only","KB only","KB only"," ","21-04Rollup"
"dnsrslvr.dll","Net_DNS_Client","6.2.18362.1500","1","13-Apr-21","GDR","5001337","April 13, 2021-KB5001337 (OS Build 18363.1500)","http://support.microsoft.com/kb/5001337","KB only","KB only","KB only"," ","21-04Rollup"
"Dnscacheugc.exe","Net_DNS_Client","6.2.18362.1139","1","13-Oct-20","GDR","5001337","April 13, 2021-KB5001337 (OS Build 18363.1500)","http://support.microsoft.com/kb/5001337","KB only","KB only","KB only"," ","21-04Rollup"
"Rpcss.dll","Net_RPC","6.2.18362.1474","1","25-Mar-21","GDR","5001337","April 13, 2021-KB5001337 (OS Build 18363.1500)","http://support.microsoft.com/kb/5001337","KB only","KB only","KB only"," ","21-04Rollup"
"Rpcrt4.dll","Net_RPC","6.2.18362.1500","1","13-Apr-21","GDR","5001337","April 13, 2021-KB5001337 (OS Build 18363.1500)","http://support.microsoft.com/kb/5001337","KB only","KB only","KB only"," ","21-04Rollup"
"Bfe.dll","Net_Ipsec_BFE","6.2.18362.1411","1","16-Feb-21","GDR","5001337","April 13, 2021-KB5001337 (OS Build 18363.1500)","http://support.microsoft.com/kb/5001337","KB only","KB only","KB only"," ","21-04Rollup"
"Ikeext.dll","Net_Ipsec_BFE","6.2.18362.1411","1","16-Feb-21","GDR","5001337","April 13, 2021-KB5001337 (OS Build 18363.1500)","http://support.microsoft.com/kb/5001337","KB only","KB only","KB only"," ","21-04Rollup"
"Fwpuclnt.dll","Net_Ipsec_BFE","6.2.18362.1411","1","16-Feb-21","GDR","5001337","April 13, 2021-KB5001337 (OS Build 18363.1500)","http://support.microsoft.com/kb/5001337","KB only","KB only","KB only"," ","21-04Rollup"
"Iphlpsvc.dll","Net_DirectAccess_Client","6.2.18362.1316","1","12-Nov-19","GDR","5001337","April 13, 2021-KB5001337 (OS Build 18363.1500)","http://support.microsoft.com/kb/5001337","KB only","KB only","KB only"," ","21-04Rollup"
"Netcorehc.dll","Net_DirectAccess_Client","6.2.18362.1316","1","27-Jan-21","GDR","5001337","April 13, 2021-KB5001337 (OS Build 18363.1500)","http://support.microsoft.com/kb/5001337","KB only","KB only","KB only"," ","21-04Rollup"
"Rdpcore.dll","Net_DirectAccess_Client","6.2.18362.1316","1","12-May-20","GDR","5001337","April 13, 2021-KB5001337 (OS Build 18363.1500)","http://support.microsoft.com/kb/5001337","KB only","KB only","KB only"," ","21-04Rollup"
"dot3svc.dll","Net_IEEE802.1x","6.2.18362.1350","1","27-Jan-21","GDR","5001337","April 13, 2021-KB5001337 (OS Build 18363.1500)","http://support.microsoft.com/kb/5001337","KB only","KB only","KB only"," ","21-04Rollup"
"Rastls.dll","Net_IEEE802.1x","6.2.18362.207","1","27-Jun-19","GDR","5001337","April 13, 2021-KB5001337 (OS Build 18363.1500)","http://support.microsoft.com/kb/5001337","KB only","KB only","KB only"," ","21-04Rollup"
"wlansvc.dll","Net_WLAN_Client","6.2.18362.1500","1","13-Apr-21","GDR","5001337","April 13, 2021-KB5001337 (OS Build 18363.1500)","http://support.microsoft.com/kb/5001337","KB only","KB only","KB only"," ","21-04Rollup"
"wlanmsm.dll","Net_WLAN_Client","6.2.18362.1500","1","13-Apr-21","GDR","5001337","April 13, 2021-KB5001337 (OS Build 18363.1500)","http://support.microsoft.com/kb/5001337","KB only","KB only","KB only"," ","21-04Rollup"
"wlanapi.dll","Net_WLAN_Client","6.2.18362.1500","1","13-Apr-21","GDR","5001337","April 13, 2021-KB5001337 (OS Build 18363.1500)","http://support.microsoft.com/kb/5001337","KB only","KB only","KB only"," ","21-04Rollup"
"wlansec.dll","Net_WLAN_Client","6.2.18362.1500","1","13-Apr-21","GDR","5001337","April 13, 2021-KB5001337 (OS Build 18363.1500)","http://support.microsoft.com/kb/5001337","KB only","KB only","KB only"," ","21-04Rollup"
"wlansvcpal.dll","Net_WLAN_Client","6.2.18362.1500","1","13-Apr-21","GDR","5001337","April 13, 2021-KB5001337 (OS Build 18363.1500)","http://support.microsoft.com/kb/5001337","KB only","KB only","KB only"," ","21-04Rollup"
"wlanhlp.dll","Net_WLAN_Client","6.2.18362.1500","1","13-Apr-21","GDR","5001337","April 13, 2021-KB5001337 (OS Build 18363.1500)","http://support.microsoft.com/kb/5001337","KB only","KB only","KB only"," ","21-04Rollup"
"Netcfgx.dll","Net_Config","6.2.18362.1316","1","27-Jan-21","GDR","5001337","April 13, 2021-KB5001337 (OS Build 18363.1500)","http://support.microsoft.com/kb/5001337","KB only","KB only","KB only"," ","21-04Rollup"
"Rasapi32.dll","HNV_Net","6.2.18362.1474","1","25-Mar-21","GDR","5001337","April 13, 2021-KB5001337 (OS Build 18363.1500)","http://support.microsoft.com/kb/5001337","KB only","KB only","KB only"," ","21-04Rollup"
"WebIo.dll","Net_BranchCache","6.2.18362.628","1","28-Jan-20","GDR","5001337","April 13, 2021-KB5001337 (OS Build 18363.1500)","http://support.microsoft.com/kb/5001337","KB only","KB only","KB only"," ","21-04Rollup"
"MpsSvc.dll","Net_Firewall","6.2.18362.1474","1","25-Mar-21","GDR","5001337","April 13, 2021-KB5001337 (OS Build 18363.1500)","http://support.microsoft.com/kb/5001337","KB only","KB only","KB only"," ","21-04Rollup"
"qmgr.dll","Net_BiTS","7.8.18362.1316","1","20-Oct-20","GDR","5001337","April 13, 2021-KB5001337 (OS Build 18363.1500)","http://support.microsoft.com/kb/5001337","KB only","KB only","KB only"," ","21-04Rollup"
"Vmswitch.sys","Hyper-V_Net","6.2.18362.1377","1","13-Oct-20","GDR","5001337","April 13, 2021-KB5001337 (OS Build 18363.1500)","http://support.microsoft.com/kb/5001337","KB only","KB only","KB only"," ","21-04Rollup"
"Ndisimplatform.sys","Hyper-V_Net","6.2.18362.693","1","7-Mar-20","GDR","5001337","April 13, 2021-KB5001337 (OS Build 18363.1500)","http://support.microsoft.com/kb/5001337","KB only","KB only","KB only"," ","21-04Rollup"
"Vmms.exe","Hyper-V_Net","6.2.18362.1316","1","16-Sep-20","GDR","5001337","April 13, 2021-KB5001337 (OS Build 18363.1500)","http://support.microsoft.com/kb/5001337","KB only","KB only","KB only"," ","21-04Rollup"
"Winnat.sys","Hyper-V_Net","6.2.18362.1440","1","18-Mar-21","GDR","5001337","April 13, 2021-KB5001337 (OS Build 18363.1500)","http://support.microsoft.com/kb/5001337","KB only","KB only","KB only"," ","21-04Rollup"
"Wmisvc.dll","Hyper-V_Net","6.2.18362.1411","1","16-Feb-21","GDR","5001337","April 13, 2021-KB5001337 (OS Build 18363.1500)","http://support.microsoft.com/kb/5001337","KB only","KB only","KB only"," ","21-04Rollup"
"Vmbus.sys","Hyper-V_Net","6.2.18362.1350","1","27-Jan-21","GDR","5001337","April 13, 2021-KB5001337 (OS Build 18363.1500)","http://support.microsoft.com/kb/5001337","KB only","KB only","KB only"," ","21-04Rollup"
"WorkFolders.exe","Net_WorkFolders","6.2.18362.1411","1","16-Feb-21","GDR","5001337","April 13, 2021-KB5001337 (OS Build 18363.1500)","http://support.microsoft.com/kb/5001337","KB only","KB only","KB only"," ","21-04Rollup"
"WorkFoldersshell.dll","Net_WorkFolders","6.2.18362.1411","1","16-Feb-21","GDR","5001337","April 13, 2021-KB5001337 (OS Build 18363.1500)","http://support.microsoft.com/kb/5001337","KB only","KB only","KB only"," ","21-04Rollup"
"WorkFolderssvc.dll","Net_WorkFolders","6.2.18362.1411","1","16-Feb-21","GDR","5001337","April 13, 2021-KB5001337 (OS Build 18363.1500)","http://support.microsoft.com/kb/5001337","KB only","KB only","KB only"," ","21-04Rollup"
"WorkFolderscontrol.dll","Net_WorkFolders","6.2.18362.1411","1","16-Feb-21","GDR","5001337","April 13, 2021-KB5001337 (OS Build 18363.1500)","http://support.microsoft.com/kb/5001337","KB only","KB only","KB only"," ","21-04Rollup"
"Syncsharesrv.dll","Net_WorkFolders","6.2.18362.1","1","23-Jan-20","GDR","5001337","April 13, 2021-KB5001337 (OS Build 18363.1500)","http://support.microsoft.com/kb/5001337","KB only","KB only","KB only"," ","21-04Rollup"
"Syncsharettsvc.exe","Net_WorkFolders","6.2.18362.1","1","10-Jan-21","GDR","5001337","April 13, 2021-KB5001337 (OS Build 18363.1500)","http://support.microsoft.com/kb/5001337","KB only","KB only","KB only"," ","21-04Rollup"
"5001205","Win2016_1903_21-03_SSU_KB"," ","0","25-Mar-2021","GDR","5001205","KB5001205: Servicing stack update for Windows 10, version 1909: March 25, 2021","http://support.microsoft.com/kb/5001205","KB only","KB only","KB Only"," ","No Rollup"
"5001406","Win2016_1903_21-04_SSU_KB"," ","0","13-Apr-2021","GDR","5001406","KB5001406: Servicing stack update for Windows 10, version 1909: April 13, 2021","http://support.microsoft.com/kb/5001406","KB only","KB only","KB Only"," ","No Rollup"
"5001337","Win201619H1_21-04_B_rollup_KB"," ","0","13-Apr-2021","GDR","5001337","April 13, 2021-KB5001337 (OS Build 18363.1500)","http://support.microsoft.com/kb/5001337","KB only","KB only","KB only"," ","21-04Rollup"
