"Binary","Component","Version","Prio","Published","Branch","Article","Title","Link","LDROnlyKB","LDROnlyTitle","LDROnlyLink","Comment","RollupInfo"
"Ntoskrnl.exe","Core_Kernel","6.2.19041.1415","0","14-Dec-21","GDR","5008212","December 14, 2021-KB5008212 (OS Builds 19041.1415, 19042.1415, 19043.1415, and 19044.1415)","http://support.microsoft.com/kb/5008212","No LDR Only available","No LDR Only available","No LDR Only available"," ","21-12Rollup"
"Ntdll.dll","Core_Kernel","6.2.19041.1288","0","7-Nov-2021","GDR","5008212","December 14, 2021-KB5008212 (OS Builds 19041.1415, 19042.1415, 19043.1415, and 19044.1415)","http://support.microsoft.com/kb/5008212","No LDR Only available","No LDR Only available","No LDR Only available"," ","21-12Rollup"
"Hal.dll","Core_Kernel","6.2.19041.1151","0","8-Nov-2021","GDR","5008212","December 14, 2021-KB5008212 (OS Builds 19041.1415, 19042.1415, 19043.1415, and 19044.1415)","http://support.microsoft.com/kb/5008212","No LDR Only available","No LDR Only available","No LDR Only available"," ","21-12Rollup"
"Fltmgr.sys","Core_Kernel","6.2.19041.1151","0","7-Nov-2021","GDR","5008212","December 14, 2021-KB5008212 (OS Builds 19041.1415, 19042.1415, 19043.1415, and 19044.1415)","http://support.microsoft.com/kb/5008212","No LDR Only available","No LDR Only available","No LDR Only available"," ","21-12Rollup"
"win32k.sys","Core_Kernel","6.2.19041.1387","0","22-Nov-21","GDR","5008212","December 14, 2021-KB5008212 (OS Builds 19041.1415, 19042.1415, 19043.1415, and 19044.1415)","http://support.microsoft.com/kb/5008212","No LDR Only available","No LDR Only available","No LDR Only available"," ","21-12Rollup"
"Ntfs.sys","Core_FileSystem","6.2.19041.1415","0","14-Dec-21","GDR","5008212","December 14, 2021-KB5008212 (OS Builds 19041.1415, 19042.1415, 19043.1415, and 19044.1415)","http://support.microsoft.com/kb/5008212","No LDR Only available","No LDR Only available","No LDR Only available"," ","21-12Rollup"
"dedup.sys","Core_FileSystem","6.2.19041.1202","0","7-Nov-2021","GDR","5008212","December 14, 2021-KB5008212 (OS Builds 19041.1415, 19042.1415, 19043.1415, and 19044.1415)","http://support.microsoft.com/kb/5008212","No LDR Only available","No LDR Only available","No LDR Only available"," ","21-12Rollup"
"Msiscsi.sys","Core_DiskSystem","6.2.19041.1151","0","8-Nov-2021","GDR","5008212","December 14, 2021-KB5008212 (OS Builds 19041.1415, 19042.1415, 19043.1415, and 19044.1415)","http://support.microsoft.com/kb/5008212","No LDR Only available","No LDR Only available","No LDR Only available"," ","21-12Rollup"
"Iscsitgt.dll","Core_DiskSystem","6.2.19041.746","0","7-Nov-2021","GDR","5008212","December 14, 2021-KB5008212 (OS Builds 19041.1415, 19042.1415, 19043.1415, and 19044.1415)","http://support.microsoft.com/kb/5008212","No LDR Only available","No LDR Only available","No LDR Only available"," ","21-12Rollup"
"Storport.sys","Core_DiskSystem","6.2.19041.1415","0","14-Dec-21","GDR","5008212","December 14, 2021-KB5008212 (OS Builds 19041.1415, 19042.1415, 19043.1415, and 19044.1415)","http://support.microsoft.com/kb/5008212","No LDR Only available","No LDR Only available","No LDR Only available"," ","21-12Rollup"
"Repdrvfs.dll","Core_WMI","6.2.19041.1266","0","7-Nov-2021","GDR","5008212","December 14, 2021-KB5008212 (OS Builds 19041.1415, 19042.1415, 19043.1415, and 19044.1415)","http://support.microsoft.com/kb/5008212","No LDR Only available","No LDR Only available","No LDR Only available"," ","21-12Rollup"
"Mpio.sys","Core_MPIO","6.2.19041.789","0","7-Nov-2021","GDR","5008212","December 14, 2021-KB5008212 (OS Builds 19041.1415, 19042.1415, 19043.1415, and 19044.1415)","http://support.microsoft.com/kb/5008212","No LDR Only available","No LDR Only available","No LDR Only available"," ","21-12Rollup"
"Vssapi.dll","Core_VSS","6.2.19041.1320","1","7-Nov-2021","GDR","5008212","December 14, 2021-KB5008212 (OS Builds 19041.1415, 19042.1415, 19043.1415, and 19044.1415)","http://support.microsoft.com/kb/5008212","No LDR Only available","No LDR Only available","No LDR Only available"," ","21-12Rollup"
"Vsstrace.dll","Core_VSS","6.2.19041.546","1","7-Nov-2021","GDR","5008212","December 14, 2021-KB5008212 (OS Builds 19041.1415, 19042.1415, 19043.1415, and 19044.1415)","http://support.microsoft.com/kb/5008212","No LDR Only available","No LDR Only available","No LDR Only available"," ","21-12Rollup"
"Swprv.dll","Core_VSS","6.2.19041.1320","1","7-Nov-2021","GDR","5008212","December 14, 2021-KB5008212 (OS Builds 19041.1415, 19042.1415, 19043.1415, and 19044.1415)","http://support.microsoft.com/kb/5008212","No LDR Only available","No LDR Only available","No LDR Only available"," ","21-12Rollup"
"spp.dll","Core_VSS","6.2.19041.746","1","7-Nov-2021","GDR","5008212","December 14, 2021-KB5008212 (OS Builds 19041.1415, 19042.1415, 19043.1415, and 19044.1415)","http://support.microsoft.com/kb/5008212","No LDR Only available","No LDR Only available","No LDR Only available"," ","21-12Rollup"
"wbengine.exe","Core_VSS","6.2.19041.746","1","7-Nov-2021","GDR","5008212","December 14, 2021-KB5008212 (OS Builds 19041.1415, 19042.1415, 19043.1415, and 19044.1415)","http://support.microsoft.com/kb/5008212","No LDR Only available","No LDR Only available","No LDR Only available"," ","21-12Rollup"
"blbsrv.dll","Core_VSS","6.2.19041.746","1","7-Nov-2021","GDR","5008212","December 14, 2021-KB5008212 (OS Builds 19041.1415, 19042.1415, 19043.1415, and 19044.1415)","http://support.microsoft.com/kb/5008212","No LDR Only available","No LDR Only available","No LDR Only available"," ","21-12Rollup"
"pci.sys","Core_Sys","6.2.19041.1387","1","22-Nov-21","GDR","5008212","December 14, 2021-KB5008212 (OS Builds 19041.1415, 19042.1415, 19043.1415, and 19044.1415)","http://support.microsoft.com/kb/5008212","No LDR Only available","No LDR Only available","No LDR Only available"," ","21-12Rollup"
"Volmgr.sys","Core_Sys","6.2.19041.928","1","7-Nov-2021","GDR","5008212","December 14, 2021-KB5008212 (OS Builds 19041.1415, 19042.1415, 19043.1415, and 19044.1415)","http://support.microsoft.com/kb/5008212","No LDR Only available","No LDR Only available","No LDR Only available"," ","21-12Rollup"
"Advapi32.dll","Core_Apps","6.2.19041.1202","0","7-Nov-2021","GDR","5008212","December 14, 2021-KB5008212 (OS Builds 19041.1415, 19042.1415, 19043.1415, and 19044.1415)","http://support.microsoft.com/kb/5008212","No LDR Only available","No LDR Only available","No LDR Only available"," ","21-12Rollup"
"Tzres.dll","Core_TimeZone","6.2.19041.1381","1","7-Nov-2021","GDR","5008212","December 14, 2021-KB5008212 (OS Builds 19041.1415, 19042.1415, 19043.1415, and 19044.1415)","http://support.microsoft.com/kb/5008212","No LDR Only available","No LDR Only available","No LDR Only available"," ","21-12Rollup"
"Clussvc.exe","Cluster_Core","6.2.19041.1381","0","7-Nov-2021","GDR","5008212","December 14, 2021-KB5008212 (OS Builds 19041.1415, 19042.1415, 19043.1415, and 19044.1415)","http://support.microsoft.com/kb/5008212","No LDR Only available","No LDR Only available","No LDR Only available"," ","21-12Rollup"
"ClusWMI.dll","Cluster_Core","6.2.19041.1202","0","7-Nov-2021","GDR","5008212","December 14, 2021-KB5008212 (OS Builds 19041.1415, 19042.1415, 19043.1415, and 19044.1415)","http://support.microsoft.com/kb/5008212","No LDR Only available","No LDR Only available","No LDR Only available"," ","21-12Rollup"
"Rhs.exe","Cluster_Core","6.2.19041.1202","0","7-Nov-2021","GDR","5008212","December 14, 2021-KB5008212 (OS Builds 19041.1415, 19042.1415, 19043.1415, and 19044.1415)","http://support.microsoft.com/kb/5008212","No LDR Only available","No LDR Only available","No LDR Only available"," ","21-12Rollup"
"Clusres.dll","Cluster_Core","6.2.19041.1381","0","7-Nov-2021","GDR","5008212","December 14, 2021-KB5008212 (OS Builds 19041.1415, 19042.1415, 19043.1415, and 19044.1415)","http://support.microsoft.com/kb/5008212","No LDR Only available","No LDR Only available","No LDR Only available"," ","21-12Rollup"
"Clusres2.dll","Cluster_Core","6.2.19041.1202","0","7-Nov-2021","GDR","5008212","December 14, 2021-KB5008212 (OS Builds 19041.1415, 19042.1415, 19043.1415, and 19044.1415)","http://support.microsoft.com/kb/5008212","No LDR Only available","No LDR Only available","No LDR Only available"," ","21-12Rollup"
"Netft.sys","Cluster_Core","6.2.19041.1320","0","7-Nov-2021","GDR","5008212","December 14, 2021-KB5008212 (OS Builds 19041.1415, 19042.1415, 19043.1415, and 19044.1415)","http://support.microsoft.com/kb/5008212","No LDR Only available","No LDR Only available","No LDR Only available"," ","21-12Rollup"
"Csvfs.sys","Cluster_CSV","6.2.19041.546","0","7-Nov-2021","GDR","5008212","December 14, 2021-KB5008212 (OS Builds 19041.1415, 19042.1415, 19043.1415, and 19044.1415)","http://support.microsoft.com/kb/5008212","No LDR Only available","No LDR Only available","No LDR Only available"," ","21-12Rollup"
"Vhdmp.sys","Cluster_CSV","6.2.19041.1266","0","7-Nov-2021","GDR","5008212","December 14, 2021-KB5008212 (OS Builds 19041.1415, 19042.1415, 19043.1415, and 19044.1415)","http://support.microsoft.com/kb/5008212","No LDR Only available","No LDR Only available","No LDR Only available"," ","21-12Rollup"
"Svhdxflt.sys","Cluster_CSV","6.2.19041.928","0","7-Nov-2021","GDR","5008212","December 14, 2021-KB5008212 (OS Builds 19041.1415, 19042.1415, 19043.1415, and 19044.1415)","http://support.microsoft.com/kb/5008212","No LDR Only available","No LDR Only available","No LDR Only available"," ","21-12Rollup"
"Volsnap.sys","Cluster_Volsnap","6.2.19041.488","0","7-Nov-2021","GDR","5008212","December 14, 2021-KB5008212 (OS Builds 19041.1415, 19042.1415, 19043.1415, and 19044.1415)","http://support.microsoft.com/kb/5008212","No LDR Only available","No LDR Only available","No LDR Only available"," ","21-12Rollup"
"Cprepsrv.exe","Cluster_Validation","6.2.19041.1202","1","7-Nov-2021","GDR","5008212","December 14, 2021-KB5008212 (OS Builds 19041.1415, 19042.1415, 19043.1415, and 19044.1415)","http://support.microsoft.com/kb/5008212","No LDR Only available","No LDR Only available","No LDR Only available"," ","21-12Rollup"
"Failoverclusters.agent.interop.dll","Cluster_Validation","6.2.19041.662","1","7-Nov-2021","GDR","5008212","December 14, 2021-KB5008212 (OS Builds 19041.1415, 19042.1415, 19043.1415, and 19044.1415)","http://support.microsoft.com/kb/5008212","No LDR Only available","No LDR Only available","No LDR Only available"," ","21-12Rollup"
"Vmswitch.sys","Hyper-V_Net","6.2.19041.1415","1","14-Dec-21","GDR","5008212","December 14, 2021-KB5008212 (OS Builds 19041.1415, 19042.1415, 19043.1415, and 19044.1415)","http://support.microsoft.com/kb/5008212","No LDR Only available","No LDR Only available","No LDR Only available"," ","21-12Rollup"
"Ndisimplatform.sys","Hyper-V_Net","6.2.19041.546","1","7-Nov-2021","GDR","5008212","December 14, 2021-KB5008212 (OS Builds 19041.1415, 19042.1415, 19043.1415, and 19044.1415)","http://support.microsoft.com/kb/5008212","No LDR Only available","No LDR Only available","No LDR Only available"," ","21-12Rollup"
"Vmms.exe","Hyper-V_Net","6.2.19041.1415","1","14-Dec-21","GDR","5008212","December 14, 2021-KB5008212 (OS Builds 19041.1415, 19042.1415, 19043.1415, and 19044.1415)","http://support.microsoft.com/kb/5008212","No LDR Only available","No LDR Only available","No LDR Only available"," ","21-12Rollup"
"Winnat.sys","Hyper-V_Net","6.2.19041.1320","1","7-Nov-2021","GDR","5008212","December 14, 2021-KB5008212 (OS Builds 19041.1415, 19042.1415, 19043.1415, and 19044.1415)","http://support.microsoft.com/kb/5008212","No LDR Only available","No LDR Only available","No LDR Only available"," ","21-12Rollup"
"Wmisvc.dll","Hyper-V_Net","6.2.19041.844","1","7-Nov-2021","GDR","5008212","December 14, 2021-KB5008212 (OS Builds 19041.1415, 19042.1415, 19043.1415, and 19044.1415)","http://support.microsoft.com/kb/5008212","No LDR Only available","No LDR Only available","No LDR Only available"," ","21-12Rollup"
"Vmbus.sys","Hyper-V_Net","6.2.19041.1110","1","8-Nov-2021","GDR","5008212","December 14, 2021-KB5008212 (OS Builds 19041.1415, 19042.1415, 19043.1415, and 19044.1415)","http://support.microsoft.com/kb/5008212","No LDR Only available","No LDR Only available","No LDR Only available"," ","21-12Rollup"
"Rasapi32.dll","HNV_Net","6.2.19041.1387","1","22-Nov-21","GDR","5008212","December 14, 2021-KB5008212 (OS Builds 19041.1415, 19042.1415, 19043.1415, and 19044.1415)","http://support.microsoft.com/kb/5008212","No LDR Only available","No LDR Only available","No LDR Only available"," ","21-12Rollup"
"Vmwp.exe","Hyper-V_app","6.2.19041.1320","1","7-Nov-2021","GDR","5008212","December 14, 2021-KB5008212 (OS Builds 19041.1415, 19042.1415, 19043.1415, and 19044.1415)","http://support.microsoft.com/kb/5008212","No LDR Only available","No LDR Only available","No LDR Only available"," ","21-12Rollup"
"Tcpip.sys","Net_Protocol","6.2.19041.1415","0","14-Dec-21","GDR","5008212","December 14, 2021-KB5008212 (OS Builds 19041.1415, 19042.1415, 19043.1415, and 19044.1415)","http://support.microsoft.com/kb/5008212","No LDR Only available","No LDR Only available","No LDR Only available"," ","21-12Rollup"
"Afd.sys","Net_Protocol","6.2.19041.1320","0","7-Nov-2021","GDR","5008212","December 14, 2021-KB5008212 (OS Builds 19041.1415, 19042.1415, 19043.1415, and 19044.1415)","http://support.microsoft.com/kb/5008212","No LDR Only available","No LDR Only available","No LDR Only available"," ","21-12Rollup"
"Netio.sys","Net_Protocol","6.2.19041.1110","0","7-Nov-2021","GDR","5008212","December 14, 2021-KB5008212 (OS Builds 19041.1415, 19042.1415, 19043.1415, and 19044.1415)","http://support.microsoft.com/kb/5008212","No LDR Only available","No LDR Only available","No LDR Only available"," ","21-12Rollup"
"Ndis.sys","Net_Protocol","6.2.19041.1387","0","22-Nov-21","GDR","5008212","December 14, 2021-KB5008212 (OS Builds 19041.1415, 19042.1415, 19043.1415, and 19044.1415)","http://support.microsoft.com/kb/5008212","No LDR Only available","No LDR Only available","No LDR Only available"," ","21-12Rollup"
"Tdx.sys","Net_Protocol","6.2.19041.1237","0","7-Nov-2021","GDR","5008212","December 14, 2021-KB5008212 (OS Builds 19041.1415, 19042.1415, 19043.1415, and 19044.1415)","http://support.microsoft.com/kb/5008212","No LDR Only available","No LDR Only available","No LDR Only available"," ","21-12Rollup"
"Iphlpapi.dll","Net_Protocol","6.2.19041.546","0","7-Nov-2021","GDR","5008212","December 14, 2021-KB5008212 (OS Builds 19041.1415, 19042.1415, 19043.1415, and 19044.1415)","http://support.microsoft.com/kb/5008212","No LDR Only available","No LDR Only available","No LDR Only available"," ","21-12Rollup"
"srv.sys","Net_SMB_Server","6.2.19041.1202","0","8-Nov-2021","GDR","5008212","December 14, 2021-KB5008212 (OS Builds 19041.1415, 19042.1415, 19043.1415, and 19044.1415)","http://support.microsoft.com/kb/5008212","No LDR Only available","No LDR Only available","No LDR Only available"," ","21-12Rollup"
"srv2.sys","Net_SMB_Server","6.2.19041.1202","0","7-Nov-2021","GDR","5008212","December 14, 2021-KB5008212 (OS Builds 19041.1415, 19042.1415, 19043.1415, and 19044.1415)","http://support.microsoft.com/kb/5008212","No LDR Only available","No LDR Only available","No LDR Only available"," ","21-12Rollup"
"srvnet.sys","Net_SMB_Server","6.2.19041.1052","0","8-Nov-2021","GDR","5008212","December 14, 2021-KB5008212 (OS Builds 19041.1415, 19042.1415, 19043.1415, and 19044.1415)","http://support.microsoft.com/kb/5008212","No LDR Only available","No LDR Only available","No LDR Only available"," ","21-12Rollup"
"Srvsvc.dll","Net_SMB_Server","6.2.19041.1387","0","22-Nov-21","GDR","5008212","December 14, 2021-KB5008212 (OS Builds 19041.1415, 19042.1415, 19043.1415, and 19044.1415)","http://support.microsoft.com/kb/5008212","No LDR Only available","No LDR Only available","No LDR Only available"," ","21-12Rollup"
"Mrxsmb.sys","Net_SMB_Client","6.2.19041.1387","0","22-Nov-21","GDR","5008212","December 14, 2021-KB5008212 (OS Builds 19041.1415, 19042.1415, 19043.1415, and 19044.1415)","http://support.microsoft.com/kb/5008212","No LDR Only available","No LDR Only available","No LDR Only available"," ","21-12Rollup"
"Mrxsmb10.sys","Net_SMB_Client","6.2.19041.488","0","7-Nov-2021","GDR","5008212","December 14, 2021-KB5008212 (OS Builds 19041.1415, 19042.1415, 19043.1415, and 19044.1415)","http://support.microsoft.com/kb/5008212","No LDR Only available","No LDR Only available","No LDR Only available"," ","21-12Rollup"
"Mrxsmb20.sys","Net_SMB_Client","6.2.19041.1387","0","22-Nov-21","GDR","5008212","December 14, 2021-KB5008212 (OS Builds 19041.1415, 19042.1415, 19043.1415, and 19044.1415)","http://support.microsoft.com/kb/5008212","No LDR Only available","No LDR Only available","No LDR Only available"," ","21-12Rollup"
"Rdbss.sys","Net_SMB_Client","6.2.19041.1237","0","8-Nov-2021","GDR","5008212","December 14, 2021-KB5008212 (OS Builds 19041.1415, 19042.1415, 19043.1415, and 19044.1415)","http://support.microsoft.com/kb/5008212","No LDR Only available","No LDR Only available","No LDR Only available"," ","21-12Rollup"
"Netbt.sys","Net_SMB_Client","6.2.19041.572","0","7-Nov-2021","GDR","5008212","December 14, 2021-KB5008212 (OS Builds 19041.1415, 19042.1415, 19043.1415, and 19044.1415)","http://support.microsoft.com/kb/5008212","No LDR Only available","No LDR Only available","No LDR Only available"," ","21-12Rollup"
"Mup.sys","Net_SMB_Client","6.2.19041.844","0","7-Nov-2021","GDR","5008212","December 14, 2021-KB5008212 (OS Builds 19041.1415, 19042.1415, 19043.1415, and 19044.1415)","http://support.microsoft.com/kb/5008212","No LDR Only available","No LDR Only available","No LDR Only available"," ","21-12Rollup"
"wkssvc.dll","Net_SMB_Client","6.2.19041.1202","0","7-Nov-2021","GDR","5008212","December 14, 2021-KB5008212 (OS Builds 19041.1415, 19042.1415, 19043.1415, and 19044.1415)","http://support.microsoft.com/kb/5008212","No LDR Only available","No LDR Only available","No LDR Only available"," ","21-12Rollup"
"Mpr.dll","Net_SMB_Client","6.2.19041.546","0","7-Nov-2021","GDR","5008212","December 14, 2021-KB5008212 (OS Builds 19041.1415, 19042.1415, 19043.1415, and 19044.1415)","http://support.microsoft.com/kb/5008212","No LDR Only available","No LDR Only available","No LDR Only available"," ","21-12Rollup"
"NtLanman.dll","Net_SMB_Client","6.2.19041.1387","0","22-Nov-21","GDR","5008212","December 14, 2021-KB5008212 (OS Builds 19041.1415, 19042.1415, 19043.1415, and 19044.1415)","http://support.microsoft.com/kb/5008212","No LDR Only available","No LDR Only available","No LDR Only available"," ","21-12Rollup"
"5007253","Win20162004_21-11_C_rollup_KB"," ","0","22-Nov-2021","GDR","5007253","November 22, 2021-KB5007253 (OS Builds 19041.1382, 19042.1382, 19043.1382, and 19044.1382) Preview","http://support.microsoft.com/kb/5007253","KB only","KB only","KB only"," ","21-11Rollup"
