"Binary","Component","Version","Prio","Published","Branch","Article","Title","Link","LDROnlyKB","LDROnlyTitle","LDROnlyLink","Comment","RollupInfo"
"Localspl.dll","Print_Spool","6.2.19041.1415","0","14-Dec-21","GDR","5008212","December 14, 2021-KB5008212 (OS Builds 19041.1415, 19042.1415, 19043.1415, and 19044.1415)","http://support.microsoft.com/kb/5008212","No LDR Only available","No LDR Only available","No LDR Only available"," ","21-12Rollup"
"Win32spl.dll","Print_Spool","6.2.19041.1387","0","22-Nov-21","GDR","5008212","December 14, 2021-KB5008212 (OS Builds 19041.1415, 19042.1415, 19043.1415, and 19044.1415)","http://support.microsoft.com/kb/5008212","No LDR Only available","No LDR Only available","No LDR Only available"," ","21-12Rollup"
"Spoolss.dll","Print_Spool","6.2.19041.1288","0","7-Nov-2021","GDR","5008212","December 14, 2021-KB5008212 (OS Builds 19041.1415, 19042.1415, 19043.1415, and 19044.1415)","http://support.microsoft.com/kb/5008212","No LDR Only available","No LDR Only available","No LDR Only available"," ","21-12Rollup"
"Spoolsv.exe","Print_Spool","6.2.19041.1415","0","14-Dec-21","GDR","5008212","December 14, 2021-KB5008212 (OS Builds 19041.1415, 19042.1415, 19043.1415, and 19044.1415)","http://support.microsoft.com/kb/5008212","No LDR Only available","No LDR Only available","No LDR Only available"," ","21-12Rollup"
"Winspool.drv","Print_Spool","6.2.19041.1288","0","8-Nov-2021","GDR","5008212","December 14, 2021-KB5008212 (OS Builds 19041.1415, 19042.1415, 19043.1415, and 19044.1415)","http://support.microsoft.com/kb/5008212","No LDR Only available","No LDR Only available","No LDR Only available"," ","21-12Rollup"
"Ntprint.exe","Print_App","6.2.19041.1288","0","7-Nov-2021","GDR","5008212","December 14, 2021-KB5008212 (OS Builds 19041.1415, 19042.1415, 19043.1415, and 19044.1415)","http://support.microsoft.com/kb/5008212","No LDR Only available","No LDR Only available","No LDR Only available"," ","21-12Rollup"
"Printui.dll","Print_App","6.2.19041.1237","0","7-Nov-2021","GDR","5008212","December 14, 2021-KB5008212 (OS Builds 19041.1415, 19042.1415, 19043.1415, and 19044.1415)","http://support.microsoft.com/kb/5008212","No LDR Only available","No LDR Only available","No LDR Only available"," ","21-12Rollup"
"Printfilterpipelineprxy.dll","Print_App","6.2.19041.867","0","7-Nov-2021","GDR","5008212","December 14, 2021-KB5008212 (OS Builds 19041.1415, 19042.1415, 19043.1415, and 19044.1415)","http://support.microsoft.com/kb/5008212","No LDR Only available","No LDR Only available","No LDR Only available"," ","21-12Rollup"
"Printfilterpipelinesvc.exe","Print_App","6.2.19041.867","0","8-Nov-2021","GDR","5008212","December 14, 2021-KB5008212 (OS Builds 19041.1415, 19042.1415, 19043.1415, and 19044.1415)","http://support.microsoft.com/kb/5008212","No LDR Only available","No LDR Only available","No LDR Only available"," ","21-12Rollup"
"Printbrm.exe","Print_App","6.2.19041.450","0","7-Nov-2021","GDR","5008212","December 14, 2021-KB5008212 (OS Builds 19041.1415, 19042.1415, 19043.1415, and 19044.1415)","http://support.microsoft.com/kb/5008212","No LDR Only available","No LDR Only available","No LDR Only available"," ","21-12Rollup"
"splwow64.exe","Print_App","6.2.19041.1381","0","7-Nov-2021","GDR","5008212","December 14, 2021-KB5008212 (OS Builds 19041.1415, 19042.1415, 19043.1415, and 19044.1415)","http://support.microsoft.com/kb/5008212","No LDR Only available","No LDR Only available","No LDR Only available"," ","21-12Rollup"
"5007253","Win20162004_21-11_C_rollup_KB"," ","0","22-Nov-2021","GDR","5007253","November 22, 2021-KB5007253 (OS Builds 19041.1382, 19042.1382, 19043.1382, and 19044.1382) Preview","http://support.microsoft.com/kb/5007253","KB only","KB only","KB only"," ","21-11Rollup"
