"Binary","Component","Version","Prio","Published","Branch","Article","Title","Link","LDROnlyKB","LDROnlyTitle","LDROnlyLink","Comment","RollupInfo"
"Ntoskrnl.exe","Core_Kernel","6.2.17763.4010","0","03-Feb-2023","GDR","5022840","February 14, 2023-KB5022840 (OS Build 17763.4010)","http://support.microsoft.com/kb/5022840","No LDR Only available","No LDR Only available","No LDR Only available"," ","23-02Rollup"
"Ntkrnlpa.exe","Core_Kernel","6.2.17763.1","0","","RTM","5022840","","","","","","",""
"Crashdmp.sys","Core_Kernel","6.2.17763.771","0","12-Sep-2019","GDR","5022840","February 14, 2023-KB5022840 (OS Build 17763.4010)","http://support.microsoft.com/kb/5022840","No LDR Only available","No LDR Only available","No LDR Only available"," ","23-02Rollup"
"Ntdll.dll","Core_Kernel","6.2.17763.3887","0","05-Jan-2023","GDR","5022840","February 14, 2023-KB5022840 (OS Build 17763.4010)","http://support.microsoft.com/kb/5022840","No LDR Only available","No LDR Only available","No LDR Only available"," ","23-02Rollup"
"Hal.dll","Core_Kernel","6.2.17763.3650","0","13-Dec-2022","GDR","5022286","January 10, 2023-KB5022286 (OS Build 17763.3887)","http://support.microsoft.com/kb/5022286","No LDR Only available","No LDR Only available","No LDR Only available","rEX","23-02Rollup"
"Fltmgr.sys","Core_Kernel","6.2.17763.2510","0","18-Jan-2022","GDR","5022840","February 14, 2023-KB5022840 (OS Build 17763.4010)","http://support.microsoft.com/kb/5022840","No LDR Only available","No LDR Only available","No LDR Only available"," ","23-02Rollup"
"win32k.sys","Core_Kernel","6.2.17763.557","0","17-Oct-2022","GDR","5022286","January 10, 2023-KB5022286 (OS Build 17763.3887)","http://support.microsoft.com/kb/5022286","No LDR Only available","No LDR Only available","No LDR Only available","rEX","23-02Rollup"
"Ntfs.sys","Core_FileSystem","6.2.17763.3532","0","11-Oct-2022","GDR","5022286","January 10, 2023-KB5022286 (OS Build 17763.3887)","http://support.microsoft.com/kb/5022286","No LDR Only available","No LDR Only available","No LDR Only available","rEX","23-02Rollup"
"dedup.sys","Core_FileSystem","6.2.17763.3650","0","03-Nov-2022","GDR","5022840","February 14, 2023-KB5022840 (OS Build 17763.4010)","http://support.microsoft.com/kb/5022840","No LDR Only available","No LDR Only available","No LDR Only available"," ","23-02Rollup"
"Msiscsi.sys","Core_DiskSystem","6.2.17763.1728","0","09-Jan-2021","GDR","5022840","February 14, 2023-KB5022840 (OS Build 17763.4010)","http://support.microsoft.com/kb/5022840","No LDR Only available","No LDR Only available","No LDR Only available"," ","23-02Rollup"
"Iscsitgt.dll","Core_DiskSystem","6.2.17763.1697","0","07-Jan-2021","GDR","5022840","February 14, 2023-KB5022840 (OS Build 17763.4010)","http://support.microsoft.com/kb/5022840","No LDR Only available","No LDR Only available","No LDR Only available"," ","23-02Rollup"
"Storport.sys","Core_DiskSystem","6.2.17763.3469","0","08-Sep-2022","GDR","5022840","February 14, 2023-KB5022840 (OS Build 17763.4010)","http://support.microsoft.com/kb/5022840","No LDR Only available","No LDR Only available","No LDR Only available"," ","23-02Rollup"
"Repdrvfs.dll","Core_WMI","6.2.17763.2989","0","14-May-2022","GDR","5022840","February 14, 2023-KB5022840 (OS Build 17763.4010)","http://support.microsoft.com/kb/5022840","No LDR Only available","No LDR Only available","No LDR Only available"," ","23-02Rollup"
"Mpio.sys","Core_MPIO","6.2.17763.1554","0","14-Oct-2020","GDR","5022840","February 14, 2023-KB5022840 (OS Build 17763.4010)","http://support.microsoft.com/kb/5022840","No LDR Only available","No LDR Only available","No LDR Only available"," ","23-02Rollup"
"Msdsm.sys","Core_MPIO","6.2.17763.652","0","14-Jul-2019","GDR","5022840","February 14, 2023-KB5022840 (OS Build 17763.4010)","http://support.microsoft.com/kb/5022840","No LDR Only available","No LDR Only available","No LDR Only available"," ","23-02Rollup"
"Vssapi.dll","Core_VSS","6.2.17763.2268","1","08-Oct-2021","GDR","5022840","February 14, 2023-KB5022840 (OS Build 17763.4010)","http://support.microsoft.com/kb/5022840","No LDR Only available","No LDR Only available","No LDR Only available"," ","23-02Rollup"
"Vsstrace.dll","Core_VSS","6.2.17763.592","1","15-Jun-2019","GDR","5022840","February 14, 2023-KB5022840 (OS Build 17763.4010)","http://support.microsoft.com/kb/5022840","No LDR Only available","No LDR Only available","No LDR Only available"," ","23-02Rollup"
"vsssvc.exe","Core_VSS","6.2.17763.1","1","","RTM","5022840","","","","","","",""
"Swprv.dll","Core_VSS","6.2.17763.2989","1","14-May-2022","GDR","5022840","February 14, 2023-KB5022840 (OS Build 17763.4010)","http://support.microsoft.com/kb/5022840","No LDR Only available","No LDR Only available","No LDR Only available"," ","23-02Rollup"
"spp.dll","Core_VSS","6.2.17763.4010","1","03-Feb-2023","GDR","5022840","February 14, 2023-KB5022840 (OS Build 17763.4010)","http://support.microsoft.com/kb/5022840","No LDR Only available","No LDR Only available","No LDR Only available"," ","23-02Rollup"
"wbengine.exe","Core_VSS","6.2.17763.1697","1","07-Jan-2021","GDR","5022840","February 14, 2023-KB5022840 (OS Build 17763.4010)","http://support.microsoft.com/kb/5022840","No LDR Only available","No LDR Only available","No LDR Only available"," ","23-02Rollup"
"blbsrv.dll","Core_VSS","6.2.17763.1697","1","07-Jan-2021","GDR","5022840","February 14, 2023-KB5022840 (OS Build 17763.4010)","http://support.microsoft.com/kb/5022840","No LDR Only available","No LDR Only available","No LDR Only available"," ","23-02Rollup"
"pci.sys","Core_Sys","6.2.17763.2867","1","06-Apr-2022","GDR","5022840","February 14, 2023-KB5022840 (OS Build 17763.4010)","http://support.microsoft.com/kb/5022840","No LDR Only available","No LDR Only available","No LDR Only available"," ","23-02Rollup"
"Termdd.sys","Core_Sys","6.2.17763.1","1","","RTM","5022840","","","","","","",""
"Volmgr.sys","Core_Sys","6.2.17763.3232","1","01-Jul-2022","GDR","5022840","February 14, 2023-KB5022840 (OS Build 17763.4010)","http://support.microsoft.com/kb/5022840","No LDR Only available","No LDR Only available","No LDR Only available"," ","23-02Rollup"
"Advapi32.dll","Core_Apps","6.2.17763.3532","0","08-Nov-2022","GDR","5022286","January 10, 2023-KB5022286 (OS Build 17763.3887)","http://support.microsoft.com/kb/5022286","No LDR Only available","No LDR Only available","No LDR Only available","rEX","23-02Rollup"
"Tzres.dll","Core_TimeZone","6.2.17763.3770","1","10-Dec-2022","GDR","5022840","February 14, 2023-KB5022840 (OS Build 17763.4010)","http://support.microsoft.com/kb/5022840","No LDR Only available","No LDR Only available","No LDR Only available"," ","23-02Rollup"
"Clussvc.exe","Cluster_Core","6.2.17763.4010","0","03-Feb-2023","GDR","5022840","February 14, 2023-KB5022840 (OS Build 17763.4010)","http://support.microsoft.com/kb/5022840","No LDR Only available","No LDR Only available","No LDR Only available"," ","23-02Rollup"
"ClusWMI.dll","Cluster_Core","6.2.17763.3469","0","09-Sep-2022","GDR","5022840","February 14, 2023-KB5022840 (OS Build 17763.4010)","http://support.microsoft.com/kb/5022840","No LDR Only available","No LDR Only available","No LDR Only available"," ","23-02Rollup"
"Rhs.exe","Cluster_Core","6.2.17763.2213","0","15-Sep-2021","GDR","5022840","February 14, 2023-KB5022840 (OS Build 17763.4010)","http://support.microsoft.com/kb/5022840","No LDR Only available","No LDR Only available","No LDR Only available"," ","23-02Rollup"
"Clusres.dll","Cluster_Core","6.2.17763.3887","0","10-Jan-2023","GDR","5022286","January 10, 2023-KB5022286 (OS Build 17763.3887)","http://support.microsoft.com/kb/5022286","No LDR Only available","No LDR Only available","No LDR Only available","rEX","23-02Rollup"
"Clusres2.dll","Cluster_Core","6.2.17763.2931","0","14-May-2022","GDR","5022840","February 14, 2023-KB5022840 (OS Build 17763.4010)","http://support.microsoft.com/kb/5022840","No LDR Only available","No LDR Only available","No LDR Only available"," ","23-02Rollup"
"Netft.sys","Cluster_Core","6.2.17763.2746","0","08-Mar-2022","GDR","5022840","February 14, 2023-KB5022840 (OS Build 17763.4010)","http://support.microsoft.com/kb/5022840","No LDR Only available","No LDR Only available","No LDR Only available"," ","23-02Rollup"
"Clusauthmgr.dll","Cluster_Core","6.2.17763.1","0","","RTM","5022840","","","","","","",""
"Witness.dll","Cluster_Core","6.2.17763.4010","0","03-Feb-2023","GDR","5022840","February 14, 2023-KB5022840 (OS Build 17763.4010)","http://support.microsoft.com/kb/5022840","No LDR Only available","No LDR Only available","No LDR Only available"," ","23-02Rollup"
"Csvflt.sys","Cluster_CSV","6.2.17763.2928","0","04-May-2022","GDR","5022840","February 14, 2023-KB5022840 (OS Build 17763.4010)","http://support.microsoft.com/kb/5022840","No LDR Only available","No LDR Only available","No LDR Only available"," ","23-02Rollup"
"Csvfs.sys","Cluster_CSV","6.2.17763.2928","0","04-May-2022","GDR","5022840","February 14, 2023-KB5022840 (OS Build 17763.4010)","http://support.microsoft.com/kb/5022840","No LDR Only available","No LDR Only available","No LDR Only available"," ","23-02Rollup"
"Csvfilter.sys","Cluster_CSV","6.2.17763.1","0","","RTM","5022840","","","","","","",""
"Vhdmp.sys","Cluster_CSV","6.2.17763.3287","0","05-Aug-2022","GDR","5022840","February 14, 2023-KB5022840 (OS Build 17763.4010)","http://support.microsoft.com/kb/5022840","No LDR Only available","No LDR Only available","No LDR Only available"," ","23-02Rollup"
"Svhdxflt.sys","Cluster_CSV","6.2.17763.2928","0","04-May-2022","GDR","5022840","February 14, 2023-KB5022840 (OS Build 17763.4010)","http://support.microsoft.com/kb/5022840","No LDR Only available","No LDR Only available","No LDR Only available"," ","23-02Rollup"
"Clusdisk.sys","Cluster_Disk","6.2.17763.2928","0","04-May-2022","GDR","5022840","February 14, 2023-KB5022840 (OS Build 17763.4010)","http://support.microsoft.com/kb/5022840","No LDR Only available","No LDR Only available","No LDR Only available"," ","23-02Rollup"
"Volsnap.sys","Cluster_Volsnap","6.2.17763.831","0","03-Oct-2019","GDR","5022840","February 14, 2023-KB5022840 (OS Build 17763.4010)","http://support.microsoft.com/kb/5022840","No LDR Only available","No LDR Only available","No LDR Only available"," ","23-02Rollup"
"Cprepsrv.exe","Cluster_Validation","6.2.17763.2989","1","14-May-2022","GDR","5022840","February 14, 2023-KB5022840 (OS Build 17763.4010)","http://support.microsoft.com/kb/5022840","No LDR Only available","No LDR Only available","No LDR Only available"," ","23-02Rollup"
"Failoverclusters.agent.interop.dll","Cluster_Validation","6.2.17763.1","1","14-Sep-2018","GDR","5022840","February 14, 2023-KB5022840 (OS Build 17763.4010)","http://support.microsoft.com/kb/5022840","No LDR Only available","No LDR Only available","No LDR Only available"," ","23-02Rollup"
"Microsoft.failoverclusters.framework.dll","Cluster_Validation","6.2.17763.1","1","","RTM","5022840","","","","","","",""
"Vmswitch.sys","Hyper-V_Net","6.2.17763.3770","1","10-Dec-2022","GDR","5022840","February 14, 2023-KB5022840 (OS Build 17763.4010)","http://support.microsoft.com/kb/5022840","No LDR Only available","No LDR Only available","No LDR Only available"," ","23-02Rollup"
"Mslbfoprovider.sys","Hyper-V_Net","6.2.17763.1","1","","RTM","5022840","","","","","","",""
"Wnv.sys","Hyper-V_Net","6.2.17763.3770","1","10-Dec-2022","GDR","5022840","February 14, 2023-KB5022840 (OS Build 17763.4010)","http://support.microsoft.com/kb/5022840","No LDR Only available","No LDR Only available","No LDR Only available"," ","23-02Rollup"
"Vmsntfy.dll","Hyper-V_Net","6.2.17763.1","1","","RTM","5022840","","","","","","",""
"Ndisimplatform.sys","Hyper-V_Net","6.2.17763.1","1","14-Sep-2018","GDR","5022840","February 14, 2023-KB5022840 (OS Build 17763.4010)","http://support.microsoft.com/kb/5022840","No LDR Only available","No LDR Only available","No LDR Only available"," ","23-02Rollup"
"Vmms.exe","Hyper-V_Net","6.2.17763.3887","1","10-Jan-2023","GDR","5022286","January 10, 2023-KB5022286 (OS Build 17763.3887)","http://support.microsoft.com/kb/5022286","No LDR Only available","No LDR Only available","No LDR Only available","rEX","23-02Rollup"
"Winnat.sys","Hyper-V_Net","6.2.17763.2268","1","07-Oct-2021","GDR","5022840","February 14, 2023-KB5022840 (OS Build 17763.4010)","http://support.microsoft.com/kb/5022840","No LDR Only available","No LDR Only available","No LDR Only available"," ","23-02Rollup"
"pvhdparser.sys","Hyper-V_Net","6.2.17763.2803","1","01-Apr-2022","GDR","5022840","February 14, 2023-KB5022840 (OS Build 17763.4010)","http://support.microsoft.com/kb/5022840","No LDR Only available","No LDR Only available","No LDR Only available"," ","23-02Rollup"
"Wmisvc.dll","Hyper-V_Net","6.2.17763.1790","1","09-Feb-2021","GDR","5022840","February 14, 2023-KB5022840 (OS Build 17763.4010)","http://support.microsoft.com/kb/5022840","No LDR Only available","No LDR Only available","No LDR Only available"," ","23-02Rollup"
"Vmbus.sys","Hyper-V_Net","6.2.17763.3346","1","23-Aug-2022","GDR","5022286","January 10, 2023-KB5022286 (OS Build 17763.3887)","http://support.microsoft.com/kb/5022286","No LDR Only available","No LDR Only available","No LDR Only available","rEX","23-02Rollup"
"Rasapi32.dll","HNV_Net","6.2.17763.1817","1","26-Feb-2021","GDR","5022840","February 14, 2023-KB5022840 (OS Build 17763.4010)","http://support.microsoft.com/kb/5022840","No LDR Only available","No LDR Only available","No LDR Only available"," ","23-02Rollup"
"Mprapi.dll","HNV_Net","6.2.17763.1","1","","RTM","5022840","","","","","","",""
"Vmwp.exe","Hyper-V_app","6.2.17763.3770","1","10-Dec-2022","GDR","5022840","February 14, 2023-KB5022840 (OS Build 17763.4010)","http://support.microsoft.com/kb/5022840","No LDR Only available","No LDR Only available","No LDR Only available"," ","23-02Rollup"
"Tcpip.sys","Net_Protocol","6.2.17763.4010","0","03-Feb-2023","GDR","5022840","February 14, 2023-KB5022840 (OS Build 17763.4010)","http://support.microsoft.com/kb/5022840","No LDR Only available","No LDR Only available","No LDR Only available"," ","23-02Rollup"
"Afd.sys","Net_Protocol","6.2.17763.3650","0","03-Nov-2022","GDR","5022840","February 14, 2023-KB5022840 (OS Build 17763.4010)","http://support.microsoft.com/kb/5022840","No LDR Only available","No LDR Only available","No LDR Only available"," ","23-02Rollup"
"Netio.sys","Net_Protocol","6.2.17763.3650","0","03-Nov-2022","GDR","5022840","February 14, 2023-KB5022840 (OS Build 17763.4010)","http://support.microsoft.com/kb/5022840","No LDR Only available","No LDR Only available","No LDR Only available"," ","23-02Rollup"
"Ndis.sys","Net_Protocol","6.2.17763.2268","0","07-Oct-2021","GDR","5022840","February 14, 2023-KB5022840 (OS Build 17763.4010)","http://support.microsoft.com/kb/5022840","No LDR Only available","No LDR Only available","No LDR Only available"," ","23-02Rollup"
"Netiohlp.dll","Net_Protocol","6.2.17763.3650","0","03-Nov-2022","GDR","5022840","February 14, 2023-KB5022840 (OS Build 17763.4010)","http://support.microsoft.com/kb/5022840","No LDR Only available","No LDR Only available","No LDR Only available"," ","23-02Rollup"
"Tdx.sys","Net_Protocol","6.2.17763.2183","0","11-Sep-2021","GDR","5022840","February 14, 2023-KB5022840 (OS Build 17763.4010)","http://support.microsoft.com/kb/5022840","No LDR Only available","No LDR Only available","No LDR Only available"," ","23-02Rollup"
"Iphlpapi.dll","Net_Protocol","6.2.17763.2989","0","14-May-2022","GDR","5022840","February 14, 2023-KB5022840 (OS Build 17763.4010)","http://support.microsoft.com/kb/5022840","No LDR Only available","No LDR Only available","No LDR Only available"," ","23-02Rollup"
"srv.sys","Net_SMB_Server","6.2.17763.3469","0","08-Sep-2022","GDR","5022840","February 14, 2023-KB5022840 (OS Build 17763.4010)","http://support.microsoft.com/kb/5022840","No LDR Only available","No LDR Only available","No LDR Only available"," ","23-02Rollup"
"srv2.sys","Net_SMB_Server","6.2.17763.3469","0","08-Sep-2022","GDR","5022840","February 14, 2023-KB5022840 (OS Build 17763.4010)","http://support.microsoft.com/kb/5022840","No LDR Only available","No LDR Only available","No LDR Only available"," ","23-02Rollup"
"srvnet.sys","Net_SMB_Server","6.2.17763.2928","0","03-May-2022","GDR","5022840","February 14, 2023-KB5022840 (OS Build 17763.4010)","http://support.microsoft.com/kb/5022840","No LDR Only available","No LDR Only available","No LDR Only available"," ","23-02Rollup"
"Srvsvc.dll","Net_SMB_Server","6.2.17763.3532","0","06-Oct-2022","GDR","5022840","February 14, 2023-KB5022840 (OS Build 17763.4010)","http://support.microsoft.com/kb/5022840","No LDR Only available","No LDR Only available","No LDR Only available"," ","23-02Rollup"
"Mrxsmb.sys","Net_SMB_Client","6.2.17763.3406","0","11-Oct-2022","GDR","5022286","January 10, 2023-KB5022286 (OS Build 17763.3887)","http://support.microsoft.com/kb/5022286","No LDR Only available","No LDR Only available","No LDR Only available","rEX","23-02Rollup"
"Mrxsmb10.sys","Net_SMB_Client","6.2.17763.3113","0","17-Jun-2022","GDR","5022840","February 14, 2023-KB5022840 (OS Build 17763.4010)","http://support.microsoft.com/kb/5022840","No LDR Only available","No LDR Only available","No LDR Only available"," ","23-02Rollup"
"Mrxsmb20.sys","Net_SMB_Client","6.2.17763.3406","0","13-Sep-2022","GDR","5022286","January 10, 2023-KB5022286 (OS Build 17763.3887)","http://support.microsoft.com/kb/5022286","No LDR Only available","No LDR Only available","No LDR Only available","rEX","23-02Rollup"
"Rdbss.sys","Net_SMB_Client","6.2.17763.3406","0","13-Sep-2022","GDR","5022286","January 10, 2023-KB5022286 (OS Build 17763.3887)","http://support.microsoft.com/kb/5022286","No LDR Only available","No LDR Only available","No LDR Only available","rEX","23-02Rollup"
"Netbt.sys","Net_SMB_Client","6.2.17763.1518","0","29-Sep-2020","GDR","5022840","February 14, 2023-KB5022840 (OS Build 17763.4010)","http://support.microsoft.com/kb/5022840","No LDR Only available","No LDR Only available","No LDR Only available"," ","23-02Rollup"
"Mup.sys","Net_SMB_Client","6.2.17763.1","0","14-Sep-2018","GDR","5022840","February 14, 2023-KB5022840 (OS Build 17763.4010)","http://support.microsoft.com/kb/5022840","No LDR Only available","No LDR Only available","No LDR Only available"," ","23-02Rollup"
"wkssvc.dll","Net_SMB_Client","6.2.17763.4010","0","03-Feb-2023","GDR","5022840","February 14, 2023-KB5022840 (OS Build 17763.4010)","http://support.microsoft.com/kb/5022840","No LDR Only available","No LDR Only available","No LDR Only available"," ","23-02Rollup"
"Mpr.dll","Net_SMB_Client","6.2.17763.404","0","28-Mar-2019","GDR","5022840","February 14, 2023-KB5022840 (OS Build 17763.4010)","http://support.microsoft.com/kb/5022840","No LDR Only available","No LDR Only available","No LDR Only available"," ","23-02Rollup"
"NtLanman.dll","Net_SMB_Client","6.2.17763.3406","0","13-Sep-2022","GDR","5022286","January 10, 2023-KB5022286 (OS Build 17763.3887)","http://support.microsoft.com/kb/5022286","No LDR Only available","No LDR Only available","No LDR Only available","rEX","23-02Rollup"
"5005112","Win2016RS5_21_08_SSU_KB"," ","0","08-Jun-2021","GDR","5005112","KB5005112: Servicing stack update for Windows 10, version 1809: August 10, 2021","http://support.microsoft.com/kb/5005112","No LDR Only available","No LDR Only available","No LDR Only available"," ","No Rollup"
"5022840","Win2016RS5_23-02_B_rollup_KB"," ","0","14-Feb-2023","GDR","5022840","February 14, 2023-KB5022840 (OS Build 17763.4010)","http://support.microsoft.com/kb/5022840","No LDR Only available","No LDR Only available","No LDR Only available"," ","23-02Rollup"
