"Binary","Component","Version","Prio","Published","Branch","Article","Title","Link","LDROnlyKB","LDROnlyTitle","LDROnlyLink","Comment","RollupInfo"
"Spoolsv.exe","Print_Spool","6.2.16299.1992","0","8-Jul-20","GDR","4580328","October 13, 2020-KB4580328 (OS Build 16299.2166)","http://support.microsoft.com/kb/4580328","No LDR Only available","No LDR Only available","No LDR Only available","rEX","20-10Rollup"
"Printfilterpipelineprxy.dll","Print_App","6.2.16299.334","0","13-Mar-18","GDR","4580328","October 13, 2020-KB4580328 (OS Build 16299.2166)","http://support.microsoft.com/kb/4580328","No LDR Only available","No LDR Only available","No LDR Only available","rEX","20-10Rollup"
"splwow64.exe","Print_App","6.2.16299.1992","0","8-Jul-20","GDR","4580328","October 13, 2020-KB4580328 (OS Build 16299.2166)","http://support.microsoft.com/kb/4580328","No LDR Only available","No LDR Only available","No LDR Only available","rEX","20-10Rollup"
"Mxdwdrv.dll","Print_Driver","0.3.16299.1868","1","5-May-20","GDR","4580328","October 13, 2020-KB4580328 (OS Build 16299.2166)","http://support.microsoft.com/kb/4580328","No LDR Only available","No LDR Only available","No LDR Only available","rEX","20-10Rollup"
"Pcl4res.dll","Print_Driver","0.3.5479.0","1","5-May-20","GDR","4580328","October 13, 2020-KB4580328 (OS Build 16299.2166)","http://support.microsoft.com/kb/4580328","No LDR Only available","No LDR Only available","No LDR Only available","rEX","20-10Rollup"
"4565553","Win2016RS3_20_07_SSU_KB"," ","0","14-Jul-2020","GDR","4565553","Servicing stack update for Windows 10, version 1709: July 14, 2020","http://support.microsoft.com/kb/4565553","KB only","KB only","KB Only"," ","No Rollup"
"4580328","Win2016RS3_20-10_B_rollup_KB"," ","0","13-Oct-2020","GDR","4580328 (v1.0)","October 13, 2020-KB4580328 (OS Build 16299.2166)","http://support.microsoft.com/kb/4580328","KB only","KB only","KB only"," ","20-10Rollup"
