"Binary","Component","Version","Prio","Published","Branch","Article","Title","Link","LDROnlyKB","LDROnlyTitle","LDROnlyLink","Comment","RollupInfo"
"Ntoskrnl.exe","Core_Kernel","6.2.22621.1265","0","30-Jan-2023","GDR","5022845","February 14, 2023-KB5022845 (OS Build 22621.1265)","http://support.microsoft.com/kb/5022845","No LDR Only available","No LDR Only available","No LDR Only available"," ","23-02Rollup"
"Ntkrnlpa.exe","Core_Kernel","6.2.22621.1","0","","RTM","5022845","","","","","","",""
"Crashdmp.sys","Core_Kernel","6.2.22621.608","0","31-Jan-2023","GDR","5022845","February 14, 2023-KB5022845 (OS Build 22621.1265)","http://support.microsoft.com/kb/5022845","No LDR Only available","No LDR Only available","No LDR Only available"," ","23-02Rollup"
"Ntfs.sys","Core_FileSystem","6.2.22621.1194","0","31-Jan-2023","GDR","5022845","February 14, 2023-KB5022845 (OS Build 22621.1265)","http://support.microsoft.com/kb/5022845","No LDR Only available","No LDR Only available","No LDR Only available"," ","23-02Rollup"
"dedup.sys","Core_FileSystem","6.2.22621.1","0","","RTM","5022845","","","","","","",""
"Robocopy.exe","Net_Applications","6.2.22621.608","1","31-Jan-2023","GDR","5022845","February 14, 2023-KB5022845 (OS Build 22621.1265)","http://support.microsoft.com/kb/5022845","No LDR Only available","No LDR Only available","No LDR Only available"," ","23-02Rollup"
"srv.sys","Net_SMB_Server","6.2.22621.1","0","","RTM","5022845","","","","","","",""
"srv2.sys","Net_SMB_Server","6.2.22621.1194","0","31-Jan-2023","GDR","5022845","February 14, 2023-KB5022845 (OS Build 22621.1265)","http://support.microsoft.com/kb/5022845","No LDR Only available","No LDR Only available","No LDR Only available"," ","23-02Rollup"
"srvnet.sys","Net_SMB_Server","6.2.22621.755","0","08-Nov-2022","GDR","5022845","February 14, 2023-KB5022845 (OS Build 22621.1265)","http://support.microsoft.com/kb/5022845","No LDR Only available","No LDR Only available","No LDR Only available","rEX","23-02Rollup"
"Srvsvc.dll","Net_SMB_Server","6.2.22621.755","0","31-Jan-2023","GDR","5022845","February 14, 2023-KB5022845 (OS Build 22621.1265)","http://support.microsoft.com/kb/5022845","No LDR Only available","No LDR Only available","No LDR Only available"," ","23-02Rollup"
"Mrxsmb.sys","Net_SMB_Client","6.2.22621.1194","0","31-Jan-2023","GDR","5022845","February 14, 2023-KB5022845 (OS Build 22621.1265)","http://support.microsoft.com/kb/5022845","No LDR Only available","No LDR Only available","No LDR Only available"," ","23-02Rollup"
"Mrxsmb10.sys","Net_SMB_Client","6.2.22621.900","0","31-Jan-2023","GDR","5022845","February 14, 2023-KB5022845 (OS Build 22621.1265)","http://support.microsoft.com/kb/5022845","No LDR Only available","No LDR Only available","No LDR Only available"," ","23-02Rollup"
"Mrxsmb20.sys","Net_SMB_Client","6.2.22621.1194","0","31-Jan-2023","GDR","5022845","February 14, 2023-KB5022845 (OS Build 22621.1265)","http://support.microsoft.com/kb/5022845","No LDR Only available","No LDR Only available","No LDR Only available"," ","23-02Rollup"
"Rdbss.sys","Net_SMB_Client","6.2.22621.608","0","31-Jan-2023","GDR","5022845","February 14, 2023-KB5022845 (OS Build 22621.1265)","http://support.microsoft.com/kb/5022845","No LDR Only available","No LDR Only available","No LDR Only available"," ","23-02Rollup"
"Netbt.sys","Net_SMB_Client","6.2.22621.608","0","31-Jan-2023","GDR","5022845","February 14, 2023-KB5022845 (OS Build 22621.1265)","http://support.microsoft.com/kb/5022845","No LDR Only available","No LDR Only available","No LDR Only available"," ","23-02Rollup"
"Mup.sys","Net_SMB_Client","6.2.22621.608","0","31-Jan-2023","GDR","5022845","February 14, 2023-KB5022845 (OS Build 22621.1265)","http://support.microsoft.com/kb/5022845","No LDR Only available","No LDR Only available","No LDR Only available"," ","23-02Rollup"
"wkssvc.dll","Net_SMB_Client","6.2.22621.1194","0","31-Jan-2023","GDR","5022845","February 14, 2023-KB5022845 (OS Build 22621.1265)","http://support.microsoft.com/kb/5022845","No LDR Only available","No LDR Only available","No LDR Only available"," ","23-02Rollup"
"Mpr.dll","Net_SMB_Client","6.2.22621.1","0","","RTM","5022845","","","","","","",""
"NtLanman.dll","Net_SMB_Client","6.2.22621.674","0","31-Jan-2023","GDR","5022845","February 14, 2023-KB5022845 (OS Build 22621.1265)","http://support.microsoft.com/kb/5022845","No LDR Only available","No LDR Only available","No LDR Only available"," ","23-02Rollup"
"Tcpip.sys","Net_Protocol","6.2.22621.1105","0","10-Jan-2023","GDR","5022845","February 14, 2023-KB5022845 (OS Build 22621.1265)","http://support.microsoft.com/kb/5022845","No LDR Only available","No LDR Only available","No LDR Only available","rEX","23-02Rollup"
"Afd.sys","Net_Protocol","6.2.22621.1105","0","31-Jan-2023","GDR","5022845","February 14, 2023-KB5022845 (OS Build 22621.1265)","http://support.microsoft.com/kb/5022845","No LDR Only available","No LDR Only available","No LDR Only available"," ","23-02Rollup"
"Netio.sys","Net_Protocol","6.2.22621.674","0","31-Jan-2023","GDR","5022845","February 14, 2023-KB5022845 (OS Build 22621.1265)","http://support.microsoft.com/kb/5022845","No LDR Only available","No LDR Only available","No LDR Only available"," ","23-02Rollup"
"Ndis.sys","Net_Protocol","6.2.22621.1105","0","10-Jan-2023","GDR","5022845","February 14, 2023-KB5022845 (OS Build 22621.1265)","http://support.microsoft.com/kb/5022845","No LDR Only available","No LDR Only available","No LDR Only available","rEX","23-02Rollup"
"Netiohlp.dll","Net_Protocol","6.2.22621.674","0","31-Jan-2023","GDR","5022845","February 14, 2023-KB5022845 (OS Build 22621.1265)","http://support.microsoft.com/kb/5022845","No LDR Only available","No LDR Only available","No LDR Only available"," ","23-02Rollup"
"Tdx.sys","Net_Protocol","6.2.22621.608","0","31-Jan-2023","GDR","5022845","February 14, 2023-KB5022845 (OS Build 22621.1265)","http://support.microsoft.com/kb/5022845","No LDR Only available","No LDR Only available","No LDR Only available"," ","23-02Rollup"
"Iphlpapi.dll","Net_Protocol","6.2.22621.1","0","","RTM","5022845","","","","","","",""
"Tunnel.sys","Net_IPv6","6.2.22621.674","1","31-Jan-2023","GDR","5022845","February 14, 2023-KB5022845 (OS Build 22621.1265)","http://support.microsoft.com/kb/5022845","No LDR Only available","No LDR Only available","No LDR Only available"," ","23-02Rollup"
"Dhcpcore6.dll","Net_IPv6","6.2.22621.674","1","31-Jan-2023","GDR","5022845","February 14, 2023-KB5022845 (OS Build 22621.1265)","http://support.microsoft.com/kb/5022845","No LDR Only available","No LDR Only available","No LDR Only available"," ","23-02Rollup"
"Dhcpcsvc6.dll","Net_IPv6","6.2.22621.674","1","31-Jan-2023","GDR","5022845","February 14, 2023-KB5022845 (OS Build 22621.1265)","http://support.microsoft.com/kb/5022845","No LDR Only available","No LDR Only available","No LDR Only available"," ","23-02Rollup"
"Nlasvc.dll","Net_NLA","6.2.22621.1","0","","RTM","5022845","","","","","","",""
"Ncsi.dll","Net_NLA","6.2.22621.755","0","31-Jan-2023","GDR","5022845","February 14, 2023-KB5022845 (OS Build 22621.1265)","http://support.microsoft.com/kb/5022845","No LDR Only available","No LDR Only available","No LDR Only available"," ","23-02Rollup"
"Nlaapi.dll","Net_NLA","6.2.22621.755","0","31-Jan-2023","GDR","5022845","February 14, 2023-KB5022845 (OS Build 22621.1265)","http://support.microsoft.com/kb/5022845","No LDR Only available","No LDR Only available","No LDR Only available"," ","23-02Rollup"
"Msv1_0.dll","Dom_NTLM","6.2.22621.1105","1","10-Jan-2023","GDR","5022845","February 14, 2023-KB5022845 (OS Build 22621.1265)","http://support.microsoft.com/kb/5022845","No LDR Only available","No LDR Only available","No LDR Only available","rEX","23-02Rollup"
"Dns.exe","Net_DNS_Srv","6.2.22621.1","0","","RTM","5022845","","","","","","",""
"Dhcpssvc.dll","Net_DHCP_Srv","6.2.22621.1","0","","RTM","5022845","","","","","","",""
"Dfssvc.exe","Net_DFS-N_Srv","6.2.22621.1","0","","RTM","5022845","","","","","","",""
"Nfssvc.exe","Net_NFS_Srv","6.2.22621.608","0","31-Jan-2023","GDR","5022845","February 14, 2023-KB5022845 (OS Build 22621.1265)","http://support.microsoft.com/kb/5022845","No LDR Only available","No LDR Only available","No LDR Only available"," ","23-02Rollup"
"Nfssvr.sys","Net_NFS_Srv","6.2.22621.608","0","31-Jan-2023","GDR","5022845","February 14, 2023-KB5022845 (OS Build 22621.1265)","http://support.microsoft.com/kb/5022845","No LDR Only available","No LDR Only available","No LDR Only available"," ","23-02Rollup"
"Msnfsflt.sys","Net_NFS_Srv","6.2.22621.608","0","31-Jan-2023","GDR","5022845","February 14, 2023-KB5022845 (OS Build 22621.1265)","http://support.microsoft.com/kb/5022845","No LDR Only available","No LDR Only available","No LDR Only available"," ","23-02Rollup"
"portmap.sys","Net_NFS_Srv","6.2.22621.608","0","31-Jan-2023","GDR","5022845","February 14, 2023-KB5022845 (OS Build 22621.1265)","http://support.microsoft.com/kb/5022845","No LDR Only available","No LDR Only available","No LDR Only available"," ","23-02Rollup"
"rpcxdr.sys","Net_NFS_Srv","6.2.22621.608","0","31-Jan-2023","GDR","5022845","February 14, 2023-KB5022845 (OS Build 22621.1265)","http://support.microsoft.com/kb/5022845","No LDR Only available","No LDR Only available","No LDR Only available"," ","23-02Rollup"
"Nlb.sys","Net_NLB_Srv","6.2.22621.1","0","","RTM","5022845","","","","","","",""
"Csc.sys","Net_CSC_Offline","6.2.22621.1","1","","RTM","5022845","","","","","","",""
"Cscapi.dll","Net_CSC_Offline","6.2.22621.1","1","","RTM","5022845","","","","","","",""
"Cscdll.dll","Net_CSC_Offline","6.2.22621.1","1","","RTM","5022845","","","","","","",""
"Cscsvc.dll","Net_CSC_Offline","6.2.22621.1","1","","RTM","5022845","","","","","","",""
"Cscmig.dll","Net_CSC_Offline","6.2.22621.1","1","","RTM","5022845","","","","","","",""
"Cscui.dll","Net_CSC_Offline","6.2.22621.608","1","31-Jan-2023","GDR","5022845","February 14, 2023-KB5022845 (OS Build 22621.1265)","http://support.microsoft.com/kb/5022845","No LDR Only available","No LDR Only available","No LDR Only available"," ","23-02Rollup"
"Mrxdav.sys","Net_WebDAV","6.2.22621.1","1","","RTM","5022845","","","","","","",""
"Webclnt.dll","Net_WebDAV","6.2.22621.674","1","31-Jan-2023","GDR","5022845","February 14, 2023-KB5022845 (OS Build 22621.1265)","http://support.microsoft.com/kb/5022845","No LDR Only available","No LDR Only available","No LDR Only available"," ","23-02Rollup"
"Davclnt.dll","Net_WebDAV","6.2.22621.1","1","","RTM","5022845","","","","","","",""
"Shell32.dll","Net_WebDAV","6.2.22621.1265","1","31-Jan-2023","GDR","5022845","February 14, 2023-KB5022845 (OS Build 22621.1265)","http://support.microsoft.com/kb/5022845","No LDR Only available","No LDR Only available","No LDR Only available"," ","23-02Rollup"
"Winhttp.dll","Net_WebDAV","6.2.22621.755","1","31-Jan-2023","GDR","5022845","February 14, 2023-KB5022845 (OS Build 22621.1265)","http://support.microsoft.com/kb/5022845","No LDR Only available","No LDR Only available","No LDR Only available"," ","23-02Rollup"
"Dfsc.sys","Net_DFS-N_Client","6.2.22621.1265","0","30-Jan-2023","GDR","5022845","February 14, 2023-KB5022845 (OS Build 22621.1265)","http://support.microsoft.com/kb/5022845","No LDR Only available","No LDR Only available","No LDR Only available"," ","23-02Rollup"
"Dhcpcore.dll","Net_DHCP_Client","6.2.22621.674","1","31-Jan-2023","GDR","5022845","February 14, 2023-KB5022845 (OS Build 22621.1265)","http://support.microsoft.com/kb/5022845","No LDR Only available","No LDR Only available","No LDR Only available"," ","23-02Rollup"
"Dhcpcsvc.dll","Net_DHCP_Client","6.2.22621.674","1","31-Jan-2023","GDR","5022845","February 14, 2023-KB5022845 (OS Build 22621.1265)","http://support.microsoft.com/kb/5022845","No LDR Only available","No LDR Only available","No LDR Only available"," ","23-02Rollup"
"Gpprefcl.dll","Dom_GPP","6.2.22621.819","1","31-Jan-2023","GDR","5022845","February 14, 2023-KB5022845 (OS Build 22621.1265)","http://support.microsoft.com/kb/5022845","No LDR Only available","No LDR Only available","No LDR Only available"," ","23-02Rollup"
"Gpme.dll","Dom_GPP","6.2.22621.1","1","","RTM","5022845","","","","","","",""
"Gppref.dll","Dom_GPP","6.2.22621.963","1","10-Jan-2023","GDR","5022845","February 14, 2023-KB5022845 (OS Build 22621.1265)","http://support.microsoft.com/kb/5022845","No LDR Only available","No LDR Only available","No LDR Only available","rEX","23-02Rollup"
"Gpprefbr.dll","Dom_GPP","6.2.22621.674","1","31-Jan-2023","GDR","5022845","February 14, 2023-KB5022845 (OS Build 22621.1265)","http://support.microsoft.com/kb/5022845","No LDR Only available","No LDR Only available","No LDR Only available"," ","23-02Rollup"
"Gpprefcn.dll","Dom_GPP","6.2.22621.674","1","31-Jan-2023","GDR","5022845","February 14, 2023-KB5022845 (OS Build 22621.1265)","http://support.microsoft.com/kb/5022845","No LDR Only available","No LDR Only available","No LDR Only available"," ","23-02Rollup"
"Gpregistrybrowser.dll","Dom_GPP","6.2.22621.1","1","","RTM","5022845","","","","","","",""
"Propshts.dll","Dom_GPP","6.2.22621.674","1","31-Jan-2023","GDR","5022845","February 14, 2023-KB5022845 (OS Build 22621.1265)","http://support.microsoft.com/kb/5022845","No LDR Only available","No LDR Only available","No LDR Only available"," ","23-02Rollup"
"Profprov.dll","Dom_ProfProc","6.2.22621.1","1","","RTM","5022845","","","","","","",""
"Profsvc.dll","Dom_ProfProc","6.2.22621.608","1","31-Jan-2023","GDR","5022845","February 14, 2023-KB5022845 (OS Build 22621.1265)","http://support.microsoft.com/kb/5022845","No LDR Only available","No LDR Only available","No LDR Only available"," ","23-02Rollup"
"Kerberos.dll","Dom_KERBEROS","6.2.22621.1265","0","30-Jan-2023","GDR","5022845","February 14, 2023-KB5022845 (OS Build 22621.1265)","http://support.microsoft.com/kb/5022845","No LDR Only available","No LDR Only available","No LDR Only available"," ","23-02Rollup"
"Nfsclnt.exe","Net_NFS_Client","6.2.22621.608","1","31-Jan-2023","GDR","5022845","February 14, 2023-KB5022845 (OS Build 22621.1265)","http://support.microsoft.com/kb/5022845","No LDR Only available","No LDR Only available","No LDR Only available"," ","23-02Rollup"
"Nfsnp.dll","Net_NFS_Client","6.2.22621.1","1","","RTM","5022845","","","","","","",""
"Nfsrdr.sys","Net_NFS_Client","6.2.22621.608","1","31-Jan-2023","GDR","5022845","February 14, 2023-KB5022845 (OS Build 22621.1265)","http://support.microsoft.com/kb/5022845","No LDR Only available","No LDR Only available","No LDR Only available"," ","23-02Rollup"
"Psxdll.dll","Net_Posix","6.2.22621.1","1","","RTM","5022845","","","","","","",""
"Psxdllsvr.dll","Net_Posix","6.2.22621.1","1","","RTM","5022845","","","","","","",""
"Psxss.exe","Net_Posix","6.2.22621.1","1","","RTM","5022845","","","","","","",""
"Posix.exe","Net_Posix","6.2.22621.1","1","","RTM","5022845","","","","","","",""
"dnsapi.dll","Net_DNS_Client","6.2.22621.1194","1","31-Jan-2023","GDR","5022845","February 14, 2023-KB5022845 (OS Build 22621.1265)","http://support.microsoft.com/kb/5022845","No LDR Only available","No LDR Only available","No LDR Only available"," ","23-02Rollup"
"dnsrslvr.dll","Net_DNS_Client","6.2.22621.1194","1","31-Jan-2023","GDR","5022845","February 14, 2023-KB5022845 (OS Build 22621.1265)","http://support.microsoft.com/kb/5022845","No LDR Only available","No LDR Only available","No LDR Only available"," ","23-02Rollup"
"Dnscacheugc.exe","Net_DNS_Client","6.2.22621.1","1","","RTM","5022845","","","","","","",""
"Rpcss.dll","Net_RPC","6.2.22621.1194","1","31-Jan-2023","GDR","5022845","February 14, 2023-KB5022845 (OS Build 22621.1265)","http://support.microsoft.com/kb/5022845","No LDR Only available","No LDR Only available","No LDR Only available"," ","23-02Rollup"
"Rpchttp.dll","Net_RPC","6.2.22621.1","1","","RTM","5022845","","","","","","",""
"Rpcrt4.dll","Net_RPC","6.2.22621.1105","1","31-Jan-2023","GDR","5022845","February 14, 2023-KB5022845 (OS Build 22621.1265)","http://support.microsoft.com/kb/5022845","No LDR Only available","No LDR Only available","No LDR Only available"," ","23-02Rollup"
"Bfe.dll","Net_Ipsec_BFE","6.2.22621.1105","1","31-Jan-2023","GDR","5022845","February 14, 2023-KB5022845 (OS Build 22621.1265)","http://support.microsoft.com/kb/5022845","No LDR Only available","No LDR Only available","No LDR Only available"," ","23-02Rollup"
"Ikeext.dll","Net_Ipsec_BFE","6.2.22621.1105","1","31-Jan-2023","GDR","5022845","February 14, 2023-KB5022845 (OS Build 22621.1265)","http://support.microsoft.com/kb/5022845","No LDR Only available","No LDR Only available","No LDR Only available"," ","23-02Rollup"
"Fwpuclnt.dll","Net_Ipsec_BFE","6.2.22621.1105","1","10-Jan-2023","GDR","5022845","February 14, 2023-KB5022845 (OS Build 22621.1265)","http://support.microsoft.com/kb/5022845","No LDR Only available","No LDR Only available","No LDR Only available","rEX","23-02Rollup"
"Iphlpsvc.dll","Net_DirectAccess_Client","6.2.22621.608","1","31-Jan-2023","GDR","5022845","February 14, 2023-KB5022845 (OS Build 22621.1265)","http://support.microsoft.com/kb/5022845","No LDR Only available","No LDR Only available","No LDR Only available"," ","23-02Rollup"
"Iphlpsvcmigplugin.dll","Net_DirectAccess_Client","6.2.22621.1","1","","RTM","5022845","","","","","","",""
"Netcorehc.dll","Net_DirectAccess_Client","6.2.22621.1","1","","RTM","5022845","","","","","","",""
"Daotpcredentialprovider.dll","Net_DirectAccess_Client","6.2.22621.1","1","","RTM","5022845","","","","","","",""
"Rdpcore.dll","Net_DirectAccess_Client","6.2.22621.1","1","","RTM","5022845","","","","","","",""
"Damgmt.dll","Net_DirectAccess_Srv","6.2.22621.1","1","","RTM","5022845","","","","","","",""
"Ramgmtui.exe","Net_DirectAccess_Srv","6.2.22621.1","1","","RTM","5022845","","","","","","",""
"Ramgmtsvc.dll","Net_DirectAccess_Srv","6.2.22621.1","1","","RTM","5022845","","","","","","",""
"Rasclusterres.dll","Net_DirectAccess_Srv","6.2.22621.1","1","","RTM","5022845","","","","","","",""
"Raserverpsprovider.dll","Net_DirectAccess_Srv","6.2.22621.1","1","","RTM","5022845","","","","","","",""
"dot3svc.dll","Net_IEEE802.1x","6.2.22621.608","1","31-Jan-2023","GDR","5022845","February 14, 2023-KB5022845 (OS Build 22621.1265)","http://support.microsoft.com/kb/5022845","No LDR Only available","No LDR Only available","No LDR Only available"," ","23-02Rollup"
"Rastls.dll","Net_IEEE802.1x","6.2.22621.1265","1","30-Jan-2023","GDR","5022845","February 14, 2023-KB5022845 (OS Build 22621.1265)","http://support.microsoft.com/kb/5022845","No LDR Only available","No LDR Only available","No LDR Only available"," ","23-02Rollup"
"wlansvc.dll","Net_WLAN_Client","6.2.22621.900","1","31-Jan-2023","GDR","5022845","February 14, 2023-KB5022845 (OS Build 22621.1265)","http://support.microsoft.com/kb/5022845","No LDR Only available","No LDR Only available","No LDR Only available"," ","23-02Rollup"
"wlanmsm.dll","Net_WLAN_Client","6.2.22621.900","1","31-Jan-2023","GDR","5022845","February 14, 2023-KB5022845 (OS Build 22621.1265)","http://support.microsoft.com/kb/5022845","No LDR Only available","No LDR Only available","No LDR Only available"," ","23-02Rollup"
"wlanapi.dll","Net_WLAN_Client","6.2.22621.900","1","13-Dec-2022","GDR","5022845","February 14, 2023-KB5022845 (OS Build 22621.1265)","http://support.microsoft.com/kb/5022845","No LDR Only available","No LDR Only available","No LDR Only available","rEX","23-02Rollup"
"wlansec.dll","Net_WLAN_Client","6.2.22621.900","1","31-Jan-2023","GDR","5022845","February 14, 2023-KB5022845 (OS Build 22621.1265)","http://support.microsoft.com/kb/5022845","No LDR Only available","No LDR Only available","No LDR Only available"," ","23-02Rollup"
"wlansvcpal.dll","Net_WLAN_Client","6.2.22621.900","1","31-Jan-2023","GDR","5022845","February 14, 2023-KB5022845 (OS Build 22621.1265)","http://support.microsoft.com/kb/5022845","No LDR Only available","No LDR Only available","No LDR Only available"," ","23-02Rollup"
"wlanhlp.dll","Net_WLAN_Client","6.2.22621.900","1","13-Dec-2022","GDR","5022845","February 14, 2023-KB5022845 (OS Build 22621.1265)","http://support.microsoft.com/kb/5022845","No LDR Only available","No LDR Only available","No LDR Only available","rEX","23-02Rollup"
"Netcfgx.dll","Net_Config","6.2.22621.1","1","","RTM","5022845","","","","","","",""
"Rasapi32.dll","HNV_Net","6.2.22621.608","1","31-Jan-2023","GDR","5022845","February 14, 2023-KB5022845 (OS Build 22621.1265)","http://support.microsoft.com/kb/5022845","No LDR Only available","No LDR Only available","No LDR Only available"," ","23-02Rollup"
"Mprapi.dll","HNV_Net","6.2.22621.1","1","","RTM","5022845","","","","","","",""
"WebIo.dll","Net_BranchCache","6.2.22621.1194","1","31-Jan-2023","GDR","5022845","February 14, 2023-KB5022845 (OS Build 22621.1265)","http://support.microsoft.com/kb/5022845","No LDR Only available","No LDR Only available","No LDR Only available"," ","23-02Rollup"
"Smbhash.exe","Net_BranchCache","6.2.22621.1","1","","RTM","5022845","","","","","","",""
"Pacer.sys","Net_QoS","6.2.22621.608","1","31-Jan-2023","GDR","5022845","February 14, 2023-KB5022845 (OS Build 22621.1265)","http://support.microsoft.com/kb/5022845","No LDR Only available","No LDR Only available","No LDR Only available"," ","23-02Rollup"
"Mpsdrv.sys","Net_Firewall","6.2.22621.608","1","31-Jan-2023","GDR","5022845","February 14, 2023-KB5022845 (OS Build 22621.1265)","http://support.microsoft.com/kb/5022845","No LDR Only available","No LDR Only available","No LDR Only available"," ","23-02Rollup"
"MpsSvc.dll","Net_Firewall","6.2.22621.1194","1","31-Jan-2023","GDR","5022845","February 14, 2023-KB5022845 (OS Build 22621.1265)","http://support.microsoft.com/kb/5022845","No LDR Only available","No LDR Only available","No LDR Only available"," ","23-02Rollup"
"qmgr.dll","Net_BiTS","7.8.22621.1","1","30-Sep-2022","GDR","5022845","February 14, 2023-KB5022845 (OS Build 22621.1265)","http://support.microsoft.com/kb/5022845","No LDR Only available","No LDR Only available","No LDR Only available","rEX","23-02Rollup"
"rasmans.dll","Net_VPN","6.2.22621.1194","1","31-Jan-2023","GDR","5022845","February 14, 2023-KB5022845 (OS Build 22621.1265)","http://support.microsoft.com/kb/5022845","No LDR Only available","No LDR Only available","No LDR Only available"," ","23-02Rollup"
"Vmswitch.sys","Hyper-V_Net","6.2.22621.1265","1","31-Jan-2023","GDR","5022845","February 14, 2023-KB5022845 (OS Build 22621.1265)","http://support.microsoft.com/kb/5022845","No LDR Only available","No LDR Only available","No LDR Only available"," ","23-02Rollup"
"Mslbfoprovider.sys","Hyper-V_Net","6.2.22621.1","1","","RTM","5022845","","","","","","",""
"Wnv.sys","Hyper-V_Net","6.2.22621.1","1","","RTM","5022845","","","","","","",""
"Vmsntfy.dll","Hyper-V_Net","6.2.22621.1","1","","RTM","5022845","","","","","","",""
"Ndisimplatform.sys","Hyper-V_Net","6.2.22621.608","1","31-Jan-2023","GDR","5022845","February 14, 2023-KB5022845 (OS Build 22621.1265)","http://support.microsoft.com/kb/5022845","No LDR Only available","No LDR Only available","No LDR Only available"," ","23-02Rollup"
"Vmms.exe","Hyper-V_Net","6.2.22621.1105","1","31-Jan-2023","GDR","5022845","February 14, 2023-KB5022845 (OS Build 22621.1265)","http://support.microsoft.com/kb/5022845","No LDR Only available","No LDR Only available","No LDR Only available"," ","23-02Rollup"
"Winnat.sys","Hyper-V_Net","6.2.22621.1194","1","31-Jan-2023","GDR","5022845","February 14, 2023-KB5022845 (OS Build 22621.1265)","http://support.microsoft.com/kb/5022845","No LDR Only available","No LDR Only available","No LDR Only available"," ","23-02Rollup"
"pvhdparser.sys","Hyper-V_Net","6.2.22621.1","1","","RTM","5022845","","","","","","",""
"Wmisvc.dll","Hyper-V_Net","6.2.22621.1","1","","RTM","5022845","","","","","","",""
"Vmbus.sys","Hyper-V_Net","6.2.22621.900","1","10-Jan-2023","GDR","5022845","February 14, 2023-KB5022845 (OS Build 22621.1265)","http://support.microsoft.com/kb/5022845","No LDR Only available","No LDR Only available","No LDR Only available","rEX","23-02Rollup"
"WorkFolders.exe","Net_WorkFolders","6.2.22621.608","1","31-Jan-2023","GDR","5022845","February 14, 2023-KB5022845 (OS Build 22621.1265)","http://support.microsoft.com/kb/5022845","No LDR Only available","No LDR Only available","No LDR Only available"," ","23-02Rollup"
"WorkFoldersshell.dll","Net_WorkFolders","6.2.22621.608","1","31-Jan-2023","GDR","5022845","February 14, 2023-KB5022845 (OS Build 22621.1265)","http://support.microsoft.com/kb/5022845","No LDR Only available","No LDR Only available","No LDR Only available"," ","23-02Rollup"
"WorkFolderssvc.dll","Net_WorkFolders","6.2.22621.755","1","31-Jan-2023","GDR","5022845","February 14, 2023-KB5022845 (OS Build 22621.1265)","http://support.microsoft.com/kb/5022845","No LDR Only available","No LDR Only available","No LDR Only available"," ","23-02Rollup"
"WorkFolderscontrol.dll","Net_WorkFolders","6.2.22621.608","1","31-Jan-2023","GDR","5022845","February 14, 2023-KB5022845 (OS Build 22621.1265)","http://support.microsoft.com/kb/5022845","No LDR Only available","No LDR Only available","No LDR Only available"," ","23-02Rollup"
"WorkFoldersGPExt.dll","Net_WorkFolders","6.2.22621.1","1","","RTM","5022845","","","","","","",""
"Syncsharesvc.dll","Net_WorkFolders","6.2.22621.1","1","","RTM","5022845","","","","","","",""
"Syncsharesrv.dll","Net_WorkFolders","6.2.22621.755","1","31-Jan-2023","GDR","5022845","February 14, 2023-KB5022845 (OS Build 22621.1265)","http://support.microsoft.com/kb/5022845","No LDR Only available","No LDR Only available","No LDR Only available"," ","23-02Rollup"
"Syncsharettlib.dll","Net_WorkFolders","6.2.22621.1","1","","RTM","5022845","","","","","","",""
"Syncsharettsvc.exe","Net_WorkFolders","6.2.22621.1","1","","RTM","5022845","","","","","","",""
"5022845","Win1122H2_23-02_B_rollup_KB"," ","0","14-Feb-2023","GDR","5022845","February 14, 2023-KB5022845 (OS Build 22621.1265)","http://support.microsoft.com/kb/5022845","No LDR Only available","No LDR Only available","No LDR Only available"," ","23-02Rollup"
