"Binary","Component","Version","Prio","Published","Branch","Article","Title","Link","LDROnlyKB","LDROnlyTitle","LDROnlyLink","Comment","RollupInfo"
"Clussvc.exe","Cluster_Core","6.2.17763.4010","0","03-Feb-2023","GDR","5022840","February 14, 2023-KB5022840 (OS Build 17763.4010)","http://support.microsoft.com/kb/5022840","No LDR Only available","No LDR Only available","No LDR Only available"," ","23-02Rollup"
"ClusWMI.dll","Cluster_Core","6.2.17763.3469","0","09-Sep-2022","GDR","5022840","February 14, 2023-KB5022840 (OS Build 17763.4010)","http://support.microsoft.com/kb/5022840","No LDR Only available","No LDR Only available","No LDR Only available"," ","23-02Rollup"
"Rhs.exe","Cluster_Core","6.2.17763.2213","0","15-Sep-2021","GDR","5022840","February 14, 2023-KB5022840 (OS Build 17763.4010)","http://support.microsoft.com/kb/5022840","No LDR Only available","No LDR Only available","No LDR Only available"," ","23-02Rollup"
"Clusres.dll","Cluster_Core","6.2.17763.3887","0","10-Jan-2023","GDR","5022286","January 10, 2023-KB5022286 (OS Build 17763.3887)","http://support.microsoft.com/kb/5022286","No LDR Only available","No LDR Only available","No LDR Only available","rEX","23-02Rollup"
"Clusres2.dll","Cluster_Core","6.2.17763.2931","0","14-May-2022","GDR","5022840","February 14, 2023-KB5022840 (OS Build 17763.4010)","http://support.microsoft.com/kb/5022840","No LDR Only available","No LDR Only available","No LDR Only available"," ","23-02Rollup"
"Netft.sys","Cluster_Core","6.2.17763.2746","0","08-Mar-2022","GDR","5022840","February 14, 2023-KB5022840 (OS Build 17763.4010)","http://support.microsoft.com/kb/5022840","No LDR Only available","No LDR Only available","No LDR Only available"," ","23-02Rollup"
"Clusauthmgr.dll","Cluster_Core","6.2.17763.1","0","","RTM","5022840","","","","","","",""
"Witness.dll","Cluster_Core","6.2.17763.4010","0","03-Feb-2023","GDR","5022840","February 14, 2023-KB5022840 (OS Build 17763.4010)","http://support.microsoft.com/kb/5022840","No LDR Only available","No LDR Only available","No LDR Only available"," ","23-02Rollup"
"Csvflt.sys","Cluster_CSV","6.2.17763.2928","0","04-May-2022","GDR","5022840","February 14, 2023-KB5022840 (OS Build 17763.4010)","http://support.microsoft.com/kb/5022840","No LDR Only available","No LDR Only available","No LDR Only available"," ","23-02Rollup"
"Csvfs.sys","Cluster_CSV","6.2.17763.2928","0","04-May-2022","GDR","5022840","February 14, 2023-KB5022840 (OS Build 17763.4010)","http://support.microsoft.com/kb/5022840","No LDR Only available","No LDR Only available","No LDR Only available"," ","23-02Rollup"
"Csvfilter.sys","Cluster_CSV","6.2.17763.1","0","","RTM","5022840","","","","","","",""
"Vhdmp.sys","Cluster_CSV","6.2.17763.3287","0","05-Aug-2022","GDR","5022840","February 14, 2023-KB5022840 (OS Build 17763.4010)","http://support.microsoft.com/kb/5022840","No LDR Only available","No LDR Only available","No LDR Only available"," ","23-02Rollup"
"Svhdxflt.sys","Cluster_CSV","6.2.17763.2928","0","04-May-2022","GDR","5022840","February 14, 2023-KB5022840 (OS Build 17763.4010)","http://support.microsoft.com/kb/5022840","No LDR Only available","No LDR Only available","No LDR Only available"," ","23-02Rollup"
"Clusdisk.sys","Cluster_Disk","6.2.17763.2928","0","04-May-2022","GDR","5022840","February 14, 2023-KB5022840 (OS Build 17763.4010)","http://support.microsoft.com/kb/5022840","No LDR Only available","No LDR Only available","No LDR Only available"," ","23-02Rollup"
"Volsnap.sys","Cluster_Volsnap","6.2.17763.831","0","03-Oct-2019","GDR","5022840","February 14, 2023-KB5022840 (OS Build 17763.4010)","http://support.microsoft.com/kb/5022840","No LDR Only available","No LDR Only available","No LDR Only available"," ","23-02Rollup"
"Cprepsrv.exe","Cluster_Validation","6.2.17763.2989","1","14-May-2022","GDR","5022840","February 14, 2023-KB5022840 (OS Build 17763.4010)","http://support.microsoft.com/kb/5022840","No LDR Only available","No LDR Only available","No LDR Only available"," ","23-02Rollup"
"Failoverclusters.agent.interop.dll","Cluster_Validation","6.2.17763.1","1","14-Sep-2018","GDR","5022840","February 14, 2023-KB5022840 (OS Build 17763.4010)","http://support.microsoft.com/kb/5022840","No LDR Only available","No LDR Only available","No LDR Only available"," ","23-02Rollup"
"Microsoft.failoverclusters.framework.dll","Cluster_Validation","6.2.17763.1","1","","RTM","5022840","","","","","","",""
"Mpio.sys","Core_MPIO","6.2.17763.1554","0","14-Oct-2020","GDR","5022840","February 14, 2023-KB5022840 (OS Build 17763.4010)","http://support.microsoft.com/kb/5022840","No LDR Only available","No LDR Only available","No LDR Only available"," ","23-02Rollup"
"Msdsm.sys","Core_MPIO","6.2.17763.652","0","14-Jul-2019","GDR","5022840","February 14, 2023-KB5022840 (OS Build 17763.4010)","http://support.microsoft.com/kb/5022840","No LDR Only available","No LDR Only available","No LDR Only available"," ","23-02Rollup"
"Storport.sys","Core_DiskSystem","6.2.17763.3469","0","08-Sep-2022","GDR","5022840","February 14, 2023-KB5022840 (OS Build 17763.4010)","http://support.microsoft.com/kb/5022840","No LDR Only available","No LDR Only available","No LDR Only available"," ","23-02Rollup"
"5005112","Win2016RS5_21_08_SSU_KB"," ","0","08-Jun-2021","GDR","5005112","KB5005112: Servicing stack update for Windows 10, version 1809: August 10, 2021","http://support.microsoft.com/kb/5005112","No LDR Only available","No LDR Only available","No LDR Only available"," ","No Rollup"
"5022840","Win2016RS5_23-02_B_rollup_KB"," ","0","14-Feb-2023","GDR","5022840","February 14, 2023-KB5022840 (OS Build 17763.4010)","http://support.microsoft.com/kb/5022840","No LDR Only available","No LDR Only available","No LDR Only available"," ","23-02Rollup"
