"Binary","Component","Version","Prio","Published","Branch","Article","Title","Link","LDROnlyKB","LDROnlyTitle","LDROnlyLink","Comment","RollupInfo"
"Localspl.dll","Print_Spool","6.3.9600.20772","0","10-Jan-2023","GDR","5022899","February 14, 2023-KB5022899 (Monthly Rollup)","http://support.microsoft.com/kb/5022899","No LDR Only available","No LDR Only available","No LDR Only available","rEX","23-02Rollup"
"Win32spl.dll","Print_Spool","6.3.9600.20513","0","13-Jul-2022","GDR","5022899","February 14, 2023-KB5022899 (Monthly Rollup)","http://support.microsoft.com/kb/5022899","No LDR Only available","No LDR Only available","No LDR Only available"," ","23-02Rollup"
"Spoolss.dll","Print_Spool","6.3.9600.20143","0","01-Oct-2021","GDR","5022899","February 14, 2023-KB5022899 (Monthly Rollup)","http://support.microsoft.com/kb/5022899","No LDR Only available","No LDR Only available","No LDR Only available"," ","23-02Rollup"
"Spoolsv.exe","Print_Spool","6.3.9600.20772","0","10-Jan-2023","GDR","5022899","February 14, 2023-KB5022899 (Monthly Rollup)","http://support.microsoft.com/kb/5022899","No LDR Only available","No LDR Only available","No LDR Only available","rEX","23-02Rollup"
"Winspool.drv","Print_Spool","6.3.9600.20668","0","08-Nov-2022","GDR","5022899","February 14, 2023-KB5022899 (Monthly Rollup)","http://support.microsoft.com/kb/5022899","No LDR Only available","No LDR Only available","No LDR Only available","rEX","23-02Rollup"
"Ntprint.exe","Print_App","6.3.9600.20143","0","01-Oct-2021","GDR","5022899","February 14, 2023-KB5022899 (Monthly Rollup)","http://support.microsoft.com/kb/5022899","No LDR Only available","No LDR Only available","No LDR Only available"," ","23-02Rollup"
"Printui.dll","Print_App","6.3.9600.20117","0","01-Sep-2021","GDR","5022899","February 14, 2023-KB5022899 (Monthly Rollup)","http://support.microsoft.com/kb/5022899","No LDR Only available","No LDR Only available","No LDR Only available"," ","23-02Rollup"
"Printcom.dll","Print_App","6.3.9600.0","0","","RTM","5022899","","","","","","",""
"Printfilterpipelineprxy.dll","Print_App","6.3.9600.19920","0","07-Jan-2021","GDR","5022899","February 14, 2023-KB5022899 (Monthly Rollup)","http://support.microsoft.com/kb/5022899","No LDR Only available","No LDR Only available","No LDR Only available"," ","23-02Rollup"
"Printfilterpipelinesvc.exe","Print_App","6.3.9600.20772","0","10-Jan-2023","GDR","5022899","February 14, 2023-KB5022899 (Monthly Rollup)","http://support.microsoft.com/kb/5022899","No LDR Only available","No LDR Only available","No LDR Only available","rEX","23-02Rollup"
"Printbrm.exe","Print_App","6.3.9600.17415","0","28-Oct-2014","GDR","5022899","February 14, 2023-KB5022899 (Monthly Rollup)","http://support.microsoft.com/kb/5022899","No LDR Only available","No LDR Only available","No LDR Only available"," ","23-02Rollup"
"splwow64.exe","Print_App","6.3.9600.20564","0","13-Dec-2022","GDR","5022899","February 14, 2023-KB5022899 (Monthly Rollup)","http://support.microsoft.com/kb/5022899","No LDR Only available","No LDR Only available","No LDR Only available","rEX","23-02Rollup"
"Mxdwdrv.dll","Print_Driver","0.3.9600.20777","1","10-Jan-2023","GDR","5022899","February 14, 2023-KB5022899 (Monthly Rollup)","http://support.microsoft.com/kb/5022899","No LDR Only available","No LDR Only available","No LDR Only available","rEX","23-02Rollup"
"Pcl4res.dll","Print_Driver","0.3.5479.0","1","13-Sep-2022","GDR","5022899","February 14, 2023-KB5022899 (Monthly Rollup)","http://support.microsoft.com/kb/5022899","No LDR Only available","No LDR Only available","No LDR Only available","rEX","23-02Rollup"
"Pscript5.dll","Print_Driver","0.3.9600.20777","1","10-Jan-2023","GDR","5022899","February 14, 2023-KB5022899 (Monthly Rollup)","http://support.microsoft.com/kb/5022899","No LDR Only available","No LDR Only available","No LDR Only available","rEX","23-02Rollup"
"Unidrv.dll","Print_Driver","0.3.9600.20512","1","13-Sep-2022","GDR","5022899","February 14, 2023-KB5022899 (Monthly Rollup)","http://support.microsoft.com/kb/5022899","No LDR Only available","No LDR Only available","No LDR Only available","rEX","23-02Rollup"
"Unires.dll","Print_Driver","0.3.9600.20512","1","13-Sep-2022","GDR","5022899","February 14, 2023-KB5022899 (Monthly Rollup)","http://support.microsoft.com/kb/5022899","No LDR Only available","No LDR Only available","No LDR Only available","rEX","23-02Rollup"
"xpssvcs.dll","Print_Driver","6.3.9600.18048","1","30.10.2014","GDR","3000850","November 2014 update rollup for Windows RT 8.1, Windows 8.1, and Windows Server 2012 R2","http://support.microsoft.com/kb/3000850","No LDR Only available","No LDR Only available","No LDR Only available","rEX","14-11Rollup"
"5001403","Win2012R2_21_04_SSU_KB","KBOnlyVersion","0","13-Apr-2021","GDR","5001403","KB5001403: Servicing stack update for Windows 8.1, Windows RT 8.1, and Windows Server 2012 R2: April 13, 2021","http://support.microsoft.com/kb/5001403","No LDR Only available","No LDR Only available","No LDR Only available"," ","No Rollup"
"3123245","All_OS_2012R2_important_KB","KBOnlyVersion","0","14-Apr-2016","GDR","3123245 (v4.0)","Update improves port exhaustion identification in Windows Server 2012 R2","http://support.microsoft.com/kb/3123245","No LDR Only available","No LDR Only available","No LDR Only available"," ","No Rollup"
"2919355","Win2012R2_14_04_rollup_KB"," ","0","24.02.2014","GDR","2919355 (v1.14)","Windows RT 8.1, Windows 8.1, and Windows Server 2012 R2 Update: April 2014","http://support.microsoft.com/kb/2919355","No LDR Only available","No LDR Only available","No LDR Only available"," ","14-04Rollup"
"3000850","Win2012R2_14_11_rollup_KB"," ","0","18.11.2014","GDR","3000850 (v2.0)","November 2014 update rollup for Windows RT 8.1, Windows 8.1, and Windows Server 2012 R2","http://support.microsoft.com/kb/3000850","No LDR Only available","No LDR Only available","No LDR Only available"," ","14-11Rollup"
"3013769","Win2012R2_14_12_rollup_KB"," ","0","10.12.2014","GDR","3013769 (v2.0)","December 2014 update rollup for Windows RT 8.1, Windows 8.1, and Windows Server 2012 R2","http://support.microsoft.com/kb/3013769","No LDR Only available","No LDR Only available","No LDR Only available"," ","14-12Rollup"
"3172614","Win2012R2_16_07_rollup_KB"," ","0","19.07.2016","GDR","3172614 (v1.0)","July 2016 update rollup for Windows RT 8.1, Windows 8.1, and Windows Server 2012 R2","http://support.microsoft.com/kb/3172614","No LDR Only available","No LDR Only available","No LDR Only available"," ","16-07Rollup"
"3179574","Win2012R2_16_08_rollup_KB"," ","0","16.08.2016","GDR","3179574 (v1.0)","August 2016 update rollup for Windows RT 8.1, Windows 8.1, and Windows Server 2012 R2","http://support.microsoft.com/kb/3179574","No LDR Only available","No LDR Only available","No LDR Only available"," ","16-08Rollup"
"5022899","Win2012R2_23-02_B_rollup_KB"," ","0","14-Feb-2023","GDR","5022899","February 14, 2023-KB5022899 (Monthly Rollup)","http://support.microsoft.com/kb/5022899","No LDR Only available","No LDR Only available","No LDR Only available"," ","23-02Rollup"
