"Binary","Component","Version","Prio","Published","Branch","Article","Title","Link","LDROnlyKB","LDROnlyTitle","LDROnlyLink","Comment","RollupInfo"
"Ntoskrnl.exe","Core_Kernel","6.1.7601.26174","0","08-Nov-2022","GDR","5022872","February 14, 2023-KB5022872 (Monthly Rollup)","http://support.microsoft.com/kb/5022872","No LDR Only available","No LDR Only available","No LDR Only available","rEX","23-02Rollup"
"Ntkrnlpa.exe","Core_Kernel","6.1.7601.26174","0","08-Nov-2022","GDR","5022872","February 14, 2023-KB5022872 (Monthly Rollup)","http://support.microsoft.com/kb/5022872","No LDR Only available","No LDR Only available","No LDR Only available","rEX","23-02Rollup"
"crashdmp.sys","Core_Kernel","6.1.7601.22277","0","12.03.2013","LDRGDR","2826910 (v1.0)","Secondary dump data is limited to 256 MB in Windows 7 and Windows Server 2008 R2","http://support.microsoft.com/kb/2826910","No LDR Only available","No LDR Only available","No LDR Only available"," ","16-04Rollup"
"Ntdll.dll","Core_Kernel","6.1.7601.26174","0","08-Nov-2022","GDR","5022872","February 14, 2023-KB5022872 (Monthly Rollup)","http://support.microsoft.com/kb/5022872","No LDR Only available","No LDR Only available","No LDR Only available","rEX","23-02Rollup"
"Hal.dll","Core_Kernel","6.1.7601.26174","0","08-Nov-2022","GDR","5022872","February 14, 2023-KB5022872 (Monthly Rollup)","http://support.microsoft.com/kb/5022872","No LDR Only available","No LDR Only available","No LDR Only available","rEX","23-02Rollup"
"Fltmgr.sys","Core_Kernel","6.1.7601.25628","0","12-May-2021","GDR","5022872","February 14, 2023-KB5022872 (Monthly Rollup)","http://support.microsoft.com/kb/5022872","No LDR Only available","No LDR Only available","No LDR Only available"," ","23-02Rollup"
"win32k.sys","Core_Kernel","6.1.7601.26167","0","08-Nov-2022","GDR","5022872","February 14, 2023-KB5022872 (Monthly Rollup)","http://support.microsoft.com/kb/5022872","No LDR Only available","No LDR Only available","No LDR Only available","rEX","23-02Rollup"
"Ntfs.sys","Core_FileSystem","6.1.7601.26174","0","08-Nov-2022","GDR","5022872","February 14, 2023-KB5022872 (Monthly Rollup)","http://support.microsoft.com/kb/5022872","No LDR Only available","No LDR Only available","No LDR Only available","rEX","23-02Rollup"
"dedup.sys","Core_FileSystem","6.1.7601.0","0","","RTM","5022872","","","","","","",""
"msiscsi.sys","Core_DiskSystem","6.1.7601.22647","0","04.04.2014","LDR","2957560 (v1.0)","Computer that is running Windows freezes after stress testing in iSCSI initiator for many hours","http://support.microsoft.com/kb/2957560","2957560 (v1.0)","Computer that is running Windows freezes after stress testing in iSCSI initiator for many hours","http://support.microsoft.com/kb/2957560"," ","16-04Rollup"
"Iscsitgt.dll","Core_DiskSystem","6.1.7601.0","0","","RTM","5022872","","","","","","",""
"Storport.sys","Core_DiskSystem","6.1.7601.25735","0","15-Sep-2021","GDR","5022872","February 14, 2023-KB5022872 (Monthly Rollup)","http://support.microsoft.com/kb/5022872","No LDR Only available","No LDR Only available","No LDR Only available"," ","23-02Rollup"
"Repdrvfs.dll","Core_WMI","6.1.7601.24551","0","12-Mar-2020","GDR","5022872","February 14, 2023-KB5022872 (Monthly Rollup)","http://support.microsoft.com/kb/5022872","No LDR Only available","No LDR Only available","No LDR Only available"," ","23-02Rollup"
"mpio.sys","Core_MPIO","6.1.7601.23103","0","20.06.2015","LDR","3070714 (v3.0)","I/O failure during MPIO path failover in Windows Server 2008 R2 SP1","http://support.microsoft.com/kb/3070714","3070714 (v3.0)","I/O failure during MPIO path failover in Windows Server 2008 R2 SP1","http://support.microsoft.com/kb/3070714"," ","16-04Rollup"
"msdsm.sys","Core_MPIO","6.1.7601.23103","0","20.06.2015","LDR","3070714 (v3.0)","I/O failure during MPIO path failover in Windows Server 2008 R2 SP1","http://support.microsoft.com/kb/3070714","3070714 (v3.0)","I/O failure during MPIO path failover in Windows Server 2008 R2 SP1","http://support.microsoft.com/kb/3070714"," ","16-04Rollup"
"vssapi.dll","Core_VSS","6.1.7601.22828","1","07.10.2014","LDR","2996928 (v2.0)","Backup task fails with a time-out error in Window","http://support.microsoft.com/kb/2996928","2996928 (v2.0)","Backup task fails with a time-out error in Window","http://support.microsoft.com/kb/2996928"," ","16-04Rollup"
"vsstrace.dll","Core_VSS","6.1.7601.22828","1","07.10.2014","LDR","2996928 (v2.0)","Backup task fails with a time-out error in Window","http://support.microsoft.com/kb/2996928","2996928 (v2.0)","Backup task fails with a time-out error in Window","http://support.microsoft.com/kb/2996928"," ","16-04Rollup"
"vsssvc.exe","Core_VSS","6.1.7601.0","1","","RTM","5022872","","","","","","",""
"swprv.dll","Core_VSS","6.1.7601.22179","1","05.12.2012","LDR","2767652 (v1.0)","Shadow copy storage area is created on the wrong disk when you create a volume snapshot of a CSV by using VSS in Windows Server 2008 R2","http://support.microsoft.com/kb/2767652","2767652 (v1.0)","Shadow copy storage area is created on the wrong disk when you create a volume snapshot of a CSV by using VSS in Windows Server 2008 R2","http://support.microsoft.com/kb/2767652"," ","16-04Rollup"
"spp.dll","Core_VSS","6.1.7601.21637","1","10.01.2011","LDR","2457458 (v1.0)","Windows backup fails when you back up data from the root folder of a mount point","http://support.microsoft.com/kb/2457458","2457458 (v1.0)","Windows backup fails when you back up data from the root folder of a mount point","http://support.microsoft.com/kb/2457458"," ","16-04Rollup"
"wbengine.exe","Core_VSS","6.1.7601.24576","1","11-Mar-2021","GDR","5022872","February 14, 2023-KB5022872 (Monthly Rollup)","http://support.microsoft.com/kb/5022872","No LDR Only available","No LDR Only available","No LDR Only available"," ","23-02Rollup"
"blbsrv.dll","Core_VSS","6.1.7601.21667","1","25.02.2011","LDR","2512352 (v1.0)","Windows Server Backup utility does not back up some newly created files in Windows 7 or in Windows Server 2008 R2","http://support.microsoft.com/kb/2512352","2512352 (v1.0)","Windows Server Backup utility does not back up some newly created files in Windows 7 or in Windows Server 2008 R2","http://support.microsoft.com/kb/2512352"," ","16-04Rollup"
"pci.sys","Core_Sys","6.1.7601.25824","1","20-Dec-2021","GDR","5022872","February 14, 2023-KB5022872 (Monthly Rollup)","http://support.microsoft.com/kb/5022872","No LDR Only available","No LDR Only available","No LDR Only available"," ","23-02Rollup"
"Termdd.sys","Core_Sys","6.1.7601.25824","1","20-Dec-2021","GDR","5022872","February 14, 2023-KB5022872 (Monthly Rollup)","http://support.microsoft.com/kb/5022872","No LDR Only available","No LDR Only available","No LDR Only available"," ","23-02Rollup"
"Volmgr.sys","Core_Sys","6.1.7601.25824","1","20-Dec-2021","GDR","5022872","February 14, 2023-KB5022872 (Monthly Rollup)","http://support.microsoft.com/kb/5022872","No LDR Only available","No LDR Only available","No LDR Only available"," ","23-02Rollup"
"Advapi32.dll","Core_Apps","6.1.7601.26174","0","08-Nov-2022","GDR","5022872","February 14, 2023-KB5022872 (Monthly Rollup)","http://support.microsoft.com/kb/5022872","No LDR Only available","No LDR Only available","No LDR Only available","rEX","23-02Rollup"
"Tzres.dll","Core_TimeZone","6.1.7601.26264","1","14-Nov-2022","GDR","5022872","February 14, 2023-KB5022872 (Monthly Rollup)","http://support.microsoft.com/kb/5022872","No LDR Only available","No LDR Only available","No LDR Only available"," ","23-02Rollup"
"clussvc.exe","Cluster_Core","6.1.7601.22882","0","19.11.2014","LDR","2972254 (v1.0)","Hyper-V virtual machines cannot be connected to sometimes when TCP connections reconnect in Windows Server 2012 R2","http://support.microsoft.com/kb/2972254","2972254 (v1.0)","Hyper-V virtual machines cannot be connected to sometimes when TCP connections reconnect in Windows Server 2012 R2","http://support.microsoft.com/kb/2972254"," ","16-04Rollup"
"cluswmi.dll","Cluster_Core","6.1.7601.22882","0","19.11.2014","LDR","2972254 (v1.0)","Hyper-V virtual machines cannot be connected to sometimes when TCP connections reconnect in Windows Server 2012 R2","http://support.microsoft.com/kb/2972254","2972254 (v1.0)","Hyper-V virtual machines cannot be connected to sometimes when TCP connections reconnect in Windows Server 2012 R2","http://support.microsoft.com/kb/2972254"," ","16-04Rollup"
"rhs.exe","Cluster_Core","6.1.7601.22500","0","03.11.2013","LDR","2907244 (v1.0)","Spurious RHS deadlocks occur when the system time is adjusted forward in Windows Server 2008 R2 SP1","http://support.microsoft.com/kb/2907244","2907244 (v1.0)","Spurious RHS deadlocks occur when the system time is adjusted forward in Windows Server 2008 R2 SP1","http://support.microsoft.com/kb/2907244"," ","16-04Rollup"
"clusres.dll","Cluster_Core","6.1.7601.23120","0","10.07.2015","LDR","3078412 (v1.0)","Rhs.exe process crashes during offline of IP address resource in Windows Server 2008 R2 SP1","http://support.microsoft.com/kb/3078412","3078412 (v1.0)","Rhs.exe process crashes during offline of IP address resource in Windows Server 2008 R2 SP1","http://support.microsoft.com/kb/3078412"," ","16-04Rollup"
"Clusres2.dll","Cluster_Core","6.1.7601.0","0","","RTM","5022872","","","","","","",""
"Netft.sys","Cluster_Core","6.1.7601.23887","0","09-Aug-2017","GDR","5022872","February 14, 2023-KB5022872 (Monthly Rollup)","http://support.microsoft.com/kb/5022872","No LDR Only available","No LDR Only available","No LDR Only available"," ","23-02Rollup"
"clusauthmgr.dll","Cluster_Core","6.1.7601.22400","0","24.07.2013","LDR","2871803 (v1.0)","""0x0000007E"" Stop error when you log off from a Windows Server 2008 R2 SP1-based failover cluster","http://support.microsoft.com/kb/2871803","2871803 (v1.0)","""0x0000007E"" Stop error when you log off from a Windows Server 2008 R2 SP1-based failover cluster","http://support.microsoft.com/kb/2871803"," ","16-04Rollup"
"Witness.dll","Cluster_Core","6.1.7601.0","0","","RTM","5022872","","","","","","",""
"Csvflt.sys","Cluster_CSV","6.1.7601.0","0","","RTM","5022872","","","","","","",""
"Csvfs.sys","Cluster_CSV","6.1.7601.0","0","","RTM","5022872","","","","","","",""
"csvfilter.sys","Cluster_CSV","6.1.7601.22400","0","24.07.2013","LDR","2871803 (v1.0)","""0x0000007E"" Stop error when you log off from a Windows Server 2008 R2 SP1-based failover cluster","http://support.microsoft.com/kb/2871803","2871803 (v1.0)","""0x0000007E"" Stop error when you log off from a Windows Server 2008 R2 SP1-based failover cluster","http://support.microsoft.com/kb/2871803"," ","16-04Rollup"
"vhdmp.sys","Cluster_CSV","6.1.7601.21891","0","05.01.2012","LDRGDR","2662288 (v1.0)","A differencing VHD file that is created by using Microsoft iSCSI Software Target 3.3 becomes corrupted when you mount or attach it in Windows Server 2008 R2 or in Windows 7","http://support.microsoft.com/kb/2662288","2614122 (v1.0)","Windows Server 2008 R2-based computer may stop responding when dynamic VHDs that are created on the computer experience high I/O activity","http://support.microsoft.com/kb/2614122"," ","16-04Rollup"
"Svhdxflt.sys","Cluster_CSV","6.1.7601.0","0","","RTM","5022872","","","","","","",""
"clusdisk.sys","Cluster_Disk","6.1.7601.22173","0","24.11.2012","LDR","2786667 (v1.0)","Validate simultaneous failover test fails when you run cluster validation tests on a multi-node failover cluster that is running Windows Server 2008 R2 SP1","http://support.microsoft.com/kb/2786667","2786667 (v1.0)","Validate simultaneous failover test fails when you run cluster validation tests on a multi-node failover cluster that is running Windows Server 2008 R2 SP1","http://support.microsoft.com/kb/2786667"," ","16-04Rollup"
"volsnap.sys","Cluster_Volsnap","6.1.7601.23033","0","11.04.2015","LDR","3056066 (v1.0)","Backups fail for VMs with pre-existing software snapshots that use shadow storage set to a different drive in Windows 7 and Windows Server 2008 R2","http://support.microsoft.com/kb/3056066","3056066 (v1.0)","Backups fail for VMs with pre-existing software snapshots that use shadow storage set to a different drive in Windows 7 and Windows Server 2008 R2","http://support.microsoft.com/kb/3056066"," ","16-04Rollup"
"cprepsrv.exe","Cluster_Validation","6.1.7601.22212","1","08.01.2013","LDR","2795696 (v1.0)","The Validate Multiple Arbitration test fails when you run the Failover Cluster Validation Wizard in Windows Server 2008 R2","http://support.microsoft.com/kb/2795696","2795696 (v1.0)","The Validate Multiple Arbitration test fails when you run the Failover Cluster Validation Wizard in Windows Server 2008 R2","http://support.microsoft.com/kb/2795696"," ","16-04Rollup"
"Failoverclusters.agent.interop.dll","Cluster_Validation","6.1.7601.23403","1","25-Mar-2016","LDR","3125574","Convenience roll-up update for Windows 7 SP1 and Windows Server 2008 R2 SP1","http://support.microsoft.com/kb/3125574","No LDR Only available","No LDR Only available","No LDR Only available"," ","16-04Rollup"
"Microsoft.failoverclusters.framework.dll","Cluster_Validation","6.1.7601.0","1","","RTM","5022872","","","","","","",""
"Vmswitch.sys","Hyper-V_Net","6.1.7601.26153","1","12-Aug-2022","GDR","5022872","February 14, 2023-KB5022872 (Monthly Rollup)","http://support.microsoft.com/kb/5022872","No LDR Only available","No LDR Only available","No LDR Only available"," ","23-02Rollup"
"Mslbfoprovider.sys","Hyper-V_Net","6.1.7601.0","1","","RTM","5022872","","","","","","",""
"Wnv.sys","Hyper-V_Net","6.1.7601.0","1","","RTM","5022872","","","","","","",""
"Vmsntfy.dll","Hyper-V_Net","6.1.7601.26153","1","08-Nov-2022","GDR","5022872","February 14, 2023-KB5022872 (Monthly Rollup)","http://support.microsoft.com/kb/5022872","No LDR Only available","No LDR Only available","No LDR Only available","rEX","23-02Rollup"
"Ndisimplatform.sys","Hyper-V_Net","6.1.7601.0","1","","RTM","5022872","","","","","","",""
"Vmms.exe","Hyper-V_Net","6.1.7601.26261","1","07-Nov-2022","GDR","5022872","February 14, 2023-KB5022872 (Monthly Rollup)","http://support.microsoft.com/kb/5022872","No LDR Only available","No LDR Only available","No LDR Only available"," ","23-02Rollup"
"Winnat.sys","Hyper-V_Net","6.1.7601.0","1","","RTM","5022872","","","","","","",""
"pvhdparser.sys","Hyper-V_Net","6.1.7601.0","1","","RTM","5022872","","","","","","",""
"Wmisvc.dll","Hyper-V_Net","6.1.7601.24559","1","17-Jul-2020","GDR","5022872","February 14, 2023-KB5022872 (Monthly Rollup)","http://support.microsoft.com/kb/5022872","No LDR Only available","No LDR Only available","No LDR Only available"," ","23-02Rollup"
"Vmbus.sys","Hyper-V_Net","6.1.7601.0","1","","RTM","5022872","","","","","","",""
"Rasapi32.dll","HNV_Net","6.1.7601.24566","1","10-Feb-2021","GDR","5022872","February 14, 2023-KB5022872 (Monthly Rollup)","http://support.microsoft.com/kb/5022872","No LDR Only available","No LDR Only available","No LDR Only available"," ","23-02Rollup"
"Mprapi.dll","HNV_Net","6.1.7601.0","1","","RTM","5022872","","","","","","",""
"Vmwp.exe","Hyper-V_app","6.1.7601.26017","1","15-Jun-2022","GDR","5022872","February 14, 2023-KB5022872 (Monthly Rollup)","http://support.microsoft.com/kb/5022872","No LDR Only available","No LDR Only available","No LDR Only available"," ","23-02Rollup"
"Tcpip.sys","Net_Protocol","6.1.7601.26167","0","08-Nov-2022","GDR","5022872","February 14, 2023-KB5022872 (Monthly Rollup)","http://support.microsoft.com/kb/5022872","No LDR Only available","No LDR Only available","No LDR Only available","rEX","23-02Rollup"
"Afd.sys","Net_Protocol","6.1.7601.25976","0","11-May-2022","GDR","5022872","February 14, 2023-KB5022872 (Monthly Rollup)","http://support.microsoft.com/kb/5022872","No LDR Only available","No LDR Only available","No LDR Only available"," ","23-02Rollup"
"Netio.sys","Net_Protocol","6.1.7601.26167","0","08-Nov-2022","GDR","5022872","February 14, 2023-KB5022872 (Monthly Rollup)","http://support.microsoft.com/kb/5022872","No LDR Only available","No LDR Only available","No LDR Only available","rEX","23-02Rollup"
"Ndis.sys","Net_Protocol","6.1.7601.24562","0","13-Oct-2020","GDR","5022872","February 14, 2023-KB5022872 (Monthly Rollup)","http://support.microsoft.com/kb/5022872","No LDR Only available","No LDR Only available","No LDR Only available"," ","23-02Rollup"
"netiohlp.dll","Net_Protocol","6.1.7601.22477","0","11.10.2013","LDR","2896146 (v1.0)","Packet loss occurs when MTU is below 576 and PMTU discovery is enabled on your Windows 7 SP1 or Windows Server 2008 R2 SP1","http://support.microsoft.com/kb/2896146","2896146 (v1.0)","Packet loss occurs when MTU is below 576 and PMTU discovery is enabled on your Windows 7 SP1 or Windows Server 2008 R2 SP1","http://support.microsoft.com/kb/2896146"," ","16-04Rollup"
"Tdx.sys","Net_Protocol","6.1.7601.25976","0","11-May-2022","GDR","5022872","February 14, 2023-KB5022872 (Monthly Rollup)","http://support.microsoft.com/kb/5022872","No LDR Only available","No LDR Only available","No LDR Only available"," ","23-02Rollup"
"Iphlpapi.dll","Net_Protocol","6.1.7601.0","0","","RTM","5022872","","","","","","",""
"srv.sys","Net_SMB_Server","6.1.7601.26174","0","08-Nov-2022","GDR","5022872","February 14, 2023-KB5022872 (Monthly Rollup)","http://support.microsoft.com/kb/5022872","No LDR Only available","No LDR Only available","No LDR Only available","rEX","23-02Rollup"
"srv2.sys","Net_SMB_Server","6.1.7601.26174","0","08-Nov-2022","GDR","5022872","February 14, 2023-KB5022872 (Monthly Rollup)","http://support.microsoft.com/kb/5022872","No LDR Only available","No LDR Only available","No LDR Only available","rEX","23-02Rollup"
"srvnet.sys","Net_SMB_Server","6.1.7601.26174","0","08-Nov-2022","GDR","5022872","February 14, 2023-KB5022872 (Monthly Rollup)","http://support.microsoft.com/kb/5022872","No LDR Only available","No LDR Only available","No LDR Only available","rEX","23-02Rollup"
"Srvsvc.dll","Net_SMB_Server","6.1.7601.26174","0","08-Nov-2022","GDR","5022872","February 14, 2023-KB5022872 (Monthly Rollup)","http://support.microsoft.com/kb/5022872","No LDR Only available","No LDR Only available","No LDR Only available","rEX","23-02Rollup"
"Mrxsmb.sys","Net_SMB_Client","6.1.7601.26174","0","08-Nov-2022","GDR","5022872","February 14, 2023-KB5022872 (Monthly Rollup)","http://support.microsoft.com/kb/5022872","No LDR Only available","No LDR Only available","No LDR Only available","rEX","23-02Rollup"
"Mrxsmb10.sys","Net_SMB_Client","6.1.7601.26174","0","08-Nov-2022","GDR","5022872","February 14, 2023-KB5022872 (Monthly Rollup)","http://support.microsoft.com/kb/5022872","No LDR Only available","No LDR Only available","No LDR Only available","rEX","23-02Rollup"
"Mrxsmb20.sys","Net_SMB_Client","6.1.7601.26174","0","08-Nov-2022","GDR","5022872","February 14, 2023-KB5022872 (Monthly Rollup)","http://support.microsoft.com/kb/5022872","No LDR Only available","No LDR Only available","No LDR Only available","rEX","23-02Rollup"
"Rdbss.sys","Net_SMB_Client","6.1.7601.25702","0","09-Aug-2021","GDR","5022872","February 14, 2023-KB5022872 (Monthly Rollup)","http://support.microsoft.com/kb/5022872","No LDR Only available","No LDR Only available","No LDR Only available"," ","23-02Rollup"
"Netbt.sys","Net_SMB_Client","6.1.7601.24561","0","01-Oct-2020","GDR","5022872","February 14, 2023-KB5022872 (Monthly Rollup)","http://support.microsoft.com/kb/5022872","No LDR Only available","No LDR Only available","No LDR Only available"," ","23-02Rollup"
"mup.sys","Net_SMB_Client","6.1.7601.23121","0","11.07.2015","LDR","3075623 (v1.0)","Configuring registry policy processing causes MUP to ignore Group Policy setting in Windows","http://support.microsoft.com/kb/3075623","3075623 (v1.0)","Configuring registry policy processing causes MUP to ignore Group Policy setting in Windows","http://support.microsoft.com/kb/3075623"," ","16-04Rollup"
"wkssvc.dll","Net_SMB_Client","6.1.7601.26167","0","08-Nov-2022","GDR","5022872","February 14, 2023-KB5022872 (Monthly Rollup)","http://support.microsoft.com/kb/5022872","No LDR Only available","No LDR Only available","No LDR Only available","rEX","23-02Rollup"
"Mpr.dll","Net_SMB_Client","6.1.7601.0","0","","RTM","5022872","","","","","","",""
"NtLanman.dll","Net_SMB_Client","6.1.7601.0","0","","RTM","5022872","","","","","","",""
"3125574","Win2008R2_16_04B_rollup_KB"," ","0","07-May-2016","LDR","3125574","Convenience roll-up update for Windows 7 SP1 and Windows Server 2008 R2 SP1","http://support.microsoft.com/kb/3125574","No LDR Only available","No LDR Only available","No LDR Only available"," ","No Rollup"
"4490628","Win2008R2_19_03_SSU_KB"," ","0","12-Mar-2020","LDR","4490628","Servicing stack update for Windows 7 SP1 and Windows Server 2008 R2 SP1: March 12, 2019","http://support.microsoft.com/kb/4490628","No LDR Only available","No LDR Only available","No LDR Only available"," ","No Rollup"
"4474419","Win2008R2_19_09_SHA_KB"," ","0","23-Sep-2019","LDR","4474419","SHA-2 code signing support update for Windows Server 2008 R2, Windows 7, and Windows Server 2008: September 23, 2019","http://support.microsoft.com/kb/4474419","No LDR Only available","No LDR Only available","No LDR Only available"," ","No Rollup"
"4534310","Win2008R2_20-01_B_last-non-ESU"," ","0","14-Jan-2020","GDR","4534310 (v1.0)","January 14, 2020-KB4534310 (Monthly Rollup)","http://support.microsoft.com/kb/4534310","No LDR Only available","No LDR Only available","No LDR Only available"," ","20-01Rollup"
"4592510","Win2008R2_20_12_SSU_KB"," ","0","08-Dec-2020","LDR","4592510","Servicing stack update for Windows 7 SP1 and Server 2008 R2 SP1: December 8, 2020","http://support.microsoft.com/kb/4592510","No LDR Only available","No LDR Only available","No LDR Only available"," ","No Rollup"
"4538483","Win2008R2_20_02_ESU_KB"," ","0","11-Feb-2020","LDR","4538483","Extended Security Updates (ESU) Licensing Preparation Package for Windows 7 SP1 and Windows Server 2008 R2 SP1","http://support.microsoft.com/kb/4538483","No LDR Only available","No LDR Only available","No LDR Only available"," ","No Rollup"
"4575903","Win2008R2_21_02_ESU_KB"," ","0","09-Feb-2021","LDR","4575903","Update for the Extended Security Updates (ESU) Licensing Preparation Package for Windows 7 SP1 and Windows Server 2008 R2 SP1","http://support.microsoft.com/kb/4575903","No LDR Only available","No LDR Only available","No LDR Only available"," ","No Rollup"
"5010451","Win2008R2_22_02_SSU_KB"," ","0","08-Feb-2022","LDR","5010451","KB5010451: Servicing stack update for Windows 7 SP1 and Server 2008 R2 SP1: February 8, 2022","http://support.microsoft.com/kb/5010451","No LDR Only available","No LDR Only available","No LDR Only available"," ","No Rollup"
"5022872","Win2008R2_23-02_B_rollup_KB"," ","0","14-Feb-2023","GDR","5022872","February 14, 2023-KB5022872 (Monthly Rollup)","http://support.microsoft.com/kb/5022872","No LDR Only available","No LDR Only available","No LDR Only available"," ","23-02Rollup"
